[INFO] Starting lightweight RTAB-Map launch
[INFO] GUI: rtabmap_viz only
[INFO] RViz is disabled to reduce load
[INFO] Image QoS is set to Best Effort
[INFO] Rtabmap/DetectionRate=2 Hz
[INFO] Odometry profile=relaxed
[INFO] Make sure D435i RGB-D launch is already running
[INFO] Approximate sync is enabled to reduce RGB/Depth timestamp mismatch drops
[INFO] Larger queues are enabled for more robust RGB-D synchronization
[INFO] odom_args=--Vis/CorType 0 --Vis/MinInliers 10 --Vis/MaxFeatures 1500
[INFO] IMU enabled: false
[INFO] [launch]: All log files can be found below /home/jetson/.ros/log/2026-04-18-01-19-05-831220-ubuntu-50164
[INFO] [launch]: Default logging verbosity is set to INFO
[INFO] [rgbd_odometry-1]: process started with pid [50173]
[INFO] [rtabmap-2]: process started with pid [50175]
[INFO] [rtabmap_viz-3]: process started with pid [50177]
[rtabmap-2] [0m[INFO] [1776442746.688348165] [rtabmap.rtabmap]: rtabmap(maps): latch                      = true[0m
[rtabmap-2] [0m[INFO] [1776442746.688839571] [rtabmap.rtabmap]: rtabmap(maps): map_filter_radius          = 0.000000[0m
[rtabmap-2] [0m[INFO] [1776442746.688884469] [rtabmap.rtabmap]: rtabmap(maps): map_filter_angle           = 30.000000[0m
[rtabmap-2] [0m[INFO] [1776442746.688917430] [rtabmap.rtabmap]: rtabmap(maps): map_cleanup                = true[0m
[rtabmap-2] [0m[INFO] [1776442746.688939286] [rtabmap.rtabmap]: rtabmap(maps): map_always_update          = false[0m
[rtabmap-2] [0m[INFO] [1776442746.688961367] [rtabmap.rtabmap]: rtabmap(maps): map_empty_ray_tracing      = true[0m
[rtabmap-2] [0m[INFO] [1776442746.688983320] [rtabmap.rtabmap]: rtabmap(maps): cloud_output_voxelized     = true[0m
[rtabmap-2] [0m[INFO] [1776442746.689005304] [rtabmap.rtabmap]: rtabmap(maps): cloud_subtract_filtering   = false[0m
[rtabmap-2] [0m[INFO] [1776442746.689026873] [rtabmap.rtabmap]: rtabmap(maps): cloud_subtract_filtering_min_neighbors = 2[0m
[rtabmap-2] [0m[INFO] [1776442746.689103163] [rtabmap.rtabmap]: rtabmap(maps): octomap_tree_depth         = 16[0m
[rgbd_odometry-1] [0m[INFO] [1776442746.695006662] [rtabmap.rgbd_odometry]: Odometry: frame_id               = camera_link[0m
[rgbd_odometry-1] [0m[INFO] [1776442746.695447346] [rtabmap.rgbd_odometry]: Odometry: odom_frame_id          = odom[0m
[rgbd_odometry-1] [0m[INFO] [1776442746.695487955] [rtabmap.rgbd_odometry]: Odometry: publish_tf             = true[0m
[rgbd_odometry-1] [0m[INFO] [1776442746.695508340] [rtabmap.rgbd_odometry]: Odometry: wait_for_transform     = 0.200000[0m
[rgbd_odometry-1] [0m[INFO] [1776442746.695534549] [rtabmap.rgbd_odometry]: Odometry: log_to_rosout_level    = 4[0m
[rgbd_odometry-1] [0m[INFO] [1776442746.695613751] [rtabmap.rgbd_odometry]: Odometry: initial_pose           = xyz=0.000000,0.000000,0.000000 rpy=0.000000,-0.000000,0.000000[0m
[rgbd_odometry-1] [0m[INFO] [1776442746.695643160] [rtabmap.rgbd_odometry]: Odometry: ground_truth_frame_id  = [0m
[rgbd_odometry-1] [0m[INFO] [1776442746.695663673] [rtabmap.rgbd_odometry]: Odometry: ground_truth_base_frame_id = [0m
[rgbd_odometry-1] [0m[INFO] [1776442746.695680377] [rtabmap.rgbd_odometry]: Odometry: config_path            = [0m
[rgbd_odometry-1] [0m[INFO] [1776442746.695695705] [rtabmap.rgbd_odometry]: Odometry: publish_null_when_lost = true[0m
[rgbd_odometry-1] [0m[INFO] [1776442746.695710618] [rtabmap.rgbd_odometry]: Odometry: publish_compressed_sensor_data = false[0m
[rgbd_odometry-1] [0m[INFO] [1776442746.695725626] [rtabmap.rgbd_odometry]: Odometry: guess_frame_id         = [0m
[rgbd_odometry-1] [0m[INFO] [1776442746.695740475] [rtabmap.rgbd_odometry]: Odometry: guess_min_translation  = 0.000000[0m
[rgbd_odometry-1] [0m[INFO] [1776442746.695757819] [rtabmap.rgbd_odometry]: Odometry: guess_min_rotation     = 0.000000[0m
[rgbd_odometry-1] [0m[INFO] [1776442746.695773788] [rtabmap.rgbd_odometry]: Odometry: guess_min_time         = 0.000000[0m
[rgbd_odometry-1] [0m[INFO] [1776442746.695789756] [rtabmap.rgbd_odometry]: Odometry: expected_update_rate   = 0.000000 Hz[0m
[rgbd_odometry-1] [0m[INFO] [1776442746.695805469] [rtabmap.rgbd_odometry]: Odometry: max_update_rate        = 0.000000 Hz[0m
[rgbd_odometry-1] [0m[INFO] [1776442746.695821949] [rtabmap.rgbd_odometry]: Odometry: min_update_rate        = 0.000000 Hz[0m
[rgbd_odometry-1] [0m[INFO] [1776442746.695838014] [rtabmap.rgbd_odometry]: Odometry: wait_imu_to_init       = false[0m
[rgbd_odometry-1] [0m[INFO] [1776442746.695853470] [rtabmap.rgbd_odometry]: Odometry: always_check_imu_tf    = true[0m
[rgbd_odometry-1] [0m[INFO] [1776442746.695868510] [rtabmap.rgbd_odometry]: Odometry: sensor_data_compression_format = .jpg[0m
[rgbd_odometry-1] [0m[INFO] [1776442746.695883615] [rtabmap.rgbd_odometry]: Odometry: sensor_data_parallel_compression = true[0m
[rgbd_odometry-1] [0m[INFO] [1776442746.695913760] [rtabmap.rgbd_odometry]: Odometry: stereoParams_=0 visParams_=1 icpParams_=0[0m
[rgbd_odometry-1] [0m[INFO] [1776442746.709986582] [rtabmap.rgbd_odometry]: Odometry: Ignored parameter "Rtabmap/DetectionRate"="2" from arguments[0m
[rgbd_odometry-1] [0m[INFO] [1776442746.710097049] [rtabmap.rgbd_odometry]: Odometry: Update parameter "Vis/CorType"="0" from arguments[0m
[rgbd_odometry-1] [0m[INFO] [1776442746.710133178] [rtabmap.rgbd_odometry]: Odometry: Update parameter "Vis/MaxFeatures"="1500" from arguments[0m
[rgbd_odometry-1] [0m[INFO] [1776442746.710157499] [rtabmap.rgbd_odometry]: Odometry: Update parameter "Vis/MinInliers"="10" from arguments[0m
[rtabmap-2] [0m[INFO] [1776442746.720665547] [rtabmap.rtabmap]: rtabmap: frame_id      = camera_link[0m
[rtabmap-2] [0m[INFO] [1776442746.720766062] [rtabmap.rtabmap]: rtabmap: map_frame_id  = map[0m
[rtabmap-2] [0m[INFO] [1776442746.720791342] [rtabmap.rtabmap]: rtabmap: log_to_rosout_level  = 4[0m
[rtabmap-2] [0m[INFO] [1776442746.720811343] [rtabmap.rtabmap]: rtabmap: initial_pose  = [0m
[rtabmap-2] [0m[INFO] [1776442746.720830383] [rtabmap.rtabmap]: rtabmap: use_action_for_goal  = false[0m
[rtabmap-2] [0m[INFO] [1776442746.720850256] [rtabmap.rtabmap]: rtabmap: tf_delay      = 0.050000[0m
[rtabmap-2] [0m[INFO] [1776442746.720883441] [rtabmap.rtabmap]: rtabmap: tf_tolerance  = 0.100000[0m
[rtabmap-2] [0m[INFO] [1776442746.720905106] [rtabmap.rtabmap]: rtabmap: odom_sensor_sync   = false[0m
[rtabmap-2] [0m[INFO] [1776442746.720922834] [rtabmap.rtabmap]: rtabmap: pub_loc_pose_only_when_localizing = false[0m
[rtabmap-2] [0m[INFO] [1776442746.720940243] [rtabmap.rtabmap]: rtabmap: wait_for_transform = 0.200000[0m
[rtabmap-2] [0m[INFO] [1776442746.720956723] [rtabmap.rtabmap]: rtabmap: gen_scan  = false[0m
[rtabmap-2] [0m[INFO] [1776442746.720973812] [rtabmap.rtabmap]: rtabmap: gen_depth  = false[0m
[rgbd_odometry-1] [0m[INFO] [1776442746.721508483] [rtabmap.rgbd_odometry]: RGBDOdometry: approx_sync    = true[0m
[rgbd_odometry-1] [0m[INFO] [1776442746.721590085] [rtabmap.rgbd_odometry]: RGBDOdometry: approx_sync_max_interval = 0.050000[0m
[rgbd_odometry-1] [0m[INFO] [1776442746.721621478] [rtabmap.rgbd_odometry]: RGBDOdometry: topic_queue_size = 30[0m
[rgbd_odometry-1] [0m[INFO] [1776442746.721640839] [rtabmap.rgbd_odometry]: RGBDOdometry: sync_queue_size  = 30[0m
[rgbd_odometry-1] [0m[INFO] [1776442746.721657383] [rtabmap.rgbd_odometry]: RGBDOdometry: qos             = 2[0m
[rgbd_odometry-1] [0m[INFO] [1776442746.721670344] [rtabmap.rgbd_odometry]: RGBDOdometry: qos_camera_info = 2[0m
[rgbd_odometry-1] [0m[INFO] [1776442746.721685288] [rtabmap.rgbd_odometry]: RGBDOdometry: subscribe_rgbd = false[0m
[rgbd_odometry-1] [0m[INFO] [1776442746.721700681] [rtabmap.rgbd_odometry]: RGBDOdometry: rgbd_cameras   = 1[0m
[rgbd_odometry-1] [0m[INFO] [1776442746.721716041] [rtabmap.rgbd_odometry]: RGBDOdometry: keep_color     = false[0m
[rgbd_odometry-1] [0m[INFO] [1776442746.721731529] [rtabmap.rgbd_odometry]: RGBDOdometry: rgb_transport   = raw[0m
[rgbd_odometry-1] [0m[INFO] [1776442746.721743754] [rtabmap.rgbd_odometry]: RGBDOdometry: depth_transport = raw[0m
[rgbd_odometry-1] [0m[INFO] [1776442746.732341948] [rtabmap.rgbd_odometry]: 
[rgbd_odometry-1] rgbd_odometry subscribed to (approx sync, max interval=0.050000s, topic_queue_size=30, sync_queue_size=30):
[rgbd_odometry-1]    /camera/camera/color/image_raw,
[rgbd_odometry-1]    /camera/camera/aligned_depth_to_color/image_raw,
[rgbd_odometry-1]    /camera/camera/color/camera_info[0m
[rtabmap-2] [0m[INFO] [1776442746.786589275] [rtabmap.rtabmap]: Setting RTAB-Map parameter "Mem/IncrementalMemory"="true" (rosparam)[0m
[rtabmap-2] [0m[INFO] [1776442746.786852770] [rtabmap.rtabmap]: Setting RTAB-Map parameter "Mem/InitWMWithAllNodes"="false" (rosparam)[0m
[rtabmap-2] [0m[INFO] [1776442746.825324281] [rtabmap.rtabmap]: Update RTAB-Map parameter "Rtabmap/DetectionRate"="2" from arguments[0m
[rtabmap-2] [0m[INFO] [1776442746.825766086] [rtabmap.rtabmap]: RTAB-Map detection rate = 2.000000 Hz[0m
[rgbd_odometry-1] [0m[INFO] [1776442746.839406800] [rtabmap.rgbd_odometry]: Odom: quality=0, std dev=99.995000m|99.995000rad, update time=0.017810s delay=0.162124s[0m
[rtabmap-2] [0m[INFO] [1776442746.851397162] [rtabmap.rtabmap]: rtabmap: Deleted database "/home/jetson/.ros/rtabmap.db" (--delete_db_on_start or -d are set).[0m
[rtabmap-2] [0m[INFO] [1776442746.851602480] [rtabmap.rtabmap]: rtabmap: Using database from "/home/jetson/.ros/rtabmap.db" (0 MB).[0m
[rgbd_odometry-1] [0m[INFO] [1776442746.945057787] [rtabmap.rgbd_odometry]: Odom: quality=263, std dev=0.000100m|0.000173rad, update time=0.059277s delay=0.134388s[0m
[rgbd_odometry-1] [0m[INFO] [1776442746.982016263] [rtabmap.rgbd_odometry]: Odom: quality=255, std dev=0.000319m|0.020556rad, update time=0.033170s delay=0.104648s[0m
[rtabmap-2] [0m[INFO] [1776442747.007962964] [rtabmap.rtabmap]: rtabmap: Database version = "0.22.1".[0m
[rtabmap-2] [0m[INFO] [1776442747.008141913] [rtabmap.rtabmap]: rtabmap: SLAM mode (Mem/IncrementalMemory=true)[0m
[rtabmap-2] [0m[INFO] [1776442747.040245785] [rtabmap.rtabmap]: Setup callbacks[0m
[rtabmap-2] [0m[INFO] [1776442747.040580994] [rtabmap.rtabmap]: rtabmap: subscribe_depth = true[0m
[rtabmap-2] [0m[INFO] [1776442747.040645092] [rtabmap.rtabmap]: rtabmap: subscribe_rgb = true[0m
[rtabmap-2] [0m[INFO] [1776442747.040671621] [rtabmap.rtabmap]: rtabmap: subscribe_stereo = false[0m
[rtabmap-2] [0m[INFO] [1776442747.040696326] [rtabmap.rtabmap]: rtabmap: subscribe_rgbd = false (rgbd_cameras=1)[0m
[rtabmap-2] [0m[INFO] [1776442747.040721766] [rtabmap.rtabmap]: rtabmap: subscribe_sensor_data = false[0m
[rtabmap-2] [0m[INFO] [1776442747.040744839] [rtabmap.rtabmap]: rtabmap: subscribe_odom_info = true[0m
[rtabmap-2] [0m[INFO] [1776442747.040767368] [rtabmap.rtabmap]: rtabmap: subscribe_user_data = false[0m
[rtabmap-2] [0m[INFO] [1776442747.040789320] [rtabmap.rtabmap]: rtabmap: subscribe_scan = false[0m
[rtabmap-2] [0m[INFO] [1776442747.040811881] [rtabmap.rtabmap]: rtabmap: subscribe_scan_cloud = false[0m
[rtabmap-2] [0m[INFO] [1776442747.040834794] [rtabmap.rtabmap]: rtabmap: subscribe_scan_descriptor = false[0m
[rtabmap-2] [0m[INFO] [1776442747.040856298] [rtabmap.rtabmap]: rtabmap: topic_queue_size = 30[0m
[rtabmap-2] [0m[INFO] [1776442747.040877579] [rtabmap.rtabmap]: rtabmap: sync_queue_size  = 30[0m
[rtabmap-2] [0m[INFO] [1776442747.040898700] [rtabmap.rtabmap]: rtabmap: qos_image       = 2[0m
[rtabmap-2] [0m[INFO] [1776442747.040921228] [rtabmap.rtabmap]: rtabmap: qos_camera_info = 2[0m
[rtabmap-2] [0m[INFO] [1776442747.041274390] [rtabmap.rtabmap]: rtabmap: qos_scan        = 0[0m
[rtabmap-2] [0m[INFO] [1776442747.041326200] [rtabmap.rtabmap]: rtabmap: qos_odom        = 0[0m
[rtabmap-2] [0m[INFO] [1776442747.041356953] [rtabmap.rtabmap]: rtabmap: qos_user_data   = 0[0m
[rtabmap-2] [0m[INFO] [1776442747.041382842] [rtabmap.rtabmap]: rtabmap: approx_sync     = true[0m
[rtabmap-2] [0m[INFO] [1776442747.041443195] [rtabmap.rtabmap]: Setup depth callback[0m
[rtabmap-2] [0m[INFO] [1776442747.059645321] [rtabmap.rtabmap]: 
[rtabmap-2] rtabmap subscribed to (approx sync):
[rtabmap-2]    /rtabmap/odom \
[rtabmap-2]    /camera/camera/color/image_raw \
[rtabmap-2]    /camera/camera/aligned_depth_to_color/image_raw \
[rtabmap-2]    /camera/camera/color/camera_info \
[rtabmap-2]    /rtabmap/odom_info[0m
[rgbd_odometry-1] [0m[INFO] [1776442747.067430122] [rtabmap.rgbd_odometry]: Odom: quality=275, std dev=0.001187m|0.026606rad, update time=0.048729s delay=0.123363s[0m
[rgbd_odometry-1] [0m[INFO] [1776442747.118057184] [rtabmap.rgbd_odometry]: Odom: quality=272, std dev=0.000100m|0.000173rad, update time=0.037366s delay=0.107294s[0m
[rgbd_odometry-1] [0m[INFO] [1776442747.181196544] [rtabmap.rgbd_odometry]: Odom: quality=276, std dev=0.000100m|0.000173rad, update time=0.034095s delay=0.103737s[0m
[rtabmap_viz-3] [0m[INFO] [1776442747.218835455] [rtabmap.rtabmap_viz]: rtabmap_viz: Using configuration from "/home/jetson/.ros/rtabmapGUI.ini"[0m
[rgbd_odometry-1] [0m[INFO] [1776442747.248528889] [rtabmap.rgbd_odometry]: Odom: quality=278, std dev=0.000100m|0.000173rad, update time=0.034909s delay=0.104370s[0m
[rgbd_odometry-1] [0m[INFO] [1776442747.318173364] [rtabmap.rgbd_odometry]: Odom: quality=280, std dev=0.000298m|0.012320rad, update time=0.037641s delay=0.107316s[0m
[rtabmap-2] [0m[INFO] [1776442747.373627734] [rtabmap.rtabmap]: rtabmap (1): Rate=0.50s, Limit=0.000s, Conversion=0.0139s, RTAB-Map=0.0397s, Maps update=0.0002s pub=0.0001s delay=0.1628s (local map=1, WM=1)[0m
[rgbd_odometry-1] [0m[INFO] [1776442747.386107582] [rtabmap.rgbd_odometry]: Odom: quality=264, std dev=0.000100m|0.000173rad, update time=0.038009s delay=0.108556s[0m
[rgbd_odometry-1] [0m[INFO] [1776442747.451697701] [rtabmap.rgbd_odometry]: Odom: quality=278, std dev=0.000100m|0.000173rad, update time=0.037339s delay=0.107448s[0m
[rgbd_odometry-1] [0m[INFO] [1776442747.520347363] [rtabmap.rgbd_odometry]: Odom: quality=266, std dev=0.000557m|0.018423rad, update time=0.038438s delay=0.109389s[0m
[rgbd_odometry-1] [0m[INFO] [1776442747.585167476] [rtabmap.rgbd_odometry]: Odom: quality=275, std dev=0.000257m|0.016851rad, update time=0.033733s delay=0.107505s[0m
[rgbd_odometry-1] [0m[INFO] [1776442747.654443556] [rtabmap.rgbd_odometry]: Odom: quality=299, std dev=0.000465m|0.014651rad, update time=0.035886s delay=0.110074s[0m
[rgbd_odometry-1] [0m[INFO] [1776442747.719694273] [rtabmap.rgbd_odometry]: Odom: quality=276, std dev=0.000262m|0.012320rad, update time=0.037617s delay=0.108617s[0m
[rgbd_odometry-1] [0m[INFO] [1776442747.787922580] [rtabmap.rgbd_odometry]: Odom: quality=280, std dev=0.000222m|0.015865rad, update time=0.037423s delay=0.110140s[0m
[rgbd_odometry-1] [0m[INFO] [1776442747.844930690] [rtabmap.rgbd_odometry]: Odom: quality=282, std dev=0.000335m|0.023616rad, update time=0.031160s delay=0.100441s[0m
[rtabmap-2] [0m[INFO] [1776442747.888638769] [rtabmap.rtabmap]: rtabmap (2): Rate=0.50s, Limit=0.000s, Conversion=0.0005s, RTAB-Map=0.0415s, Maps update=0.0001s pub=0.0000s delay=0.1442s (local map=1, WM=1)[0m
[rgbd_odometry-1] [0m[INFO] [1776442747.915242481] [rtabmap.rgbd_odometry]: Odom: quality=279, std dev=0.000134m|0.015089rad, update time=0.033427s delay=0.104046s[0m
[rgbd_odometry-1] [0m[INFO] [1776442747.977238320] [rtabmap.rgbd_odometry]: Odom: quality=253, std dev=0.000627m|0.031503rad, update time=0.030279s delay=0.099336s[0m
[rgbd_odometry-1] [0m[INFO] [1776442748.046689414] [rtabmap.rgbd_odometry]: Odom: quality=138, std dev=0.000389m|0.025017rad, update time=0.031875s delay=0.102080s[0m
[rgbd_odometry-1] [0m[INFO] [1776442748.132671033] [rtabmap.rgbd_odometry]: Odom: quality=159, std dev=0.001196m|0.026833rad, update time=0.051663s delay=0.121355s[0m
[rgbd_odometry-1] [0m[INFO] [1776442748.197623309] [rtabmap.rgbd_odometry]: Odom: quality=137, std dev=0.000217m|0.000173rad, update time=0.049705s delay=0.119601s[0m
[rgbd_odometry-1] [0m[INFO] [1776442748.266472402] [rtabmap.rgbd_odometry]: Odom: quality=163, std dev=0.000228m|0.016214rad, update time=0.051016s delay=0.121746s[0m
[rgbd_odometry-1] [0m[INFO] [1776442748.334088019] [rtabmap.rgbd_odometry]: Odom: quality=139, std dev=0.000194m|0.010360rad, update time=0.052247s delay=0.122654s[0m
[rgbd_odometry-1] [0m[INFO] [1776442748.421604627] [rtabmap.rgbd_odometry]: Odom: quality=151, std dev=0.001472m|0.028149rad, update time=0.072922s delay=0.143466s[0m
[rtabmap_viz-3] libpng warning: iCCP: known incorrect sRGB profile
[rtabmap_viz-3] libpng warning: iCCP: known incorrect sRGB profile
[rtabmap_viz-3] libpng warning: iCCP: known incorrect sRGB profile
[rtabmap-2] [0m[INFO] [1776442748.468979531] [rtabmap.rtabmap]: rtabmap (3): Rate=0.50s, Limit=0.000s, Conversion=0.0041s, RTAB-Map=0.0391s, Maps update=0.0001s pub=0.0000s delay=0.1909s (local map=1, WM=1)[0m
[rgbd_odometry-1] [0m[INFO] [1776442748.547953908] [rtabmap.rgbd_odometry]: Odom: quality=134, std dev=0.000119m|0.012320rad, update time=0.065172s delay=0.136400s[0m
[rtabmap_viz-3] [33m[WARN] [1776442748.592370583] [rcl.logging_rosout]: Publisher already registered for provided node name. If this is due to multiple nodes with the same name then all logs for that logger name will go out over the existing publisher. As soon as any node with that name is destructed it will unregister the publisher, preventing any further logs for that name from being published on the rosout topic.[0m
[rtabmap_viz-3] [0m[INFO] [1776442748.598267650] [rtabmap.rtabmap_viz]: Reading parameters from the ROS server...[0m
[rgbd_odometry-1] [0m[INFO] [1776442748.679474827] [rtabmap.rgbd_odometry]: Odom: quality=186, std dev=0.000313m|0.015089rad, update time=0.061172s delay=0.134497s[0m
[rgbd_odometry-1] [0m[INFO] [1776442748.744482017] [rtabmap.rgbd_odometry]: Odom: quality=186, std dev=0.000738m|0.019282rad, update time=0.060811s delay=0.132796s[0m
[rgbd_odometry-1] [0m[INFO] [1776442748.812337289] [rtabmap.rgbd_odometry]: Odom: quality=186, std dev=0.000128m|0.000173rad, update time=0.060357s delay=0.133940s[0m
[rgbd_odometry-1] [0m[INFO] [1776442748.880701087] [rtabmap.rgbd_odometry]: Odom: quality=186, std dev=0.000430m|0.025972rad, update time=0.060981s delay=0.135594s[0m
[rgbd_odometry-1] [0m[INFO] [1776442748.946785396] [rtabmap.rgbd_odometry]: Odom: quality=184, std dev=0.000137m|0.011465rad, update time=0.060705s delay=0.134967s[0m
[rtabmap-2] [0m[INFO] [1776442748.983357301] [rtabmap.rtabmap]: rtabmap (4): Rate=0.50s, Limit=0.000s, Conversion=0.0009s, RTAB-Map=0.0341s, Maps update=0.0001s pub=0.0000s delay=0.1715s (local map=1, WM=1)[0m
[rgbd_odometry-1] [0m[INFO] [1776442749.019203776] [rtabmap.rgbd_odometry]: Odom: quality=186, std dev=0.000225m|0.000173rad, update time=0.067737s delay=0.140677s[0m
[rgbd_odometry-1] [0m[INFO] [1776442749.144931344] [rtabmap.rgbd_odometry]: Odom: quality=179, std dev=0.000976m|0.023616rad, update time=0.058708s delay=0.132982s[0m
[rgbd_odometry-1] [0m[INFO] [1776442749.213608879] [rtabmap.rgbd_odometry]: Odom: quality=191, std dev=0.000160m|0.000173rad, update time=0.060491s delay=0.134949s[0m
[rgbd_odometry-1] [0m[INFO] [1776442749.282634649] [rtabmap.rgbd_odometry]: Odom: quality=190, std dev=0.000204m|0.018188rad, update time=0.063048s delay=0.137263s[0m
[rgbd_odometry-1] [0m[INFO] [1776442749.346201413] [rtabmap.rgbd_odometry]: Odom: quality=183, std dev=0.000157m|0.013634rad, update time=0.059818s delay=0.134119s[0m
[rgbd_odometry-1] [0m[INFO] [1776442749.411115608] [rtabmap.rgbd_odometry]: Odom: quality=194, std dev=0.000281m|0.013027rad, update time=0.058800s delay=0.132325s[0m
[rgbd_odometry-1] [0m[INFO] [1776442749.476432247] [rtabmap.rgbd_odometry]: Odom: quality=189, std dev=0.000185m|0.011465rad, update time=0.057687s delay=0.130931s[0m
[rtabmap-2] [0m[INFO] [1776442749.526072465] [rtabmap.rtabmap]: rtabmap (5): Rate=0.50s, Limit=0.000s, Conversion=0.0012s, RTAB-Map=0.0471s, Maps update=0.0001s pub=0.0000s delay=0.1806s (local map=1, WM=1)[0m
[rgbd_odometry-1] [0m[INFO] [1776442749.581852700] [rtabmap.rgbd_odometry]: Odom: quality=189, std dev=0.000734m|0.024246rad, update time=0.097778s delay=0.169640s[0m
[rgbd_odometry-1] [0m[INFO] [1776442749.701755076] [rtabmap.rgbd_odometry]: Odom: quality=191, std dev=0.000259m|0.012320rad, update time=0.086071s delay=0.156120s[0m
[rgbd_odometry-1] [0m[INFO] [1776442749.809940921] [rtabmap.rgbd_odometry]: Odom: quality=159, std dev=0.000198m|0.000173rad, update time=0.061310s delay=0.130882s[0m
[rgbd_odometry-1] [0m[INFO] [1776442749.884685544] [rtabmap.rgbd_odometry]: Odom: quality=149, std dev=0.000483m|0.020388rad, update time=0.067853s delay=0.138915s[0m
[rgbd_odometry-1] [0m[INFO] [1776442750.020817156] [rtabmap.rgbd_odometry]: Odom: quality=211, std dev=0.000119m|0.012320rad, update time=0.067861s delay=0.141622s[0m
[rtabmap-2] [0m[INFO] [1776442750.058610824] [rtabmap.rtabmap]: rtabmap (6): Rate=0.50s, Limit=0.000s, Conversion=0.0015s, RTAB-Map=0.0348s, Maps update=0.0001s pub=0.0000s delay=0.1794s (local map=1, WM=1)[0m
[rgbd_odometry-1] [0m[INFO] [1776442750.146453937] [rtabmap.rgbd_odometry]: Odom: quality=196, std dev=0.000108m|0.010360rad, update time=0.061767s delay=0.133835s[0m
[rgbd_odometry-1] [0m[INFO] [1776442750.218652727] [rtabmap.rgbd_odometry]: Odom: quality=195, std dev=0.000106m|0.011465rad, update time=0.066131s delay=0.139322s[0m
[rgbd_odometry-1] [0m[INFO] [1776442750.282597198] [rtabmap.rgbd_odometry]: Odom: quality=208, std dev=0.000189m|0.010360rad, update time=0.062782s delay=0.136552s[0m
[rgbd_odometry-1] [0m[INFO] [1776442750.356676682] [rtabmap.rgbd_odometry]: Odom: quality=195, std dev=0.000306m|0.010360rad, update time=0.070469s delay=0.143918s[0m
[rtabmap_viz-3] [0m[INFO] [1776442750.366388866] [rtabmap.rtabmap_viz]: Parameters read = 387[0m
[rtabmap_viz-3] [0m[INFO] [1776442750.366538311] [rtabmap.rtabmap_viz]: Parameters successfully read.[0m
[rgbd_odometry-1] [0m[INFO] [1776442750.480382143] [rtabmap.rgbd_odometry]: Odom: quality=199, std dev=0.000121m|0.010360rad, update time=0.064163s delay=0.134201s[0m
[rgbd_odometry-1] [0m[INFO] [1776442750.548977917] [rtabmap.rgbd_odometry]: Odom: quality=198, std dev=0.000245m|0.014651rad, update time=0.063637s delay=0.136084s[0m
[rtabmap-2] [0m[INFO] [1776442750.595812069] [rtabmap.rtabmap]: rtabmap (7): Rate=0.50s, Limit=0.000s, Conversion=0.0011s, RTAB-Map=0.0437s, Maps update=0.0001s pub=0.0000s delay=0.1829s (local map=1, WM=1)[0m
[rgbd_odometry-1] [0m[INFO] [1776442750.619367022] [rtabmap.rgbd_odometry]: Odom: quality=210, std dev=0.000103m|0.012320rad, update time=0.069204s delay=0.139765s[0m
[rgbd_odometry-1] [0m[INFO] [1776442750.744428970] [rtabmap.rgbd_odometry]: Odom: quality=190, std dev=0.000435m|0.018423rad, update time=0.062327s delay=0.131403s[0m
[rtabmap_viz-3] [0m[INFO] [1776442750.784760792] [rtabmap.rtabmap_viz]: rtabmap_viz: subscribe_depth = true[0m
[rtabmap_viz-3] [0m[INFO] [1776442750.784841018] [rtabmap.rtabmap_viz]: rtabmap_viz: subscribe_rgb = true[0m
[rtabmap_viz-3] [0m[INFO] [1776442750.784855994] [rtabmap.rtabmap_viz]: rtabmap_viz: subscribe_stereo = false[0m
[rtabmap_viz-3] [0m[INFO] [1776442750.784867259] [rtabmap.rtabmap_viz]: rtabmap_viz: subscribe_rgbd = false (rgbd_cameras=1)[0m
[rtabmap_viz-3] [0m[INFO] [1776442750.784878459] [rtabmap.rtabmap_viz]: rtabmap_viz: subscribe_sensor_data = false[0m
[rtabmap_viz-3] [0m[INFO] [1776442750.784888187] [rtabmap.rtabmap_viz]: rtabmap_viz: subscribe_odom_info = true[0m
[rtabmap_viz-3] [0m[INFO] [1776442750.784896923] [rtabmap.rtabmap_viz]: rtabmap_viz: subscribe_user_data = false[0m
[rtabmap_viz-3] [0m[INFO] [1776442750.784905404] [rtabmap.rtabmap_viz]: rtabmap_viz: subscribe_scan = false[0m
[rtabmap_viz-3] [0m[INFO] [1776442750.784916476] [rtabmap.rtabmap_viz]: rtabmap_viz: subscribe_scan_cloud = false[0m
[rtabmap_viz-3] [0m[INFO] [1776442750.784925404] [rtabmap.rtabmap_viz]: rtabmap_viz: subscribe_scan_descriptor = false[0m
[rtabmap_viz-3] [0m[INFO] [1776442750.784933853] [rtabmap.rtabmap_viz]: rtabmap_viz: topic_queue_size = 30[0m
[rtabmap_viz-3] [0m[INFO] [1776442750.784942173] [rtabmap.rtabmap_viz]: rtabmap_viz: sync_queue_size  = 30[0m
[rtabmap_viz-3] [0m[INFO] [1776442750.784950333] [rtabmap.rtabmap_viz]: rtabmap_viz: qos_image       = 2[0m
[rtabmap_viz-3] [0m[INFO] [1776442750.784959069] [rtabmap.rtabmap_viz]: rtabmap_viz: qos_camera_info = 2[0m
[rtabmap_viz-3] [0m[INFO] [1776442750.784967933] [rtabmap.rtabmap_viz]: rtabmap_viz: qos_scan        = 0[0m
[rtabmap_viz-3] [0m[INFO] [1776442750.784975934] [rtabmap.rtabmap_viz]: rtabmap_viz: qos_odom        = 0[0m
[rtabmap_viz-3] [0m[INFO] [1776442750.784983934] [rtabmap.rtabmap_viz]: rtabmap_viz: qos_user_data   = 0[0m
[rtabmap_viz-3] [0m[INFO] [1776442750.784992510] [rtabmap.rtabmap_viz]: rtabmap_viz: approx_sync     = true[0m
[rtabmap_viz-3] [0m[INFO] [1776442750.785013983] [rtabmap.rtabmap_viz]: Setup depth callback[0m
[rtabmap_viz-3] [0m[INFO] [1776442750.797969429] [rtabmap.rtabmap_viz]: 
[rtabmap_viz-3] rtabmap_viz subscribed to (approx sync):
[rtabmap_viz-3]    /rtabmap/odom \
[rtabmap_viz-3]    /camera/camera/color/image_raw \
[rtabmap_viz-3]    /camera/camera/aligned_depth_to_color/image_raw \
[rtabmap_viz-3]    /camera/camera/color/camera_info \
[rtabmap_viz-3]    /rtabmap/odom_info[0m
[rtabmap_viz-3] [0m[INFO] [1776442750.802563898] [rtabmap.rtabmap_viz]: rtabmap_viz started.[0m
[rgbd_odometry-1] [0m[INFO] [1776442750.817737744] [rtabmap.rgbd_odometry]: Odom: quality=194, std dev=0.000227m|0.010360rad, update time=0.066769s delay=0.138001s[0m
[rgbd_odometry-1] [0m[INFO] [1776442750.953264571] [rtabmap.rgbd_odometry]: Odom: quality=212, std dev=0.000297m|0.010360rad, update time=0.068601s delay=0.140105s[0m
[rgbd_odometry-1] [0m[INFO] [1776442751.082130566] [rtabmap.rgbd_odometry]: Odom: quality=120, std dev=0.000135m|0.000173rad, update time=0.065128s delay=0.135547s[0m
[rtabmap-2] [0m[INFO] [1776442751.128094517] [rtabmap.rtabmap]: rtabmap (8): Rate=0.50s, Limit=0.000s, Conversion=0.0016s, RTAB-Map=0.0380s, Maps update=0.0001s pub=0.0025s delay=0.1815s (local map=1, WM=1)[0m
[rgbd_odometry-1] [0m[INFO] [1776442751.184931007] [rtabmap.rgbd_odometry]: Odom: quality=128, std dev=0.001196m|0.021189rad, update time=0.093965s delay=0.171635s[0m
[rgbd_odometry-1] [0m[INFO] [1776442751.294835974] [rtabmap.rgbd_odometry]: Odom: quality=131, std dev=0.000100m|0.000173rad, update time=0.076936s delay=0.148116s[0m
[rgbd_odometry-1] [0m[INFO] [1776442751.418332086] [rtabmap.rgbd_odometry]: Odom: quality=155, std dev=0.000167m|0.000173rad, update time=0.067178s delay=0.138191s[0m
[rgbd_odometry-1] [0m[INFO] [1776442751.551207188] [rtabmap.rgbd_odometry]: Odom: quality=158, std dev=0.000332m|0.013634rad, update time=0.067478s delay=0.137645s[0m
[rgbd_odometry-1] [0m[INFO] [1776442751.629591564] [rtabmap.rgbd_odometry]: Odom: quality=139, std dev=0.000120m|0.011465rad, update time=0.077920s delay=0.149312s[0m
[rtabmap-2] [33m[ WARN] (2026-04-18 01:19:11.665) Rtabmap.cpp:4603::process() Republishing data of requested node(s) 1 (Rtabmap/MaxRepublished=2)[0m
[rtabmap-2] [0m[INFO] [1776442751.669192740] [rtabmap.rtabmap]: rtabmap (9): Rate=0.50s, Limit=0.000s, Conversion=0.0012s, RTAB-Map=0.0350s, Maps update=0.0001s pub=0.0020s delay=0.1889s (local map=1, WM=1)[0m
[rgbd_odometry-1] [0m[INFO] [1776442751.763799281] [rtabmap.rgbd_odometry]: Odom: quality=162, std dev=0.000174m|0.000173rad, update time=0.077018s delay=0.150098s[0m
[rgbd_odometry-1] [0m[INFO] [1776442751.890197557] [rtabmap.rgbd_odometry]: Odom: quality=175, std dev=0.000752m|0.015492rad, update time=0.072997s delay=0.143071s[0m
[rgbd_odometry-1] [0m[INFO] [1776442752.025523098] [rtabmap.rgbd_odometry]: Odom: quality=188, std dev=0.000297m|0.008712rad, update time=0.074870s delay=0.144976s[0m
[rgbd_odometry-1] [0m[INFO] [1776442752.155817294] [rtabmap.rgbd_odometry]: Odom: quality=174, std dev=0.000197m|0.013634rad, update time=0.072232s delay=0.141843s[0m
[rtabmap-2] [0m[INFO] [1776442752.201101706] [rtabmap.rtabmap]: rtabmap (10): Rate=0.50s, Limit=0.000s, Conversion=0.0009s, RTAB-Map=0.0409s, Maps update=0.0001s pub=0.0009s delay=0.1871s (local map=1, WM=1)[0m
[rgbd_odometry-1] [0m[INFO] [1776442752.296934747] [rtabmap.rgbd_odometry]: Odom: quality=189, std dev=0.000700m|0.019282rad, update time=0.075653s delay=0.149540s[0m
[rgbd_odometry-1] [0m[INFO] [1776442752.430459724] [rtabmap.rgbd_odometry]: Odom: quality=172, std dev=0.000109m|0.011465rad, update time=0.078253s delay=0.149639s[0m
[rgbd_odometry-1] [0m[INFO] [1776442752.562450833] [rtabmap.rgbd_odometry]: Odom: quality=173, std dev=0.000805m|0.024246rad, update time=0.073494s delay=0.148205s[0m
[rgbd_odometry-1] [0m[INFO] [1776442752.700183356] [rtabmap.rgbd_odometry]: Odom: quality=182, std dev=0.000499m|0.015865rad, update time=0.077240s delay=0.152515s[0m
[rtabmap-2] [0m[INFO] [1776442752.752197787] [rtabmap.rtabmap]: rtabmap (11): Rate=0.50s, Limit=0.000s, Conversion=0.0014s, RTAB-Map=0.0466s, Maps update=0.0001s pub=0.0016s delay=0.2045s (local map=1, WM=1)[0m
[rgbd_odometry-1] [0m[INFO] [1776442752.827481530] [rtabmap.rgbd_odometry]: Odom: quality=175, std dev=0.000130m|0.010360rad, update time=0.073385s delay=0.146390s[0m
[rgbd_odometry-1] [0m[INFO] [1776442752.957065273] [rtabmap.rgbd_odometry]: Odom: quality=171, std dev=0.000174m|0.000173rad, update time=0.072789s delay=0.142550s[0m
[rgbd_odometry-1] [0m[INFO] [1776442753.092061173] [rtabmap.rgbd_odometry]: Odom: quality=188, std dev=0.000206m|0.000173rad, update time=0.073865s delay=0.144103s[0m
[rgbd_odometry-1] [0m[INFO] [1776442753.227611681] [rtabmap.rgbd_odometry]: Odom: quality=176, std dev=0.000170m|0.000173rad, update time=0.076315s delay=0.146249s[0m
[rtabmap-2] [0m[INFO] [1776442753.269469691] [rtabmap.rtabmap]: rtabmap (12): Rate=0.50s, Limit=0.000s, Conversion=0.0009s, RTAB-Map=0.0382s, Maps update=0.0001s pub=0.0012s delay=0.1881s (local map=1, WM=1)[0m
[rgbd_odometry-1] [0m[INFO] [1776442753.364325775] [rtabmap.rgbd_odometry]: Odom: quality=178, std dev=0.000284m|0.010360rad, update time=0.079384s delay=0.149537s[0m
[rgbd_odometry-1] [0m[INFO] [1776442753.490957945] [rtabmap.rgbd_odometry]: Odom: quality=183, std dev=0.000130m|0.010360rad, update time=0.072075s delay=0.142746s[0m
[rgbd_odometry-1] [0m[INFO] [1776442753.625395973] [rtabmap.rgbd_odometry]: Odom: quality=189, std dev=0.000329m|0.019858rad, update time=0.073190s delay=0.143758s[0m
[rgbd_odometry-1] [0m[INFO] [1776442753.760302463] [rtabmap.rgbd_odometry]: Odom: quality=191, std dev=0.000114m|0.010360rad, update time=0.073406s delay=0.145235s[0m
[rtabmap-2] [0m[INFO] [1776442753.801851855] [rtabmap.rtabmap]: rtabmap (13): Rate=0.50s, Limit=0.000s, Conversion=0.0010s, RTAB-Map=0.0354s, Maps update=0.0001s pub=0.0026s delay=0.1868s (local map=1, WM=1)[0m
[rgbd_odometry-1] [0m[INFO] [1776442753.904995315] [rtabmap.rgbd_odometry]: Odom: quality=178, std dev=0.000612m|0.017423rad, update time=0.083069s delay=0.156500s[0m
[rgbd_odometry-1] [0m[INFO] [1776442754.038676649] [rtabmap.rgbd_odometry]: Odom: quality=178, std dev=0.000122m|0.011465rad, update time=0.080465s delay=0.156750s[0m
[rgbd_odometry-1] [0m[INFO] [1776442754.170802354] [rtabmap.rgbd_odometry]: Odom: quality=190, std dev=0.000151m|0.008712rad, update time=0.084251s delay=0.155448s[0m
[rgbd_odometry-1] [0m[INFO] [1776442754.302536752] [rtabmap.rgbd_odometry]: Odom: quality=175, std dev=0.000152m|0.000173rad, update time=0.082577s delay=0.153754s[0m
[rtabmap-2] [0m[INFO] [1776442754.347848685] [rtabmap.rtabmap]: rtabmap (14): Rate=0.50s, Limit=0.000s, Conversion=0.0009s, RTAB-Map=0.0388s, Maps update=0.0001s pub=0.0015s delay=0.1991s (local map=1, WM=1)[0m
[rgbd_odometry-1] [0m[INFO] [1776442754.432295253] [rtabmap.rgbd_odometry]: Odom: quality=182, std dev=0.000237m|0.008712rad, update time=0.079340s delay=0.150081s[0m
[rgbd_odometry-1] [0m[INFO] [1776442754.568355728] [rtabmap.rgbd_odometry]: Odom: quality=175, std dev=0.000442m|0.018649rad, update time=0.078814s delay=0.152691s[0m
[rgbd_odometry-1] [0m[INFO] [1776442754.706592778] [rtabmap.rgbd_odometry]: Odom: quality=116, std dev=0.000600m|0.031317rad, update time=0.082923s delay=0.157456s[0m
[rgbd_odometry-1] [0m[INFO] [1776442754.857398095] [rtabmap.rgbd_odometry]: Odom: quality=113, std dev=0.000458m|0.019858rad, update time=0.103036s delay=0.174789s[0m
[rtabmap-2] [0m[INFO] [1776442754.898484658] [rtabmap.rtabmap]: rtabmap (15): Rate=0.50s, Limit=0.000s, Conversion=0.0018s, RTAB-Map=0.0367s, Maps update=0.0001s pub=0.0013s delay=0.2159s (local map=1, WM=1)[0m
[rgbd_odometry-1] [0m[INFO] [1776442754.988505307] [rtabmap.rgbd_odometry]: Odom: quality=130, std dev=0.000223m|0.014170rad, update time=0.096719s delay=0.172420s[0m
[rgbd_odometry-1] [0m[INFO] [1776442755.112289939] [rtabmap.rgbd_odometry]: Odom: quality=136, std dev=0.000275m|0.021630rad, update time=0.089134s delay=0.162721s[0m
[rgbd_odometry-1] [0m[INFO] [1776442755.260712755] [rtabmap.rgbd_odometry]: Odom: quality=149, std dev=0.000103m|0.012320rad, update time=0.105365s delay=0.177661s[0m
[rgbd_odometry-1] [0m[INFO] [1776442755.384999514] [rtabmap.rgbd_odometry]: Odom: quality=158, std dev=0.000337m|0.017689rad, update time=0.096014s delay=0.168462s[0m
[rtabmap-2] [0m[INFO] [1776442755.426203585] [rtabmap.rtabmap]: rtabmap (16): Rate=0.50s, Limit=0.000s, Conversion=0.0010s, RTAB-Map=0.0381s, Maps update=0.0001s pub=0.0010s delay=0.2097s (local map=1, WM=1)[0m
[rgbd_odometry-1] [0m[INFO] [1776442755.509704397] [rtabmap.rgbd_odometry]: Odom: quality=158, std dev=0.000119m|0.008712rad, update time=0.089201s delay=0.159676s[0m
[rgbd_odometry-1] [0m[INFO] [1776442755.639553109] [rtabmap.rgbd_odometry]: Odom: quality=138, std dev=0.000222m|0.008712rad, update time=0.086605s delay=0.156096s[0m
[rgbd_odometry-1] [0m[INFO] [1776442755.776925078] [rtabmap.rgbd_odometry]: Odom: quality=151, std dev=0.000272m|0.013634rad, update time=0.089048s delay=0.160041s[0m
[rgbd_odometry-1] [0m[INFO] [1776442755.918845754] [rtabmap.rgbd_odometry]: Odom: quality=163, std dev=0.000297m|0.011465rad, update time=0.096583s delay=0.168533s[0m
[rtabmap-2] [0m[INFO] [1776442755.960478541] [rtabmap.rtabmap]: rtabmap (17): Rate=0.50s, Limit=0.000s, Conversion=0.0012s, RTAB-Map=0.0363s, Maps update=0.0001s pub=0.0026s delay=0.2102s (local map=1, WM=1)[0m
[rgbd_odometry-1] [0m[INFO] [1776442756.043332007] [rtabmap.rgbd_odometry]: Odom: quality=160, std dev=0.000399m|0.026682rad, update time=0.088627s delay=0.159593s[0m
[rgbd_odometry-1] [0m[INFO] [1776442756.179299008] [rtabmap.rgbd_odometry]: Odom: quality=166, std dev=0.000378m|0.016542rad, update time=0.093005s delay=0.162130s[0m
[rgbd_odometry-1] [0m[INFO] [1776442756.311808245] [rtabmap.rgbd_odometry]: Odom: quality=156, std dev=0.000160m|0.000173rad, update time=0.091819s delay=0.161208s[0m
[rgbd_odometry-1] [0m[INFO] [1776442756.445358375] [rtabmap.rgbd_odometry]: Odom: quality=160, std dev=0.000331m|0.021909rad, update time=0.092065s delay=0.161333s[0m
[rtabmap-2] [0m[INFO] [1776442756.489920335] [rtabmap.rtabmap]: rtabmap (18): Rate=0.50s, Limit=0.000s, Conversion=0.0011s, RTAB-Map=0.0402s, Maps update=0.0001s pub=0.0010s delay=0.2059s (local map=1, WM=1)[0m
[rgbd_odometry-1] [0m[INFO] [1776442756.598674933] [rtabmap.rgbd_odometry]: Odom: quality=149, std dev=0.000219m|0.014170rad, update time=0.106406s delay=0.181221s[0m
[rgbd_odometry-1] [0m[INFO] [1776442756.723399753] [rtabmap.rgbd_odometry]: Odom: quality=125, std dev=0.000214m|0.011465rad, update time=0.102823s delay=0.172516s[0m
[rgbd_odometry-1] [0m[INFO] [1776442756.849602503] [rtabmap.rgbd_odometry]: Odom: quality=157, std dev=0.000120m|0.011465rad, update time=0.094635s delay=0.165287s[0m
[rgbd_odometry-1] [0m[INFO] [1776442756.981639438] [rtabmap.rgbd_odometry]: Odom: quality=149, std dev=0.000767m|0.025288rad, update time=0.094254s delay=0.163894s[0m
[rtabmap-2] [0m[INFO] [1776442757.020343981] [rtabmap.rtabmap]: rtabmap (19): Rate=0.50s, Limit=0.000s, Conversion=0.0017s, RTAB-Map=0.0343s, Maps update=0.0001s pub=0.0011s delay=0.2026s (local map=1, WM=1)[0m
[rgbd_odometry-1] [0m[INFO] [1776442757.118021555] [rtabmap.rgbd_odometry]: Odom: quality=177, std dev=0.000260m|0.015865rad, update time=0.096914s delay=0.166851s[0m
[rgbd_odometry-1] [0m[INFO] [1776442757.244697535] [rtabmap.rgbd_odometry]: Odom: quality=175, std dev=0.000123m|0.011465rad, update time=0.088985s delay=0.160096s[0m
[rgbd_odometry-1] [0m[INFO] [1776442757.379518039] [rtabmap.rgbd_odometry]: Odom: quality=167, std dev=0.000811m|0.030178rad, update time=0.092178s delay=0.161487s[0m
[rgbd_odometry-1] [0m[INFO] [1776442757.514407153] [rtabmap.rgbd_odometry]: Odom: quality=181, std dev=0.000354m|0.013027rad, update time=0.090078s delay=0.162946s[0m
[rtabmap-2] [0m[INFO] [1776442757.563477434] [rtabmap.rtabmap]: rtabmap (20): Rate=0.50s, Limit=0.000s, Conversion=0.0017s, RTAB-Map=0.0445s, Maps update=0.0001s pub=0.0010s delay=0.2120s (local map=1, WM=1)[0m
[rgbd_odometry-1] [0m[INFO] [1776442757.646828579] [rtabmap.rgbd_odometry]: Odom: quality=174, std dev=0.000234m|0.008712rad, update time=0.091058s delay=0.161941s[0m
[rgbd_odometry-1] [0m[INFO] [1776442757.780518714] [rtabmap.rgbd_odometry]: Odom: quality=179, std dev=0.000124m|0.008712rad, update time=0.092183s delay=0.162203s[0m
[rgbd_odometry-1] [0m[INFO] [1776442757.922484064] [rtabmap.rgbd_odometry]: Odom: quality=172, std dev=0.000339m|0.014170rad, update time=0.099374s delay=0.170740s[0m
[rgbd_odometry-1] [0m[INFO] [1776442758.049598073] [rtabmap.rgbd_odometry]: Odom: quality=175, std dev=0.000589m|0.017689rad, update time=0.089926s delay=0.164426s[0m
[rtabmap-2] [0m[INFO] [1776442758.097606052] [rtabmap.rtabmap]: rtabmap (21): Rate=0.50s, Limit=0.000s, Conversion=0.0018s, RTAB-Map=0.0430s, Maps update=0.0001s pub=0.0010s delay=0.2124s (local map=1, WM=1)[0m
[rgbd_odometry-1] [0m[INFO] [1776442758.183306576] [rtabmap.rgbd_odometry]: Odom: quality=177, std dev=0.000106m|0.011465rad, update time=0.092617s delay=0.164706s[0m
[rgbd_odometry-1] [0m[INFO] [1776442758.307381490] [rtabmap.rgbd_odometry]: Odom: quality=174, std dev=0.000147m|0.000173rad, update time=0.085313s delay=0.155351s[0m
[rgbd_odometry-1] [0m[INFO] [1776442758.443337130] [rtabmap.rgbd_odometry]: Odom: quality=174, std dev=0.000690m|0.018188rad, update time=0.087583s delay=0.157880s[0m
[rgbd_odometry-1] [0m[INFO] [1776442758.576473233] [rtabmap.rgbd_odometry]: Odom: quality=165, std dev=0.000211m|0.011465rad, update time=0.087955s delay=0.157587s[0m
[rtabmap-2] [0m[INFO] [1776442758.613838889] [rtabmap.rtabmap]: rtabmap (22): Rate=0.50s, Limit=0.000s, Conversion=0.0010s, RTAB-Map=0.0340s, Maps update=0.0001s pub=0.0009s delay=0.1950s (local map=1, WM=1)[0m
[rgbd_odometry-1] [0m[INFO] [1776442758.714431524] [rtabmap.rgbd_odometry]: Odom: quality=169, std dev=0.000260m|0.008712rad, update time=0.092916s delay=0.162115s[0m
[rgbd_odometry-1] [0m[INFO] [1776442758.843860640] [rtabmap.rgbd_odometry]: Odom: quality=164, std dev=0.000292m|0.022437rad, update time=0.088295s delay=0.158115s[0m
[rgbd_odometry-1] [0m[INFO] [1776442758.980077728] [rtabmap.rgbd_odometry]: Odom: quality=168, std dev=0.000211m|0.013634rad, update time=0.089525s delay=0.160903s[0m
[rgbd_odometry-1] [0m[INFO] [1776442759.113543441] [rtabmap.rgbd_odometry]: Odom: quality=171, std dev=0.000920m|0.037046rad, update time=0.090707s delay=0.160938s[0m
[rtabmap-2] [0m[INFO] [1776442759.158053943] [rtabmap.rtabmap]: rtabmap (23): Rate=0.50s, Limit=0.000s, Conversion=0.0021s, RTAB-Map=0.0397s, Maps update=0.0001s pub=0.0009s delay=0.2055s (local map=1, WM=1)[0m
[rgbd_odometry-1] [0m[INFO] [1776442759.253540062] [rtabmap.rgbd_odometry]: Odom: quality=175, std dev=0.000712m|0.030788rad, update time=0.095814s delay=0.167505s[0m
[rgbd_odometry-1] [0m[INFO] [1776442759.379496726] [rtabmap.rgbd_odometry]: Odom: quality=183, std dev=0.000164m|0.000173rad, update time=0.090222s delay=0.160030s[0m
[rgbd_odometry-1] [0m[INFO] [1776442759.509129208] [rtabmap.rgbd_odometry]: Odom: quality=177, std dev=0.000363m|0.014651rad, update time=0.086589s delay=0.156234s[0m
[rgbd_odometry-1] [0m[INFO] [1776442759.644423422] [rtabmap.rgbd_odometry]: Odom: quality=180, std dev=0.000191m|0.018188rad, update time=0.088216s delay=0.158090s[0m
[rtabmap-2] [0m[INFO] [1776442759.679305774] [rtabmap.rtabmap]: rtabmap (24): Rate=0.50s, Limit=0.000s, Conversion=0.0014s, RTAB-Map=0.0309s, Maps update=0.0001s pub=0.0012s delay=0.1930s (local map=1, WM=1)[0m
[rgbd_odometry-1] [0m[INFO] [1776442759.780879877] [rtabmap.rgbd_odometry]: Odom: quality=174, std dev=0.000147m|0.012320rad, update time=0.089664s delay=0.161104s[0m
[rgbd_odometry-1] [0m[INFO] [1776442759.908656465] [rtabmap.rgbd_odometry]: Odom: quality=176, std dev=0.000114m|0.010360rad, update time=0.085963s delay=0.155439s[0m
[rgbd_odometry-1] [0m[INFO] [1776442760.046734503] [rtabmap.rgbd_odometry]: Odom: quality=173, std dev=0.000825m|0.025890rad, update time=0.088436s delay=0.160079s[0m
[rgbd_odometry-1] [0m[INFO] [1776442760.180752296] [rtabmap.rgbd_odometry]: Odom: quality=173, std dev=0.000661m|0.024346rad, update time=0.091515s delay=0.160655s[0m
[rtabmap-2] [0m[INFO] [1776442760.217453005] [rtabmap.rtabmap]: rtabmap (25): Rate=0.50s, Limit=0.000s, Conversion=0.0013s, RTAB-Map=0.0321s, Maps update=0.0001s pub=0.0010s delay=0.1974s (local map=1, WM=1)[0m
[rgbd_odometry-1] [0m[INFO] [1776442760.318330864] [rtabmap.rgbd_odometry]: Odom: quality=170, std dev=0.000599m|0.021339rad, update time=0.092132s delay=0.164792s[0m
[rgbd_odometry-1] [0m[INFO] [1776442760.447345472] [rtabmap.rgbd_odometry]: Odom: quality=172, std dev=0.000340m|0.020040rad, update time=0.089598s delay=0.160365s[0m
[rgbd_odometry-1] [0m[INFO] [1776442760.584581630] [rtabmap.rgbd_odometry]: Odom: quality=170, std dev=0.000797m|0.024924rad, update time=0.093477s delay=0.164158s[0m
[rgbd_odometry-1] [0m[INFO] [1776442760.717186422] [rtabmap.rgbd_odometry]: Odom: quality=166, std dev=0.000165m|0.010360rad, update time=0.093978s delay=0.163322s[0m
[rtabmap-2] [0m[INFO] [1776442760.755234050] [rtabmap.rtabmap]: rtabmap (26): Rate=0.50s, Limit=0.000s, Conversion=0.0012s, RTAB-Map=0.0339s, Maps update=0.0001s pub=0.0014s delay=0.2014s (local map=1, WM=1)[0m
[rgbd_odometry-1] [0m[INFO] [1776442760.906178636] [rtabmap.rgbd_odometry]: Odom: quality=170, std dev=0.000115m|0.011465rad, update time=0.134905s delay=0.218871s[0m
[rgbd_odometry-1] [0m[INFO] [1776442761.046888494] [rtabmap.rgbd_odometry]: Odom: quality=168, std dev=0.001052m|0.022178rad, update time=0.089369s delay=0.159414s[0m
[rgbd_odometry-1] [0m[INFO] [1776442761.185393905] [rtabmap.rgbd_odometry]: Odom: quality=166, std dev=0.000163m|0.012320rad, update time=0.095139s delay=0.164475s[0m
[rgbd_odometry-1] [0m[INFO] [1776442761.330751290] [rtabmap.rgbd_odometry]: Odom: quality=179, std dev=0.000159m|0.010360rad, update time=0.107207s delay=0.176390s[0m
[rtabmap-2] [0m[INFO] [1776442761.367134517] [rtabmap.rtabmap]: rtabmap (27): Rate=0.50s, Limit=0.000s, Conversion=0.0010s, RTAB-Map=0.0323s, Maps update=0.0001s pub=0.0016s delay=0.2128s (local map=1, WM=1)[0m
[rgbd_odometry-1] [0m[INFO] [1776442761.454928702] [rtabmap.rgbd_odometry]: Odom: quality=165, std dev=0.000375m|0.017144rad, update time=0.094614s delay=0.167124s[0m
[rgbd_odometry-1] [0m[INFO] [1776442761.579905754] [rtabmap.rgbd_odometry]: Odom: quality=173, std dev=0.000175m|0.012320rad, update time=0.088959s delay=0.158666s[0m
[rgbd_odometry-1] [0m[INFO] [1776442761.717093367] [rtabmap.rgbd_odometry]: Odom: quality=159, std dev=0.000132m|0.011465rad, update time=0.092981s delay=0.162430s[0m
[rgbd_odometry-1] [0m[INFO] [1776442761.863855720] [rtabmap.rgbd_odometry]: Odom: quality=175, std dev=0.000184m|0.013027rad, update time=0.106625s delay=0.175767s[0m
[rtabmap-2] [0m[INFO] [1776442761.928643576] [rtabmap.rtabmap]: rtabmap (28): Rate=0.50s, Limit=0.000s, Conversion=0.0010s, RTAB-Map=0.0615s, Maps update=0.0001s pub=0.0010s delay=0.2406s (local map=1, WM=1)[0m
[rgbd_odometry-1] [0m[INFO] [1776442761.998013357] [rtabmap.rgbd_odometry]: Odom: quality=173, std dev=0.000277m|0.013634rad, update time=0.104197s delay=0.176501s[0m
[rgbd_odometry-1] [0m[INFO] [1776442762.117419304] [rtabmap.rgbd_odometry]: Odom: quality=166, std dev=0.000802m|0.034000rad, update time=0.089574s delay=0.162486s[0m
[rgbd_odometry-1] [0m[INFO] [1776442762.253213437] [rtabmap.rgbd_odometry]: Odom: quality=176, std dev=0.000221m|0.012320rad, update time=0.095299s delay=0.164855s[0m
[rgbd_odometry-1] [0m[INFO] [1776442762.389039826] [rtabmap.rgbd_odometry]: Odom: quality=160, std dev=0.000120m|0.011465rad, update time=0.095158s delay=0.167257s[0m
[rtabmap-2] [0m[INFO] [1776442762.445760025] [rtabmap.rtabmap]: rtabmap (29): Rate=0.50s, Limit=0.000s, Conversion=0.0012s, RTAB-Map=0.0528s, Maps update=0.0001s pub=0.0014s delay=0.2240s (local map=1, WM=1)[0m
[rgbd_odometry-1] [0m[INFO] [1776442762.567316818] [rtabmap.rgbd_odometry]: Odom: quality=141, std dev=0.001288m|0.026295rad, update time=0.137985s delay=0.212105s[0m
[rgbd_odometry-1] [0m[INFO] [1776442762.739027477] [rtabmap.rgbd_odometry]: Odom: quality=132, std dev=0.001014m|0.026374rad, update time=0.112763s delay=0.183685s[0m
[rgbd_odometry-1] [0m[INFO] [1776442762.847927776] [rtabmap.rgbd_odometry]: Odom: quality=142, std dev=0.000300m|0.015865rad, update time=0.090021s delay=0.159155s[0m
[rgbd_odometry-1] [0m[INFO] [1776442762.984977081] [rtabmap.rgbd_odometry]: Odom: quality=205, std dev=0.000189m|0.015865rad, update time=0.092680s delay=0.162781s[0m
[rtabmap-2] [0m[INFO] [1776442763.026786353] [rtabmap.rtabmap]: rtabmap (30): Rate=0.50s, Limit=0.000s, Conversion=0.0015s, RTAB-Map=0.0347s, Maps update=0.0001s pub=0.0040s delay=0.2046s (local map=1, WM=1)[0m
[rgbd_odometry-1] [0m[INFO] [1776442763.124815170] [rtabmap.rgbd_odometry]: Odom: quality=199, std dev=0.000260m|0.011465rad, update time=0.096959s delay=0.169193s[0m
[rgbd_odometry-1] [0m[INFO] [1776442763.279654014] [rtabmap.rgbd_odometry]: Odom: quality=214, std dev=0.000441m|0.015492rad, update time=0.121193s delay=0.190603s[0m
[rgbd_odometry-1] [0m[INFO] [1776442763.432236696] [rtabmap.rgbd_odometry]: Odom: quality=134, std dev=0.000339m|0.022437rad, update time=0.135400s delay=0.209762s[0m
[rgbd_odometry-1] [0m[INFO] [1776442763.598060720] [rtabmap.rgbd_odometry]: Odom: quality=169, std dev=0.000759m|0.018423rad, update time=0.103601s delay=0.175447s[0m
[rtabmap-2] [0m[INFO] [1776442763.658688744] [rtabmap.rtabmap]: rtabmap (31): Rate=0.50s, Limit=0.000s, Conversion=0.0014s, RTAB-Map=0.0567s, Maps update=0.0001s pub=0.0012s delay=0.2361s (local map=1, WM=1)[0m
[rgbd_odometry-1] [0m[INFO] [1776442763.766894944] [rtabmap.rgbd_odometry]: Odom: quality=168, std dev=0.000285m|0.017689rad, update time=0.137264s delay=0.210852s[0m
[rgbd_odometry-1] [0m[INFO] [1776442763.929972713] [rtabmap.rgbd_odometry]: Odom: quality=153, std dev=0.000269m|0.016542rad, update time=0.102509s delay=0.173790s[0m
[rgbd_odometry-1] [0m[INFO] [1776442764.061778698] [rtabmap.rgbd_odometry]: Odom: quality=162, std dev=0.000222m|0.014651rad, update time=0.097659s delay=0.172169s[0m
[rgbd_odometry-1] [0m[INFO] [1776442764.193032764] [rtabmap.rgbd_odometry]: Odom: quality=156, std dev=0.000540m|0.026833rad, update time=0.094732s delay=0.169997s[0m
[rtabmap-2] [0m[INFO] [1776442764.255497898] [rtabmap.rtabmap]: rtabmap (32): Rate=0.50s, Limit=0.000s, Conversion=0.0012s, RTAB-Map=0.0464s, Maps update=0.0001s pub=0.0015s delay=0.2325s (local map=1, WM=1)[0m
[rgbd_odometry-1] [0m[INFO] [1776442764.328944052] [rtabmap.rgbd_odometry]: Odom: quality=155, std dev=0.000198m|0.014651rad, update time=0.101768s delay=0.172481s[0m
[rgbd_odometry-1] [0m[INFO] [1776442764.454905933] [rtabmap.rgbd_odometry]: Odom: quality=146, std dev=0.001098m|0.025017rad, update time=0.094803s delay=0.165015s[0m
[rgbd_odometry-1] [0m[INFO] [1776442764.580566749] [rtabmap.rgbd_odometry]: Odom: quality=241, std dev=0.000199m|0.008712rad, update time=0.088036s delay=0.157249s[0m
[rgbd_odometry-1] [0m[INFO] [1776442764.722241148] [rtabmap.rgbd_odometry]: Odom: quality=238, std dev=0.000254m|0.010360rad, update time=0.092555s delay=0.165498s[0m
[rtabmap-2] [0m[INFO] [1776442764.785608035] [rtabmap.rtabmap]: rtabmap (33): Rate=0.50s, Limit=0.000s, Conversion=0.0015s, RTAB-Map=0.0579s, Maps update=0.0001s pub=0.0012s delay=0.2289s (local map=1, WM=1)[0m
[rgbd_odometry-1] [0m[INFO] [1776442764.864353543] [rtabmap.rgbd_odometry]: Odom: quality=240, std dev=0.000554m|0.025377rad, update time=0.101179s delay=0.174187s[0m
[rgbd_odometry-1] [0m[INFO] [1776442765.008701427] [rtabmap.rgbd_odometry]: Odom: quality=221, std dev=0.000113m|0.008712rad, update time=0.107031s delay=0.185110s[0m
[rgbd_odometry-1] [0m[INFO] [1776442765.129015433] [rtabmap.rgbd_odometry]: Odom: quality=219, std dev=0.000294m|0.010360rad, update time=0.101388s delay=0.171999s[0m
[rgbd_odometry-1] [0m[INFO] [1776442765.262157681] [rtabmap.rgbd_odometry]: Odom: quality=222, std dev=0.000310m|0.010360rad, update time=0.097394s delay=0.171718s[0m
[rtabmap-2] [0m[INFO] [1776442765.311493891] [rtabmap.rtabmap]: rtabmap (34): Rate=0.50s, Limit=0.000s, Conversion=0.0012s, RTAB-Map=0.0440s, Maps update=0.0001s pub=0.0029s delay=0.2211s (local map=1, WM=1)[0m
[rgbd_odometry-1] [0m[INFO] [1776442765.390695573] [rtabmap.rgbd_odometry]: Odom: quality=202, std dev=0.000458m|0.014170rad, update time=0.096289s delay=0.166834s[0m
[rgbd_odometry-1] [0m[INFO] [1776442765.540310137] [rtabmap.rgbd_odometry]: Odom: quality=194, std dev=0.000552m|0.020720rad, update time=0.106381s delay=0.183025s[0m
[rgbd_odometry-1] [0m[INFO] [1776442765.654600481] [rtabmap.rgbd_odometry]: Odom: quality=177, std dev=0.000348m|0.016214rad, update time=0.094752s delay=0.163886s[0m
[rgbd_odometry-1] [0m[INFO] [1776442765.785923508] [rtabmap.rgbd_odometry]: Odom: quality=176, std dev=0.000305m|0.013634rad, update time=0.092506s delay=0.161774s[0m
[rtabmap-2] [0m[INFO] [1776442765.825301734] [rtabmap.rtabmap]: rtabmap (35): Rate=0.50s, Limit=0.000s, Conversion=0.0013s, RTAB-Map=0.0349s, Maps update=0.0001s pub=0.0018s delay=0.2012s (local map=1, WM=1)[0m
[rgbd_odometry-1] [0m[INFO] [1776442765.921763947] [rtabmap.rgbd_odometry]: Odom: quality=170, std dev=0.000306m|0.016851rad, update time=0.092090s delay=0.164178s[0m
[rgbd_odometry-1] [0m[INFO] [1776442766.054438502] [rtabmap.rgbd_odometry]: Odom: quality=159, std dev=0.000636m|0.028893rad, update time=0.091563s delay=0.163417s[0m
[rgbd_odometry-1] [0m[INFO] [1776442766.186421389] [rtabmap.rgbd_odometry]: Odom: quality=156, std dev=0.000266m|0.010360rad, update time=0.092352s delay=0.161964s[0m
[rgbd_odometry-1] [0m[INFO] [1776442766.313297216] [rtabmap.rgbd_odometry]: Odom: quality=167, std dev=0.000313m|0.018867rad, update time=0.085151s delay=0.155403s[0m
[rtabmap-2] [0m[INFO] [1776442766.356692006] [rtabmap.rtabmap]: rtabmap (36): Rate=0.50s, Limit=0.000s, Conversion=0.0035s, RTAB-Map=0.0357s, Maps update=0.0001s pub=0.0011s delay=0.1988s (local map=1, WM=1)[0m
[rgbd_odometry-1] [0m[INFO] [1776442766.451224307] [rtabmap.rgbd_odometry]: Odom: quality=158, std dev=0.001395m|0.029129rad, update time=0.090614s delay=0.159897s[0m
[rgbd_odometry-1] [0m[INFO] [1776442766.583999825] [rtabmap.rgbd_odometry]: Odom: quality=173, std dev=0.000202m|0.008712rad, update time=0.090145s delay=0.159235s[0m
[rgbd_odometry-1] [0m[INFO] [1776442766.717409729] [rtabmap.rgbd_odometry]: Odom: quality=178, std dev=0.000326m|0.014651rad, update time=0.089677s delay=0.159221s[0m
[rgbd_odometry-1] [0m[INFO] [1776442766.854006413] [rtabmap.rgbd_odometry]: Odom: quality=176, std dev=0.000373m|0.017144rad, update time=0.092142s delay=0.162396s[0m
[rtabmap-2] [0m[INFO] [1776442766.898536916] [rtabmap.rtabmap]: rtabmap (37): Rate=0.50s, Limit=0.000s, Conversion=0.0011s, RTAB-Map=0.0408s, Maps update=0.0001s pub=0.0010s delay=0.2069s (local map=1, WM=1)[0m
[rgbd_odometry-1] [0m[INFO] [1776442766.994718353] [rtabmap.rgbd_odometry]: Odom: quality=174, std dev=0.000805m|0.035700rad, update time=0.098703s delay=0.169685s[0m
[rgbd_odometry-1] [0m[INFO] [1776442767.122316825] [rtabmap.rgbd_odometry]: Odom: quality=171, std dev=0.000156m|0.000173rad, update time=0.092935s delay=0.163861s[0m
[rgbd_odometry-1] [0m[INFO] [1776442767.259838816] [rtabmap.rgbd_odometry]: Odom: quality=166, std dev=0.000173m|0.000173rad, update time=0.095429s delay=0.167962s[0m
[rgbd_odometry-1] [0m[INFO] [1776442767.387358214] [rtabmap.rgbd_odometry]: Odom: quality=172, std dev=0.000135m|0.011465rad, update time=0.092370s delay=0.162058s[0m
[rtabmap-2] [0m[INFO] [1776442767.424779840] [rtabmap.rtabmap]: rtabmap (38): Rate=0.50s, Limit=0.000s, Conversion=0.0011s, RTAB-Map=0.0324s, Maps update=0.0001s pub=0.0015s delay=0.1995s (local map=1, WM=1)[0m
[rgbd_odometry-1] [0m[INFO] [1776442767.521500972] [rtabmap.rgbd_odometry]: Odom: quality=168, std dev=0.000401m|0.022437rad, update time=0.090353s delay=0.162781s[0m
[rgbd_odometry-1] [0m[INFO] [1776442767.677797234] [rtabmap.rgbd_odometry]: Odom: quality=179, std dev=0.000165m|0.013027rad, update time=0.115535s delay=0.185653s[0m
[rgbd_odometry-1] [0m[INFO] [1776442767.789183558] [rtabmap.rgbd_odometry]: Odom: quality=183, std dev=0.000442m|0.013634rad, update time=0.094061s delay=0.163617s[0m
[rgbd_odometry-1] [0m[INFO] [1776442767.928016499] [rtabmap.rgbd_odometry]: Odom: quality=165, std dev=0.000734m|0.020388rad, update time=0.098142s delay=0.169026s[0m
[rtabmap-2] [0m[INFO] [1776442767.966125377] [rtabmap.rtabmap]: rtabmap (39): Rate=0.50s, Limit=0.000s, Conversion=0.0012s, RTAB-Map=0.0340s, Maps update=0.0001s pub=0.0012s delay=0.2071s (local map=1, WM=1)[0m
[rgbd_odometry-1] [0m[INFO] [1776442768.061036856] [rtabmap.rgbd_odometry]: Odom: quality=170, std dev=0.000432m|0.013634rad, update time=0.099725s delay=0.168624s[0m
[rgbd_odometry-1] [0m[INFO] [1776442768.196132953] [rtabmap.rgbd_odometry]: Odom: quality=162, std dev=0.001445m|0.026295rad, update time=0.097318s delay=0.170296s[0m
[rgbd_odometry-1] [0m[INFO] [1776442768.333228277] [rtabmap.rgbd_odometry]: Odom: quality=185, std dev=0.000238m|0.012320rad, update time=0.103550s delay=0.173970s[0m
[rgbd_odometry-1] [0m[INFO] [1776442768.462253510] [rtabmap.rgbd_odometry]: Odom: quality=186, std dev=0.000313m|0.020040rad, update time=0.099231s delay=0.169572s[0m
[rtabmap-2] [0m[INFO] [1776442768.507878701] [rtabmap.rtabmap]: rtabmap (40): Rate=0.50s, Limit=0.000s, Conversion=0.0015s, RTAB-Map=0.0418s, Maps update=0.0001s pub=0.0011s delay=0.2152s (local map=1, WM=1)[0m
[rgbd_odometry-1] [0m[INFO] [1776442768.613501403] [rtabmap.rgbd_odometry]: Odom: quality=177, std dev=0.000222m|0.017689rad, update time=0.108609s delay=0.187397s[0m
[rgbd_odometry-1] [0m[INFO] [1776442768.725860491] [rtabmap.rgbd_odometry]: Odom: quality=194, std dev=0.000827m|0.027198rad, update time=0.096620s delay=0.166334s[0m
[rgbd_odometry-1] [0m[INFO] [1776442768.853391057] [rtabmap.rgbd_odometry]: Odom: quality=182, std dev=0.000492m|0.023166rad, update time=0.090061s delay=0.160443s[0m
[rgbd_odometry-1] [0m[INFO] [1776442768.986364853] [rtabmap.rgbd_odometry]: Odom: quality=182, std dev=0.000316m|0.012320rad, update time=0.091108s delay=0.159994s[0m
[rtabmap-2] [0m[INFO] [1776442769.025043347] [rtabmap.rtabmap]: rtabmap (41): Rate=0.50s, Limit=0.000s, Conversion=0.0027s, RTAB-Map=0.0332s, Maps update=0.0001s pub=0.0015s delay=0.1987s (local map=1, WM=1)[0m
[rgbd_odometry-1] [0m[INFO] [1776442769.127113210] [rtabmap.rgbd_odometry]: Odom: quality=188, std dev=0.000203m|0.008712rad, update time=0.096835s delay=0.167320s[0m
[rgbd_odometry-1] [0m[INFO] [1776442769.256569784] [rtabmap.rgbd_odometry]: Odom: quality=193, std dev=0.000233m|0.008712rad, update time=0.093619s delay=0.163354s[0m
[rgbd_odometry-1] [0m[INFO] [1776442769.392822075] [rtabmap.rgbd_odometry]: Odom: quality=184, std dev=0.000194m|0.011465rad, update time=0.094141s delay=0.166187s[0m
[rgbd_odometry-1] [0m[INFO] [1776442769.526942433] [rtabmap.rgbd_odometry]: Odom: quality=181, std dev=0.000570m|0.023616rad, update time=0.094172s delay=0.166884s[0m
[rtabmap-2] [0m[INFO] [1776442769.567283055] [rtabmap.rtabmap]: rtabmap (42): Rate=0.50s, Limit=0.000s, Conversion=0.0012s, RTAB-Map=0.0357s, Maps update=0.0001s pub=0.0021s delay=0.2072s (local map=1, WM=1)[0m
[rgbd_odometry-1] [0m[INFO] [1776442769.654555082] [rtabmap.rgbd_odometry]: Odom: quality=174, std dev=0.000767m|0.036701rad, update time=0.091783s delay=0.161075s[0m
[rgbd_odometry-1] [0m[INFO] [1776442769.788281188] [rtabmap.rgbd_odometry]: Odom: quality=176, std dev=0.000615m|0.015492rad, update time=0.091447s delay=0.161379s[0m
[rgbd_odometry-1] [0m[INFO] [1776442769.919130154] [rtabmap.rgbd_odometry]: Odom: quality=186, std dev=0.000562m|0.016542rad, update time=0.088768s delay=0.158802s[0m
[rgbd_odometry-1] [0m[INFO] [1776442770.056640978] [rtabmap.rgbd_odometry]: Odom: quality=178, std dev=0.001194m|0.021630rad, update time=0.091318s delay=0.162891s[0m
[rtabmap-2] [0m[INFO] [1776442770.101309437] [rtabmap.rtabmap]: rtabmap (43): Rate=0.50s, Limit=0.000s, Conversion=0.0011s, RTAB-Map=0.0407s, Maps update=0.0003s pub=0.0011s delay=0.2076s (local map=1, WM=1)[0m
[rgbd_odometry-1] [0m[INFO] [1776442770.193332481] [rtabmap.rgbd_odometry]: Odom: quality=186, std dev=0.000385m|0.015089rad, update time=0.095550s delay=0.166158s[0m
[rgbd_odometry-1] [0m[INFO] [1776442770.325372683] [rtabmap.rgbd_odometry]: Odom: quality=166, std dev=0.000807m|0.023506rad, update time=0.092547s delay=0.164777s[0m
[rgbd_odometry-1] [0m[INFO] [1776442770.457754782] [rtabmap.rgbd_odometry]: Odom: quality=188, std dev=0.000145m|0.010360rad, update time=0.093151s delay=0.163736s[0m
[rgbd_odometry-1] [0m[INFO] [1776442770.589821864] [rtabmap.rgbd_odometry]: Odom: quality=180, std dev=0.001615m|0.028084rad, update time=0.091272s delay=0.162383s[0m
[rtabmap-2] [0m[INFO] [1776442770.628178749] [rtabmap.rtabmap]: rtabmap (44): Rate=0.50s, Limit=0.000s, Conversion=0.0011s, RTAB-Map=0.0349s, Maps update=0.0001s pub=0.0011s delay=0.2007s (local map=1, WM=1)[0m
[rgbd_odometry-1] [0m[INFO] [1776442770.727268621] [rtabmap.rgbd_odometry]: Odom: quality=172, std dev=0.000165m|0.013027rad, update time=0.094348s delay=0.166403s[0m
[rgbd_odometry-1] [0m[INFO] [1776442770.858811208] [rtabmap.rgbd_odometry]: Odom: quality=190, std dev=0.000229m|0.000173rad, update time=0.092897s delay=0.164523s[0m
[rgbd_odometry-1] [0m[INFO] [1776442770.994209875] [rtabmap.rgbd_odometry]: Odom: quality=188, std dev=0.000145m|0.013634rad, update time=0.095731s delay=0.166496s[0m
[rgbd_odometry-1] [0m[INFO] [1776442771.126109592] [rtabmap.rgbd_odometry]: Odom: quality=178, std dev=0.000282m|0.014170rad, update time=0.095438s delay=0.164972s[0m
[rtabmap-2] [0m[INFO] [1776442771.165784883] [rtabmap.rtabmap]: rtabmap (45): Rate=0.50s, Limit=0.000s, Conversion=0.0011s, RTAB-Map=0.0349s, Maps update=0.0001s pub=0.0011s delay=0.2047s (local map=1, WM=1)[0m
[rgbd_odometry-1] [0m[INFO] [1776442771.264859619] [rtabmap.rgbd_odometry]: Odom: quality=188, std dev=0.000469m|0.016214rad, update time=0.094519s delay=0.170299s[0m
[rgbd_odometry-1] [0m[INFO] [1776442771.393660303] [rtabmap.rgbd_odometry]: Odom: quality=181, std dev=0.001033m|0.023616rad, update time=0.094330s delay=0.165670s[0m
[rgbd_odometry-1] [0m[INFO] [1776442771.522591423] [rtabmap.rgbd_odometry]: Odom: quality=190, std dev=0.000730m|0.027953rad, update time=0.091682s delay=0.161179s[0m
[rgbd_odometry-1] [0m[INFO] [1776442771.657892486] [rtabmap.rgbd_odometry]: Odom: quality=170, std dev=0.001154m|0.035540rad, update time=0.092806s delay=0.163059s[0m
[rtabmap-2] [0m[INFO] [1776442771.695913137] [rtabmap.rtabmap]: rtabmap (46): Rate=0.50s, Limit=0.000s, Conversion=0.0017s, RTAB-Map=0.0333s, Maps update=0.0001s pub=0.0015s delay=0.2011s (local map=1, WM=1)[0m
[rgbd_odometry-1] [0m[INFO] [1776442771.794700026] [rtabmap.rgbd_odometry]: Odom: quality=186, std dev=0.000305m|0.015492rad, update time=0.091392s delay=0.166442s[0m
[rgbd_odometry-1] [0m[INFO] [1776442771.935596003] [rtabmap.rgbd_odometry]: Odom: quality=179, std dev=0.000196m|0.008712rad, update time=0.102984s delay=0.173914s[0m
[rgbd_odometry-1] [0m[INFO] [1776442772.054608500] [rtabmap.rgbd_odometry]: Odom: quality=181, std dev=0.000624m|0.018188rad, update time=0.089426s delay=0.159502s[0m
[rgbd_odometry-1] [0m[INFO] [1776442772.192449477] [rtabmap.rgbd_odometry]: Odom: quality=189, std dev=0.000539m|0.017944rad, update time=0.092474s delay=0.163920s[0m
[rtabmap-2] [0m[INFO] [1776442772.236932267] [rtabmap.rtabmap]: rtabmap (47): Rate=0.50s, Limit=0.000s, Conversion=0.0016s, RTAB-Map=0.0397s, Maps update=0.0001s pub=0.0015s delay=0.2084s (local map=1, WM=1)[0m
[rgbd_odometry-1] [0m[INFO] [1776442772.328155129] [rtabmap.rgbd_odometry]: Odom: quality=179, std dev=0.001695m|0.028277rad, update time=0.088024s delay=0.166204s[0m
[rgbd_odometry-1] [0m[INFO] [1776442772.462485540] [rtabmap.rgbd_odometry]: Odom: quality=169, std dev=0.000263m|0.008712rad, update time=0.095116s delay=0.167112s[0m
[rgbd_odometry-1] [0m[INFO] [1776442772.593664533] [rtabmap.rgbd_odometry]: Odom: quality=190, std dev=0.000112m|0.011465rad, update time=0.090872s delay=0.164867s[0m
[rgbd_odometry-1] [0m[INFO] [1776442772.733749127] [rtabmap.rgbd_odometry]: Odom: quality=181, std dev=0.000182m|0.008712rad, update time=0.097351s delay=0.171528s[0m
[rtabmap-2] [0m[INFO] [1776442772.775834504] [rtabmap.rtabmap]: rtabmap (48): Rate=0.50s, Limit=0.000s, Conversion=0.0012s, RTAB-Map=0.0365s, Maps update=0.0001s pub=0.0011s delay=0.2136s (local map=1, WM=1)[0m
[rgbd_odometry-1] [0m[INFO] [1776442772.868103924] [rtabmap.rgbd_odometry]: Odom: quality=186, std dev=0.000747m|0.036286rad, update time=0.095767s delay=0.172459s[0m
[rgbd_odometry-1] [0m[INFO] [1776442773.044883979] [rtabmap.rgbd_odometry]: Odom: quality=184, std dev=0.000737m|0.024144rad, update time=0.141578s delay=0.215815s[0m
[rgbd_odometry-1] [0m[INFO] [1776442773.207023515] [rtabmap.rgbd_odometry]: Odom: quality=173, std dev=0.000144m|0.010360rad, update time=0.107571s delay=0.177817s[0m
[rgbd_odometry-1] [0m[INFO] [1776442773.327471413] [rtabmap.rgbd_odometry]: Odom: quality=179, std dev=0.000115m|0.008712rad, update time=0.095041s delay=0.164839s[0m
[rtabmap-2] [0m[INFO] [1776442773.370345229] [rtabmap.rtabmap]: rtabmap (49): Rate=0.50s, Limit=0.000s, Conversion=0.0015s, RTAB-Map=0.0381s, Maps update=0.0001s pub=0.0028s delay=0.2077s (local map=1, WM=1)[0m
[rgbd_odometry-1] [0m[INFO] [1776442773.454523599] [rtabmap.rgbd_odometry]: Odom: quality=189, std dev=0.000236m|0.014651rad, update time=0.088629s delay=0.158472s[0m
[rgbd_odometry-1] [0m[INFO] [1776442773.597450227] [rtabmap.rgbd_odometry]: Odom: quality=172, std dev=0.000193m|0.015492rad, update time=0.095820s delay=0.167976s[0m
[rgbd_odometry-1] [0m[INFO] [1776442773.725706512] [rtabmap.rgbd_odometry]: Odom: quality=172, std dev=0.000173m|0.011465rad, update time=0.091472s delay=0.162809s[0m
[rgbd_odometry-1] [0m[INFO] [1776442773.850537321] [rtabmap.rgbd_odometry]: Odom: quality=172, std dev=0.000351m|0.014651rad, update time=0.083708s delay=0.154217s[0m
[rtabmap-2] [0m[INFO] [1776442773.887537431] [rtabmap.rtabmap]: rtabmap (50): Rate=0.50s, Limit=0.000s, Conversion=0.0024s, RTAB-Map=0.0316s, Maps update=0.0001s pub=0.0014s delay=0.1912s (local map=1, WM=1)[0m
[rgbd_odometry-1] [0m[INFO] [1776442773.998002065] [rtabmap.rgbd_odometry]: Odom: quality=180, std dev=0.000115m|0.008712rad, update time=0.092480s delay=0.168257s[0m
[rgbd_odometry-1] [0m[INFO] [1776442774.132482145] [rtabmap.rgbd_odometry]: Odom: quality=168, std dev=0.000106m|0.012320rad, update time=0.093976s delay=0.169313s[0m
[rgbd_odometry-1] [0m[INFO] [1776442774.303182761] [rtabmap.rgbd_odometry]: Odom: quality=187, std dev=0.000111m|0.008712rad, update time=0.126427s delay=0.206592s[0m
[rgbd_odometry-1] [0m[INFO] [1776442774.411899600] [rtabmap.rgbd_odometry]: Odom: quality=188, std dev=0.000254m|0.010360rad, update time=0.103277s delay=0.181888s[0m
[rtabmap-2] [0m[INFO] [1776442774.473347233] [rtabmap.rtabmap]: rtabmap (51): Rate=0.50s, Limit=0.000s, Conversion=0.0011s, RTAB-Map=0.0554s, Maps update=0.0001s pub=0.0011s delay=0.2433s (local map=1, WM=1)[0m
[rgbd_odometry-1] [0m[INFO] [1776442774.540470998] [rtabmap.rgbd_odometry]: Odom: quality=163, std dev=0.000374m|0.018867rad, update time=0.100944s delay=0.177035s[0m
[rgbd_odometry-1] [0m[INFO] [1776442774.677201127] [rtabmap.rgbd_odometry]: Odom: quality=141, std dev=0.000229m|0.000173rad, update time=0.108686s delay=0.180342s[0m
[rgbd_odometry-1] [0m[INFO] [1776442774.795150842] [rtabmap.rgbd_odometry]: Odom: quality=143, std dev=0.000377m|0.013027rad, update time=0.095674s delay=0.164865s[0m
[rgbd_odometry-1] [0m[INFO] [1776442774.923608348] [rtabmap.rgbd_odometry]: Odom: quality=193, std dev=0.000171m|0.012320rad, update time=0.089499s delay=0.159893s[0m
[rtabmap-2] [0m[INFO] [1776442774.972858764] [rtabmap.rtabmap]: rtabmap (52): Rate=0.50s, Limit=0.000s, Conversion=0.0019s, RTAB-Map=0.0295s, Maps update=0.0001s pub=0.0058s delay=0.2092s (local map=1, WM=1)[0m
[rgbd_odometry-1] [0m[INFO] [1776442775.058285362] [rtabmap.rgbd_odometry]: Odom: quality=200, std dev=0.000139m|0.010360rad, update time=0.090836s delay=0.161148s[0m
[rgbd_odometry-1] [0m[INFO] [1776442775.185900284] [rtabmap.rgbd_odometry]: Odom: quality=188, std dev=0.000480m|0.023831rad, update time=0.085059s delay=0.155338s[0m
[rgbd_odometry-1] [0m[INFO] [1776442775.326473181] [rtabmap.rgbd_odometry]: Odom: quality=188, std dev=0.000260m|0.016214rad, update time=0.088433s delay=0.162485s[0m
[rgbd_odometry-1] [0m[INFO] [1776442775.458258944] [rtabmap.rgbd_odometry]: Odom: quality=201, std dev=0.000268m|0.012320rad, update time=0.088091s delay=0.160845s[0m
[rtabmap-2] [0m[INFO] [1776442775.497476110] [rtabmap.rtabmap]: rtabmap (53): Rate=0.50s, Limit=0.000s, Conversion=0.0016s, RTAB-Map=0.0345s, Maps update=0.0001s pub=0.0010s delay=0.2001s (local map=1, WM=1)[0m
[rgbd_odometry-1] [0m[INFO] [1776442775.595952173] [rtabmap.rgbd_odometry]: Odom: quality=194, std dev=0.000107m|0.008712rad, update time=0.092148s delay=0.165113s[0m
[rgbd_odometry-1] [0m[INFO] [1776442775.752935593] [rtabmap.rgbd_odometry]: Odom: quality=192, std dev=0.000631m|0.020388rad, update time=0.116432s delay=0.188666s[0m
[rgbd_odometry-1] [0m[INFO] [1776442775.884351841] [rtabmap.rgbd_odometry]: Odom: quality=199, std dev=0.000102m|0.008712rad, update time=0.117058s delay=0.186648s[0m
[rgbd_odometry-1] [0m[INFO] [1776442776.025259723] [rtabmap.rgbd_odometry]: Odom: quality=152, std dev=0.000218m|0.017144rad, update time=0.121056s delay=0.194122s[0m
[rtabmap-2] [0m[INFO] [1776442776.079293925] [rtabmap.rtabmap]: rtabmap (54): Rate=0.50s, Limit=0.000s, Conversion=0.0011s, RTAB-Map=0.0506s, Maps update=0.0001s pub=0.0040s delay=0.2482s (local map=1, WM=1)[0m
[rgbd_odometry-1] [0m[INFO] [1776442776.138690203] [rtabmap.rgbd_odometry]: Odom: quality=157, std dev=0.000208m|0.018188rad, update time=0.103676s delay=0.174124s[0m
[rgbd_odometry-1] [0m[INFO] [1776442776.262066123] [rtabmap.rgbd_odometry]: Odom: quality=155, std dev=0.000498m|0.027617rad, update time=0.092061s delay=0.164069s[0m
[rgbd_odometry-1] [0m[INFO] [1776442776.394451903] [rtabmap.rgbd_odometry]: Odom: quality=159, std dev=0.000134m|0.008712rad, update time=0.091194s delay=0.163024s[0m
[rgbd_odometry-1] [0m[INFO] [1776442776.524964829] [rtabmap.rgbd_odometry]: Odom: quality=157, std dev=0.000973m|0.034813rad, update time=0.087322s delay=0.160105s[0m
[rtabmap-2] [0m[INFO] [1776442776.562961672] [rtabmap.rtabmap]: rtabmap (55): Rate=0.50s, Limit=0.000s, Conversion=0.0019s, RTAB-Map=0.0319s, Maps update=0.0001s pub=0.0015s delay=0.1981s (local map=1, WM=1)[0m
[rgbd_odometry-1] [0m[INFO] [1776442776.663001268] [rtabmap.rgbd_odometry]: Odom: quality=164, std dev=0.000432m|0.016214rad, update time=0.089997s delay=0.164707s[0m
[rgbd_odometry-1] [0m[INFO] [1776442776.793120679] [rtabmap.rgbd_odometry]: Odom: quality=168, std dev=0.000855m|0.021630rad, update time=0.089160s delay=0.161391s[0m
[rgbd_odometry-1] [0m[INFO] [1776442776.927054024] [rtabmap.rgbd_odometry]: Odom: quality=158, std dev=0.000373m|0.012320rad, update time=0.091365s delay=0.161891s[0m
[rgbd_odometry-1] [0m[INFO] [1776442777.061340851] [rtabmap.rgbd_odometry]: Odom: quality=158, std dev=0.000267m|0.010360rad, update time=0.091701s delay=0.162740s[0m
[rtabmap-2] [0m[INFO] [1776442777.114427378] [rtabmap.rtabmap]: rtabmap (56): Rate=0.50s, Limit=0.000s, Conversion=0.0011s, RTAB-Map=0.0482s, Maps update=0.0001s pub=0.0019s delay=0.2158s (local map=1, WM=1)[0m
[rgbd_odometry-1] [0m[INFO] [1776442777.200565741] [rtabmap.rgbd_odometry]: Odom: quality=156, std dev=0.000216m|0.010360rad, update time=0.094162s delay=0.168529s[0m
[rgbd_odometry-1] [0m[INFO] [1776442777.333449968] [rtabmap.rgbd_odometry]: Odom: quality=154, std dev=0.000540m|0.027198rad, update time=0.097758s delay=0.167975s[0m
[rgbd_odometry-1] [0m[INFO] [1776442777.470211427] [rtabmap.rgbd_odometry]: Odom: quality=156, std dev=0.000730m|0.023831rad, update time=0.097785s delay=0.171300s[0m
[rgbd_odometry-1] [0m[INFO] [1776442777.597560549] [rtabmap.rgbd_odometry]: Odom: quality=150, std dev=0.000702m|0.029695rad, update time=0.089480s delay=0.165212s[0m
[rtabmap-2] [0m[INFO] [1776442777.638694251] [rtabmap.rtabmap]: rtabmap (57): Rate=0.50s, Limit=0.000s, Conversion=0.0013s, RTAB-Map=0.0319s, Maps update=0.0001s pub=0.0052s delay=0.2064s (local map=1, WM=1)[0m
[rgbd_odometry-1] [0m[INFO] [1776442777.732331519] [rtabmap.rgbd_odometry]: Odom: quality=193, std dev=0.000289m|0.010360rad, update time=0.094623s delay=0.166559s[0m
[rgbd_odometry-1] [0m[INFO] [1776442777.871929860] [rtabmap.rgbd_odometry]: Odom: quality=203, std dev=0.000148m|0.011465rad, update time=0.102941s delay=0.172728s[0m
[rgbd_odometry-1] [0m[INFO] [1776442777.993925483] [rtabmap.rgbd_odometry]: Odom: quality=207, std dev=0.000124m|0.000173rad, update time=0.092119s delay=0.161297s[0m
[rgbd_odometry-1] [0m[INFO] [1776442778.140284212] [rtabmap.rgbd_odometry]: Odom: quality=210, std dev=0.000553m|0.018188rad, update time=0.100510s delay=0.174229s[0m
[rtabmap-2] [0m[INFO] [1776442778.181638592] [rtabmap.rtabmap]: rtabmap (58): Rate=0.50s, Limit=0.000s, Conversion=0.0015s, RTAB-Map=0.0377s, Maps update=0.0001s pub=0.0009s delay=0.2156s (local map=1, WM=1)[0m
[rgbd_odometry-1] [0m[INFO] [1776442778.268702454] [rtabmap.rgbd_odometry]: Odom: quality=190, std dev=0.000100m|0.011465rad, update time=0.097676s delay=0.169220s[0m
[rgbd_odometry-1] [0m[INFO] [1776442778.394862070] [rtabmap.rgbd_odometry]: Odom: quality=194, std dev=0.000147m|0.011465rad, update time=0.090729s delay=0.161953s[0m
[rgbd_odometry-1] [0m[INFO] [1776442778.533208695] [rtabmap.rgbd_odometry]: Odom: quality=208, std dev=0.000192m|0.014651rad, update time=0.092849s delay=0.166871s[0m
[rgbd_odometry-1] [0m[INFO] [1776442778.656302079] [rtabmap.rgbd_odometry]: Odom: quality=193, std dev=0.000312m|0.015089rad, update time=0.086416s delay=0.156540s[0m
[rtabmap-2] [0m[INFO] [1776442778.698379456] [rtabmap.rtabmap]: rtabmap (59): Rate=0.50s, Limit=0.000s, Conversion=0.0017s, RTAB-Map=0.0332s, Maps update=0.0001s pub=0.0060s delay=0.1986s (local map=1, WM=1)[0m
[rgbd_odometry-1] [0m[INFO] [1776442778.797323341] [rtabmap.rgbd_odometry]: Odom: quality=200, std dev=0.000175m|0.000173rad, update time=0.090593s delay=0.164132s[0m
[rgbd_odometry-1] [0m[INFO] [1776442778.922911805] [rtabmap.rgbd_odometry]: Odom: quality=191, std dev=0.000559m|0.018188rad, update time=0.085848s delay=0.156294s[0m
[rgbd_odometry-1] [0m[INFO] [1776442779.065545210] [rtabmap.rgbd_odometry]: Odom: quality=200, std dev=0.000479m|0.016851rad, update time=0.095476s delay=0.165498s[0m
[rgbd_odometry-1] [0m[INFO] [1776442779.187902604] [rtabmap.rgbd_odometry]: Odom: quality=187, std dev=0.000395m|0.015089rad, update time=0.083160s delay=0.154428s[0m
[rtabmap-2] [0m[INFO] [1776442779.251025614] [rtabmap.rtabmap]: rtabmap (60): Rate=0.50s, Limit=0.000s, Conversion=0.0029s, RTAB-Map=0.0549s, Maps update=0.0001s pub=0.0011s delay=0.2176s (local map=1, WM=1)[0m
[rgbd_odometry-1] [0m[INFO] [1776442779.330243649] [rtabmap.rgbd_odometry]: Odom: quality=194, std dev=0.000411m|0.020388rad, update time=0.091701s delay=0.163340s[0m
[rgbd_odometry-1] [0m[INFO] [1776442779.457544962] [rtabmap.rgbd_odometry]: Odom: quality=197, std dev=0.000846m|0.025377rad, update time=0.085801s delay=0.157215s[0m
[rgbd_odometry-1] [0m[INFO] [1776442779.590706029] [rtabmap.rgbd_odometry]: Odom: quality=205, std dev=0.000241m|0.014170rad, update time=0.086886s delay=0.156950s[0m
[rgbd_odometry-1] [0m[INFO] [1776442779.730866595] [rtabmap.rgbd_odometry]: Odom: quality=191, std dev=0.000203m|0.012320rad, update time=0.091126s delay=0.163678s[0m
[rtabmap-2] [0m[INFO] [1776442779.805457680] [rtabmap.rtabmap]: rtabmap (61): Rate=0.50s, Limit=0.000s, Conversion=0.0012s, RTAB-Map=0.0694s, Maps update=0.0001s pub=0.0011s delay=0.2383s (local map=1, WM=1)[0m
[rgbd_odometry-1] [0m[INFO] [1776442779.880722641] [rtabmap.rgbd_odometry]: Odom: quality=204, std dev=0.000112m|0.010360rad, update time=0.106714s delay=0.180111s[0m
[rgbd_odometry-1] [0m[INFO] [1776442779.993760022] [rtabmap.rgbd_odometry]: Odom: quality=210, std dev=0.000175m|0.000173rad, update time=0.089634s delay=0.159720s[0m
[rgbd_odometry-1] [0m[INFO] [1776442780.135096717] [rtabmap.rgbd_odometry]: Odom: quality=198, std dev=0.000272m|0.000173rad, update time=0.094341s delay=0.167626s[0m
[rgbd_odometry-1] [0m[INFO] [1776442780.259267925] [rtabmap.rgbd_odometry]: Odom: quality=193, std dev=0.000460m|0.016214rad, update time=0.086941s delay=0.158370s[0m
[rtabmap-2] [0m[INFO] [1776442780.297717165] [rtabmap.rtabmap]: rtabmap (62): Rate=0.50s, Limit=0.000s, Conversion=0.0023s, RTAB-Map=0.0325s, Maps update=0.0001s pub=0.0013s delay=0.1968s (local map=1, WM=1)[0m
[rgbd_odometry-1] [0m[INFO] [1776442780.405295316] [rtabmap.rgbd_odometry]: Odom: quality=189, std dev=0.000105m|0.008712rad, update time=0.099693s delay=0.170970s[0m
[rgbd_odometry-1] [0m[INFO] [1776442780.540622558] [rtabmap.rgbd_odometry]: Odom: quality=200, std dev=0.000242m|0.015865rad, update time=0.097525s delay=0.172870s[0m
[rgbd_odometry-1] [0m[INFO] [1776442780.670069886] [rtabmap.rgbd_odometry]: Odom: quality=201, std dev=0.000735m|0.030230rad, update time=0.096175s delay=0.168889s[0m
[rgbd_odometry-1] [0m[INFO] [1776442780.801699484] [rtabmap.rgbd_odometry]: Odom: quality=201, std dev=0.000277m|0.000173rad, update time=0.096411s delay=0.167092s[0m
[rtabmap-2] [0m[INFO] [1776442780.845090083] [rtabmap.rtabmap]: rtabmap (63): Rate=0.50s, Limit=0.000s, Conversion=0.0012s, RTAB-Map=0.0376s, Maps update=0.0001s pub=0.0031s delay=0.2105s (local map=1, WM=1)[0m
[rgbd_odometry-1] [0m[INFO] [1776442780.933587619] [rtabmap.rgbd_odometry]: Odom: quality=193, std dev=0.000207m|0.010360rad, update time=0.095969s delay=0.165554s[0m
[rgbd_odometry-1] [0m[INFO] [1776442781.064523886] [rtabmap.rgbd_odometry]: Odom: quality=204, std dev=0.001120m|0.023281rad, update time=0.088197s delay=0.163063s[0m
[rgbd_odometry-1] [0m[INFO] [1776442781.198703767] [rtabmap.rgbd_odometry]: Odom: quality=200, std dev=0.000245m|0.011465rad, update time=0.092284s delay=0.163819s[0m
[rgbd_odometry-1] [0m[INFO] [1776442781.324689554] [rtabmap.rgbd_odometry]: Odom: quality=208, std dev=0.000172m|0.000173rad, update time=0.084912s delay=0.156375s[0m
[rtabmap-2] [0m[INFO] [1776442781.366633615] [rtabmap.rtabmap]: rtabmap (64): Rate=0.50s, Limit=0.000s, Conversion=0.0013s, RTAB-Map=0.0384s, Maps update=0.0001s pub=0.0010s delay=0.1983s (local map=1, WM=1)[0m
[rgbd_odometry-1] [0m[INFO] [1776442781.461299553] [rtabmap.rgbd_odometry]: Odom: quality=208, std dev=0.000355m|0.024144rad, update time=0.087347s delay=0.159562s[0m
[rgbd_odometry-1] [0m[INFO] [1776442781.594254919] [rtabmap.rgbd_odometry]: Odom: quality=200, std dev=0.000278m|0.008712rad, update time=0.086562s delay=0.159090s[0m
[rgbd_odometry-1] [0m[INFO] [1776442781.724579808] [rtabmap.rgbd_odometry]: Odom: quality=208, std dev=0.000680m|0.030073rad, update time=0.084176s delay=0.155982s[0m
[rgbd_odometry-1] [0m[INFO] [1776442781.859493726] [rtabmap.rgbd_odometry]: Odom: quality=201, std dev=0.000462m|0.014651rad, update time=0.085690s delay=0.157465s[0m
[rtabmap-2] [0m[INFO] [1776442781.904977346] [rtabmap.rtabmap]: rtabmap (65): Rate=0.50s, Limit=0.000s, Conversion=0.0015s, RTAB-Map=0.0414s, Maps update=0.0001s pub=0.0010s delay=0.2030s (local map=1, WM=1)[0m
[rgbd_odometry-1] [0m[INFO] [1776442781.994150933] [rtabmap.rgbd_odometry]: Odom: quality=200, std dev=0.000761m|0.037215rad, update time=0.084879s delay=0.158688s[0m
[rgbd_odometry-1] [0m[INFO] [1776442782.128865709] [rtabmap.rgbd_odometry]: Odom: quality=200, std dev=0.000296m|0.019672rad, update time=0.087287s delay=0.159970s[0m
[rgbd_odometry-1] [0m[INFO] [1776442782.262471846] [rtabmap.rgbd_odometry]: Odom: quality=204, std dev=0.000324m|0.018423rad, update time=0.087023s delay=0.160143s[0m
[rgbd_odometry-1] [0m[INFO] [1776442782.392635130] [rtabmap.rgbd_odometry]: Odom: quality=191, std dev=0.000393m|0.025464rad, update time=0.084390s delay=0.156874s[0m
[rtabmap-2] [0m[INFO] [1776442782.424991490] [rtabmap.rtabmap]: rtabmap (66): Rate=0.50s, Limit=0.000s, Conversion=0.0012s, RTAB-Map=0.0289s, Maps update=0.0001s pub=0.0010s delay=0.1892s (local map=1, WM=1)[0m
[rgbd_odometry-1] [0m[INFO] [1776442782.524492416] [rtabmap.rgbd_odometry]: Odom: quality=187, std dev=0.000250m|0.016214rad, update time=0.085105s delay=0.155296s[0m
[rgbd_odometry-1] [0m[INFO] [1776442782.664671383] [rtabmap.rgbd_odometry]: Odom: quality=196, std dev=0.000166m|0.013027rad, update time=0.089361s delay=0.162045s[0m
[rgbd_odometry-1] [0m[INFO] [1776442782.794162168] [rtabmap.rgbd_odometry]: Odom: quality=203, std dev=0.000476m|0.017689rad, update time=0.087658s delay=0.158106s[0m
[rgbd_odometry-1] [0m[INFO] [1776442782.930494271] [rtabmap.rgbd_odometry]: Odom: quality=200, std dev=0.000625m|0.019480rad, update time=0.087650s delay=0.161010s[0m
[rtabmap-2] [0m[INFO] [1776442782.966701942] [rtabmap.rtabmap]: rtabmap (67): Rate=0.50s, Limit=0.000s, Conversion=0.0011s, RTAB-Map=0.0323s, Maps update=0.0001s pub=0.0010s delay=0.1972s (local map=1, WM=1)[0m
[rgbd_odometry-1] [0m[INFO] [1776442783.064138777] [rtabmap.rgbd_odometry]: Odom: quality=194, std dev=0.000111m|0.012320rad, update time=0.088758s delay=0.161227s[0m
[rgbd_odometry-1] [0m[INFO] [1776442783.199752171] [rtabmap.rgbd_odometry]: Odom: quality=193, std dev=0.000898m|0.026758rad, update time=0.089706s delay=0.163413s[0m
[rgbd_odometry-1] [0m[INFO] [1776442783.322280387] [rtabmap.rgbd_odometry]: Odom: quality=195, std dev=0.000414m|0.022563rad, update time=0.082854s delay=0.152513s[0m
[rgbd_odometry-1] [0m[INFO] [1776442783.456687123] [rtabmap.rgbd_odometry]: Odom: quality=191, std dev=0.000376m|0.018867rad, update time=0.082259s delay=0.153494s[0m
[rtabmap-2] [0m[INFO] [1776442783.516350769] [rtabmap.rtabmap]: rtabmap (68): Rate=0.50s, Limit=0.000s, Conversion=0.0017s, RTAB-Map=0.0549s, Maps update=0.0001s pub=0.0011s delay=0.2132s (local map=1, WM=1)[0m
[rgbd_odometry-1] [0m[INFO] [1776442783.602487468] [rtabmap.rgbd_odometry]: Odom: quality=204, std dev=0.000247m|0.008712rad, update time=0.093042s delay=0.165867s[0m
[rgbd_odometry-1] [0m[INFO] [1776442783.728001211] [rtabmap.rgbd_odometry]: Odom: quality=207, std dev=0.001379m|0.025108rad, update time=0.088667s delay=0.157952s[0m
[rgbd_odometry-1] [0m[INFO] [1776442783.857775460] [rtabmap.rgbd_odometry]: Odom: quality=211, std dev=0.000146m|0.013027rad, update time=0.082339s delay=0.154299s[0m
[rgbd_odometry-1] [0m[INFO] [1776442783.998427017] [rtabmap.rgbd_odometry]: Odom: quality=205, std dev=0.000107m|0.008712rad, update time=0.090508s delay=0.161522s[0m
[rtabmap-2] [0m[INFO] [1776442784.030336612] [rtabmap.rtabmap]: rtabmap (69): Rate=0.50s, Limit=0.000s, Conversion=0.0013s, RTAB-Map=0.0282s, Maps update=0.0001s pub=0.0010s delay=0.1934s (local map=1, WM=1)[0m
[rgbd_odometry-1] [0m[INFO] [1776442784.132162437] [rtabmap.rgbd_odometry]: Odom: quality=197, std dev=0.000727m|0.021036rad, update time=0.087880s delay=0.161830s[0m
[rgbd_odometry-1] [0m[INFO] [1776442784.266032165] [rtabmap.rgbd_odometry]: Odom: quality=207, std dev=0.000175m|0.010360rad, update time=0.091884s delay=0.162272s[0m
[rgbd_odometry-1] [0m[INFO] [1776442784.392797912] [rtabmap.rgbd_odometry]: Odom: quality=205, std dev=0.000292m|0.008712rad, update time=0.086503s delay=0.155607s[0m
[rgbd_odometry-1] [0m[INFO] [1776442784.523363737] [rtabmap.rgbd_odometry]: Odom: quality=206, std dev=0.000236m|0.018188rad, update time=0.082379s delay=0.152747s[0m
[rtabmap-2] [0m[INFO] [1776442784.566398774] [rtabmap.rtabmap]: rtabmap (70): Rate=0.50s, Limit=0.000s, Conversion=0.0016s, RTAB-Map=0.0383s, Maps update=0.0001s pub=0.0016s delay=0.1958s (local map=1, WM=1)[0m
[rgbd_odometry-1] [0m[INFO] [1776442784.664431945] [rtabmap.rgbd_odometry]: Odom: quality=206, std dev=0.000275m|0.010360rad, update time=0.090393s delay=0.160387s[0m
[rgbd_odometry-1] [0m[INFO] [1776442784.791797165] [rtabmap.rgbd_odometry]: Odom: quality=204, std dev=0.000305m|0.008712rad, update time=0.084231s delay=0.154325s[0m
[rgbd_odometry-1] [0m[INFO] [1776442784.924747155] [rtabmap.rgbd_odometry]: Odom: quality=205, std dev=0.000242m|0.013027rad, update time=0.083143s delay=0.153847s[0m
[rgbd_odometry-1] [0m[INFO] [1776442785.064164308] [rtabmap.rgbd_odometry]: Odom: quality=203, std dev=0.000142m|0.010360rad, update time=0.087897s delay=0.159837s[0m
[rtabmap-2] [0m[INFO] [1776442785.101369320] [rtabmap.rtabmap]: rtabmap (71): Rate=0.50s, Limit=0.000s, Conversion=0.0011s, RTAB-Map=0.0334s, Maps update=0.0001s pub=0.0015s delay=0.1971s (local map=1, WM=1)[0m
[rgbd_odometry-1] [0m[INFO] [1776442785.187047222] [rtabmap.rgbd_odometry]: Odom: quality=207, std dev=0.000228m|0.000173rad, update time=0.078545s delay=0.149291s[0m
[rgbd_odometry-1] [0m[INFO] [1776442785.325371448] [rtabmap.rgbd_odometry]: Odom: quality=201, std dev=0.000291m|0.017144rad, update time=0.083916s delay=0.154190s[0m
[rgbd_odometry-1] [0m[INFO] [1776442785.469360221] [rtabmap.rgbd_odometry]: Odom: quality=195, std dev=0.000330m|0.016214rad, update time=0.091236s delay=0.164748s[0m
[rgbd_odometry-1] [0m[INFO] [1776442785.594345116] [rtabmap.rgbd_odometry]: Odom: quality=196, std dev=0.000153m|0.008712rad, update time=0.086794s delay=0.156307s[0m
[rtabmap-2] [0m[INFO] [1776442785.629386546] [rtabmap.rtabmap]: rtabmap (72): Rate=0.50s, Limit=0.000s, Conversion=0.0025s, RTAB-Map=0.0302s, Maps update=0.0001s pub=0.0010s delay=0.1914s (local map=1, WM=1)[0m
[rgbd_odometry-1] [0m[INFO] [1776442785.725666547] [rtabmap.rgbd_odometry]: Odom: quality=209, std dev=0.000860m|0.031317rad, update time=0.084666s delay=0.154199s[0m
[rgbd_odometry-1] [0m[INFO] [1776442785.857202800] [rtabmap.rgbd_odometry]: Odom: quality=193, std dev=0.000173m|0.000173rad, update time=0.081895s delay=0.152310s[0m
[rgbd_odometry-1] [0m[INFO] [1776442785.993557080] [rtabmap.rgbd_odometry]: Odom: quality=195, std dev=0.000345m|0.023506rad, update time=0.085017s delay=0.155236s[0m
[rgbd_odometry-1] [0m[INFO] [1776442786.126384091] [rtabmap.rgbd_odometry]: Odom: quality=205, std dev=0.000134m|0.010360rad, update time=0.083941s delay=0.154635s[0m
[rtabmap-2] [0m[INFO] [1776442786.165303361] [rtabmap.rtabmap]: rtabmap (73): Rate=0.50s, Limit=0.000s, Conversion=0.0016s, RTAB-Map=0.0344s, Maps update=0.0001s pub=0.0010s delay=0.1936s (local map=1, WM=1)[0m
[rgbd_odometry-1] [0m[INFO] [1776442786.265106152] [rtabmap.rgbd_odometry]: Odom: quality=207, std dev=0.000112m|0.010360rad, update time=0.087815s delay=0.159928s[0m
[rgbd_odometry-1] [0m[INFO] [1776442786.393851444] [rtabmap.rgbd_odometry]: Odom: quality=212, std dev=0.000200m|0.013634rad, update time=0.084515s delay=0.155247s[0m
[rgbd_odometry-1] [0m[INFO] [1776442786.526987167] [rtabmap.rgbd_odometry]: Odom: quality=199, std dev=0.000115m|0.000173rad, update time=0.084441s delay=0.154955s[0m
[rgbd_odometry-1] [0m[INFO] [1776442786.663294566] [rtabmap.rgbd_odometry]: Odom: quality=207, std dev=0.000434m|0.021189rad, update time=0.086198s delay=0.157836s[0m
[rtabmap-2] [0m[INFO] [1776442786.705946872] [rtabmap.rtabmap]: rtabmap (74): Rate=0.50s, Limit=0.000s, Conversion=0.0017s, RTAB-Map=0.0369s, Maps update=0.0001s pub=0.0015s delay=0.2005s (local map=1, WM=1)[0m
[rgbd_odometry-1] [0m[INFO] [1776442786.803574240] [rtabmap.rgbd_odometry]: Odom: quality=218, std dev=0.000356m|0.015865rad, update time=0.090395s delay=0.164688s[0m
[rgbd_odometry-1] [0m[INFO] [1776442786.929662752] [rtabmap.rgbd_odometry]: Odom: quality=207, std dev=0.000276m|0.008712rad, update time=0.084860s delay=0.157348s[0m
[rgbd_odometry-1] [0m[INFO] [1776442787.061913586] [rtabmap.rgbd_odometry]: Odom: quality=206, std dev=0.000424m|0.024446rad, update time=0.084996s delay=0.156171s[0m
[rgbd_odometry-1] [0m[INFO] [1776442787.197108889] [rtabmap.rgbd_odometry]: Odom: quality=201, std dev=0.000292m|0.011465rad, update time=0.085778s delay=0.157938s[0m
[rtabmap-2] [0m[INFO] [1776442787.246604561] [rtabmap.rtabmap]: rtabmap (75): Rate=0.50s, Limit=0.000s, Conversion=0.0023s, RTAB-Map=0.0423s, Maps update=0.0001s pub=0.0017s delay=0.2074s (local map=1, WM=1)[0m
[rgbd_odometry-1] [0m[INFO] [1776442787.336904869] [rtabmap.rgbd_odometry]: Odom: quality=194, std dev=0.000281m|0.010360rad, update time=0.094300s delay=0.164308s[0m
[rgbd_odometry-1] [0m[INFO] [1776442787.465181188] [rtabmap.rgbd_odometry]: Odom: quality=201, std dev=0.000113m|0.008712rad, update time=0.087657s delay=0.159153s[0m
[rgbd_odometry-1] [0m[INFO] [1776442787.611636625] [rtabmap.rgbd_odometry]: Odom: quality=203, std dev=0.000166m|0.010360rad, update time=0.100658s delay=0.172184s[0m
[rgbd_odometry-1] [0m[INFO] [1776442787.746926811] [rtabmap.rgbd_odometry]: Odom: quality=207, std dev=0.000279m|0.000173rad, update time=0.102958s delay=0.174044s[0m
[rtabmap-2] [0m[INFO] [1776442787.811364803] [rtabmap.rtabmap]: rtabmap (76): Rate=0.50s, Limit=0.000s, Conversion=0.0019s, RTAB-Map=0.0515s, Maps update=0.0001s pub=0.0056s delay=0.2385s (local map=1, WM=1)[0m
[rgbd_odometry-1] [0m[INFO] [1776442787.901636342] [rtabmap.rgbd_odometry]: Odom: quality=198, std dev=0.000917m|0.036643rad, update time=0.123892s delay=0.195323s[0m
[rgbd_odometry-1] [0m[INFO] [1776442788.002825797] [rtabmap.rgbd_odometry]: Odom: quality=204, std dev=0.000101m|0.008712rad, update time=0.092852s delay=0.163086s[0m
[rgbd_odometry-1] [0m[INFO] [1776442788.129345586] [rtabmap.rgbd_odometry]: Odom: quality=194, std dev=0.000233m|0.000173rad, update time=0.086028s delay=0.156177s[0m
[rgbd_odometry-1] [0m[INFO] [1776442788.271210426] [rtabmap.rgbd_odometry]: Odom: quality=203, std dev=0.000261m|0.017944rad, update time=0.094910s delay=0.164606s[0m
[rtabmap-2] [0m[INFO] [1776442788.321887700] [rtabmap.rtabmap]: rtabmap (77): Rate=0.50s, Limit=0.000s, Conversion=0.0014s, RTAB-Map=0.0495s, Maps update=0.0001s pub=0.0023s delay=0.2153s (local map=1, WM=1)[0m
[rgbd_odometry-1] [0m[INFO] [1776442788.402162246] [rtabmap.rgbd_odometry]: Odom: quality=201, std dev=0.000329m|0.024041rad, update time=0.092098s delay=0.162135s[0m
[rgbd_odometry-1] [0m[INFO] [1776442788.532544994] [rtabmap.rgbd_odometry]: Odom: quality=201, std dev=0.000656m|0.019672rad, update time=0.089954s delay=0.159088s[0m
[rgbd_odometry-1] [0m[INFO] [1776442788.669108337] [rtabmap.rgbd_odometry]: Odom: quality=193, std dev=0.000213m|0.014651rad, update time=0.090821s delay=0.162223s[0m
[rgbd_odometry-1] [0m[INFO] [1776442788.798358604] [rtabmap.rgbd_odometry]: Odom: quality=195, std dev=0.000292m|0.015492rad, update time=0.084114s delay=0.158045s[0m
[rtabmap-2] [0m[INFO] [1776442788.830450925] [rtabmap.rtabmap]: rtabmap (78): Rate=0.50s, Limit=0.000s, Conversion=0.0014s, RTAB-Map=0.0281s, Maps update=0.0001s pub=0.0013s delay=0.1901s (local map=1, WM=1)[0m
[rgbd_odometry-1] [0m[INFO] [1776442788.928576484] [rtabmap.rgbd_odometry]: Odom: quality=193, std dev=0.000250m|0.013027rad, update time=0.085224s delay=0.154837s[0m
[rgbd_odometry-1] [0m[INFO] [1776442789.066357174] [rtabmap.rgbd_odometry]: Odom: quality=199, std dev=0.000218m|0.017423rad, update time=0.088126s delay=0.159189s[0m
[rgbd_odometry-1] [0m[INFO] [1776442789.199662982] [rtabmap.rgbd_odometry]: Odom: quality=206, std dev=0.000315m|0.008712rad, update time=0.088754s delay=0.159066s[0m
[rgbd_odometry-1] [0m[INFO] [1776442789.332697263] [rtabmap.rgbd_odometry]: Odom: quality=200, std dev=0.001181m|0.025551rad, update time=0.086757s delay=0.158674s[0m
[rtabmap-2] [0m[INFO] [1776442789.369414390] [rtabmap.rtabmap]: rtabmap (79): Rate=0.50s, Limit=0.000s, Conversion=0.0022s, RTAB-Map=0.0302s, Maps update=0.0001s pub=0.0010s delay=0.1954s (local map=1, WM=1)[0m
[rgbd_odometry-1] [0m[INFO] [1776442789.464769052] [rtabmap.rgbd_odometry]: Odom: quality=206, std dev=0.000213m|0.008712rad, update time=0.087617s delay=0.157319s[0m
[rgbd_odometry-1] [0m[INFO] [1776442789.599211726] [rtabmap.rgbd_odometry]: Odom: quality=188, std dev=0.000205m|0.008712rad, update time=0.087496s delay=0.158336s[0m
[rgbd_odometry-1] [0m[INFO] [1776442789.732403675] [rtabmap.rgbd_odometry]: Odom: quality=204, std dev=0.000263m|0.010360rad, update time=0.085791s delay=0.158088s[0m
[rgbd_odometry-1] [0m[INFO] [1776442789.864940534] [rtabmap.rgbd_odometry]: Odom: quality=200, std dev=0.000474m|0.016851rad, update time=0.086709s delay=0.157186s[0m
[rtabmap-2] [0m[INFO] [1776442789.903315052] [rtabmap.rtabmap]: rtabmap (80): Rate=0.50s, Limit=0.000s, Conversion=0.0013s, RTAB-Map=0.0346s, Maps update=0.0001s pub=0.0010s delay=0.1956s (local map=1, WM=1)[0m
[rgbd_odometry-1] [0m[INFO] [1776442790.005109165] [rtabmap.rgbd_odometry]: Odom: quality=198, std dev=0.000281m|0.012320rad, update time=0.093892s delay=0.163917s[0m
[rgbd_odometry-1] [0m[INFO] [1776442790.125805969] [rtabmap.rgbd_odometry]: Odom: quality=214, std dev=0.000575m|0.028652rad, update time=0.081572s delay=0.151174s[0m
[rgbd_odometry-1] [0m[INFO] [1776442790.267355792] [rtabmap.rgbd_odometry]: Odom: quality=216, std dev=0.000174m|0.013027rad, update time=0.089692s delay=0.159282s[0m
[rgbd_odometry-1] [0m[INFO] [1776442790.402170541] [rtabmap.rgbd_odometry]: Odom: quality=199, std dev=0.000208m|0.017423rad, update time=0.089228s delay=0.160659s[0m
[rtabmap-2] [0m[INFO] [1776442790.434816317] [rtabmap.rtabmap]: rtabmap (81): Rate=0.50s, Limit=0.000s, Conversion=0.0014s, RTAB-Map=0.0284s, Maps update=0.0001s pub=0.0010s delay=0.1933s (local map=1, WM=1)[0m
[rgbd_odometry-1] [0m[INFO] [1776442790.545388221] [rtabmap.rgbd_odometry]: Odom: quality=198, std dev=0.000425m|0.013634rad, update time=0.100121s delay=0.170435s[0m
[rgbd_odometry-1] [0m[INFO] [1776442790.678347715] [rtabmap.rgbd_odometry]: Odom: quality=197, std dev=0.000179m|0.000173rad, update time=0.098810s delay=0.169935s[0m
[rgbd_odometry-1] [0m[INFO] [1776442790.807820261] [rtabmap.rgbd_odometry]: Odom: quality=188, std dev=0.000142m|0.010360rad, update time=0.094710s delay=0.165943s[0m
[rgbd_odometry-1] [0m[INFO] [1776442790.936000674] [rtabmap.rgbd_odometry]: Odom: quality=201, std dev=0.000131m|0.010360rad, update time=0.087417s delay=0.160655s[0m
[rtabmap-2] [0m[INFO] [1776442790.967647606] [rtabmap.rtabmap]: rtabmap (82): Rate=0.50s, Limit=0.000s, Conversion=0.0011s, RTAB-Map=0.0276s, Maps update=0.0001s pub=0.0013s delay=0.1923s (local map=1, WM=1)[0m
[rgbd_odometry-1] [0m[INFO] [1776442791.063396328] [rtabmap.rgbd_odometry]: Odom: quality=197, std dev=0.000260m|0.000173rad, update time=0.084655s delay=0.154582s[0m
[rgbd_odometry-1] [0m[INFO] [1776442791.200452517] [rtabmap.rgbd_odometry]: Odom: quality=202, std dev=0.000137m|0.012320rad, update time=0.086604s delay=0.158166s[0m
[rgbd_odometry-1] [0m[INFO] [1776442791.329045902] [rtabmap.rgbd_odometry]: Odom: quality=194, std dev=0.000196m|0.015089rad, update time=0.084298s delay=0.153286s[0m
[rgbd_odometry-1] [0m[INFO] [1776442791.466749150] [rtabmap.rgbd_odometry]: Odom: quality=199, std dev=0.000126m|0.008712rad, update time=0.087704s delay=0.157517s[0m
[rtabmap-2] [0m[INFO] [1776442791.504376031] [rtabmap.rtabmap]: rtabmap (83): Rate=0.50s, Limit=0.000s, Conversion=0.0018s, RTAB-Map=0.0318s, Maps update=0.0001s pub=0.0010s delay=0.1952s (local map=1, WM=1)[0m
[rgbd_odometry-1] [0m[INFO] [1776442791.596709358] [rtabmap.rgbd_odometry]: Odom: quality=198, std dev=0.000193m|0.015492rad, update time=0.082423s delay=0.154002s[0m
[rgbd_odometry-1] [0m[INFO] [1776442791.734392958] [rtabmap.rgbd_odometry]: Odom: quality=196, std dev=0.000264m|0.015865rad, update time=0.087156s delay=0.158262s[0m
[rgbd_odometry-1] [0m[INFO] [1776442791.865353067] [rtabmap.rgbd_odometry]: Odom: quality=186, std dev=0.000140m|0.011465rad, update time=0.087119s delay=0.155800s[0m
[rgbd_odometry-1] [0m[INFO] [1776442791.999494004] [rtabmap.rgbd_odometry]: Odom: quality=198, std dev=0.000185m|0.013634rad, update time=0.087544s delay=0.156519s[0m
[rtabmap-2] [0m[INFO] [1776442792.035350722] [rtabmap.rtabmap]: rtabmap (84): Rate=0.50s, Limit=0.000s, Conversion=0.0012s, RTAB-Map=0.0321s, Maps update=0.0001s pub=0.0010s delay=0.1924s (local map=1, WM=1)[0m
[rgbd_odometry-1] [0m[INFO] [1776442792.132029647] [rtabmap.rgbd_odometry]: Odom: quality=196, std dev=0.000565m|0.025377rad, update time=0.086744s delay=0.155632s[0m
[rgbd_odometry-1] [0m[INFO] [1776442792.274591852] [rtabmap.rgbd_odometry]: Odom: quality=196, std dev=0.000668m|0.026054rad, update time=0.089712s delay=0.164769s[0m
[rgbd_odometry-1] [0m[INFO] [1776442792.419095969] [rtabmap.rgbd_odometry]: Odom: quality=166, std dev=0.000406m|0.023049rad, update time=0.100408s delay=0.175849s[0m
[rgbd_odometry-1] [0m[INFO] [1776442792.562690332] [rtabmap.rgbd_odometry]: Odom: quality=157, std dev=0.000135m|0.011465rad, update time=0.115527s delay=0.186021s[0m
[rtabmap-2] [0m[INFO] [1776442792.623249173] [rtabmap.rtabmap]: rtabmap (85): Rate=0.50s, Limit=0.000s, Conversion=0.0018s, RTAB-Map=0.0552s, Maps update=0.0001s pub=0.0017s delay=0.2466s (local map=1, WM=1)[0m
[rgbd_odometry-1] [0m[INFO] [1776442792.678804796] [rtabmap.rgbd_odometry]: Odom: quality=170, std dev=0.000827m|0.019078rad, update time=0.096190s delay=0.168713s[0m
[rgbd_odometry-1] [0m[INFO] [1776442792.799035443] [rtabmap.rgbd_odometry]: Odom: quality=162, std dev=0.000865m|0.018423rad, update time=0.086068s delay=0.155520s[0m
[rgbd_odometry-1] [0m[INFO] [1776442792.933567368] [rtabmap.rgbd_odometry]: Odom: quality=164, std dev=0.000292m|0.010360rad, update time=0.084639s delay=0.156630s[0m
[rgbd_odometry-1] [0m[INFO] [1776442793.070619333] [rtabmap.rgbd_odometry]: Odom: quality=174, std dev=0.000201m|0.013634rad, update time=0.088696s delay=0.160259s[0m
[rtabmap-2] [0m[INFO] [1776442793.121208285] [rtabmap.rtabmap]: rtabmap (86): Rate=0.50s, Limit=0.000s, Conversion=0.0012s, RTAB-Map=0.0455s, Maps update=0.0001s pub=0.0016s delay=0.2109s (local map=1, WM=1)[0m
[rgbd_odometry-1] [0m[INFO] [1776442793.206931629] [rtabmap.rgbd_odometry]: Odom: quality=165, std dev=0.000611m|0.031175rad, update time=0.089832s delay=0.163150s[0m
[rgbd_odometry-1] [0m[INFO] [1776442793.339792978] [rtabmap.rgbd_odometry]: Odom: quality=166, std dev=0.000472m|0.015492rad, update time=0.091483s delay=0.162589s[0m
[rgbd_odometry-1] [0m[INFO] [1776442793.469733794] [rtabmap.rgbd_odometry]: Odom: quality=167, std dev=0.000559m|0.016851rad, update time=0.089161s delay=0.159106s[0m
[rgbd_odometry-1] [0m[INFO] [1776442793.602483395] [rtabmap.rgbd_odometry]: Odom: quality=162, std dev=0.001133m|0.028019rad, update time=0.086344s delay=0.158434s[0m
[rtabmap-2] [0m[INFO] [1776442793.660533267] [rtabmap.rtabmap]: rtabmap (87): Rate=0.50s, Limit=0.000s, Conversion=0.0012s, RTAB-Map=0.0541s, Maps update=0.0001s pub=0.0014s delay=0.2165s (local map=1, WM=1)[0m
[rgbd_odometry-1] [0m[INFO] [1776442793.748177851] [rtabmap.rgbd_odometry]: Odom: quality=156, std dev=0.000604m|0.022563rad, update time=0.097325s delay=0.170703s[0m
[rgbd_odometry-1] [0m[INFO] [1776442793.868326639] [rtabmap.rgbd_odometry]: Odom: quality=166, std dev=0.000727m|0.026529rad, update time=0.086444s delay=0.157428s[0m
[rgbd_odometry-1] [0m[INFO] [1776442794.002656446] [rtabmap.rgbd_odometry]: Odom: quality=159, std dev=0.000141m|0.012320rad, update time=0.088632s delay=0.158332s[0m
[rgbd_odometry-1] [0m[INFO] [1776442794.138588508] [rtabmap.rgbd_odometry]: Odom: quality=164, std dev=0.000290m|0.008712rad, update time=0.090403s delay=0.160839s[0m
[rtabmap-2] [0m[INFO] [1776442794.183127397] [rtabmap.rtabmap]: rtabmap (88): Rate=0.50s, Limit=0.000s, Conversion=0.0017s, RTAB-Map=0.0367s, Maps update=0.0001s pub=0.0018s delay=0.2054s (local map=1, WM=1)[0m
[rgbd_odometry-1] [0m[INFO] [1776442794.273051887] [rtabmap.rgbd_odometry]: Odom: quality=175, std dev=0.000102m|0.010360rad, update time=0.087241s delay=0.161880s[0m
[rgbd_odometry-1] [0m[INFO] [1776442794.401999266] [rtabmap.rgbd_odometry]: Odom: quality=159, std dev=0.002025m|0.025551rad, update time=0.087322s delay=0.157402s[0m
[rgbd_odometry-1] [0m[INFO] [1776442794.539219589] [rtabmap.rgbd_odometry]: Odom: quality=158, std dev=0.000251m|0.013027rad, update time=0.091150s delay=0.161199s[0m
[rgbd_odometry-1] [0m[INFO] [1776442794.678287965] [rtabmap.rgbd_odometry]: Odom: quality=168, std dev=0.000300m|0.010360rad, update time=0.095959s delay=0.166839s[0m
[rtabmap-2] [0m[INFO] [1776442794.743284054] [rtabmap.rtabmap]: rtabmap (89): Rate=0.50s, Limit=0.000s, Conversion=0.0014s, RTAB-Map=0.0581s, Maps update=0.0001s pub=0.0016s delay=0.2318s (local map=1, WM=1)[0m
[rgbd_odometry-1] [0m[INFO] [1776442794.836459998] [rtabmap.rgbd_odometry]: Odom: quality=154, std dev=0.000183m|0.017423rad, update time=0.119483s delay=0.191581s[0m
[rgbd_odometry-1] [0m[INFO] [1776442794.943764095] [rtabmap.rgbd_odometry]: Odom: quality=139, std dev=0.000939m|0.039648rad, update time=0.094966s delay=0.165456s[0m
[rgbd_odometry-1] [0m[INFO] [1776442795.078383542] [rtabmap.rgbd_odometry]: Odom: quality=181, std dev=0.000147m|0.010360rad, update time=0.094680s delay=0.166642s[0m
[rgbd_odometry-1] [0m[INFO] [1776442795.203787747] [rtabmap.rgbd_odometry]: Odom: quality=186, std dev=0.000215m|0.008712rad, update time=0.086571s delay=0.158617s[0m
[rtabmap-2] [0m[INFO] [1776442795.247833918] [rtabmap.rtabmap]: rtabmap (90): Rate=0.50s, Limit=0.000s, Conversion=0.0017s, RTAB-Map=0.0391s, Maps update=0.0001s pub=0.0013s delay=0.2027s (local map=1, WM=1)[0m
[rgbd_odometry-1] [0m[INFO] [1776442795.349021742] [rtabmap.rgbd_odometry]: Odom: quality=186, std dev=0.000239m|0.014170rad, update time=0.097975s delay=0.170420s[0m
[rgbd_odometry-1] [0m[INFO] [1776442795.472259260] [rtabmap.rgbd_odometry]: Odom: quality=190, std dev=0.000208m|0.008712rad, update time=0.089002s delay=0.160228s[0m
[rgbd_odometry-1] [0m[INFO] [1776442795.605327175] [rtabmap.rgbd_odometry]: Odom: quality=186, std dev=0.000538m|0.029071rad, update time=0.088421s delay=0.159863s[0m
[rgbd_odometry-1] [0m[INFO] [1776442795.735998412] [rtabmap.rgbd_odometry]: Odom: quality=192, std dev=0.000243m|0.013027rad, update time=0.087108s delay=0.157113s[0m
[rtabmap-2] [0m[INFO] [1776442795.774816752] [rtabmap.rtabmap]: rtabmap (91): Rate=0.50s, Limit=0.000s, Conversion=0.0012s, RTAB-Map=0.0344s, Maps update=0.0001s pub=0.0012s delay=0.1959s (local map=1, WM=1)[0m
[rgbd_odometry-1] [0m[INFO] [1776442795.877539276] [rtabmap.rgbd_odometry]: Odom: quality=185, std dev=0.000244m|0.014170rad, update time=0.095857s delay=0.165232s[0m
[rgbd_odometry-1] [0m[INFO] [1776442796.008649790] [rtabmap.rgbd_odometry]: Odom: quality=184, std dev=0.000132m|0.012320rad, update time=0.090808s delay=0.162919s[0m
[rgbd_odometry-1] [0m[INFO] [1776442796.139291875] [rtabmap.rgbd_odometry]: Odom: quality=187, std dev=0.000298m|0.010360rad, update time=0.085256s delay=0.160141s[0m
[rgbd_odometry-1] [0m[INFO] [1776442796.271263246] [rtabmap.rgbd_odometry]: Odom: quality=194, std dev=0.000945m|0.020388rad, update time=0.088426s delay=0.158690s[0m
[rtabmap-2] [0m[INFO] [1776442796.308952081] [rtabmap.rtabmap]: rtabmap (92): Rate=0.50s, Limit=0.000s, Conversion=0.0014s, RTAB-Map=0.0329s, Maps update=0.0001s pub=0.0012s delay=0.1964s (local map=1, WM=1)[0m
[rgbd_odometry-1] [0m[INFO] [1776442796.402859054] [rtabmap.rgbd_odometry]: Odom: quality=187, std dev=0.000330m|0.014170rad, update time=0.087652s delay=0.156864s[0m
[rgbd_odometry-1] [0m[INFO] [1776442796.540612001] [rtabmap.rgbd_odometry]: Odom: quality=176, std dev=0.000201m|0.008712rad, update time=0.092170s delay=0.161198s[0m
[rgbd_odometry-1] [0m[INFO] [1776442796.676589952] [rtabmap.rgbd_odometry]: Odom: quality=183, std dev=0.000339m|0.018423rad, update time=0.091407s delay=0.163751s[0m
[rgbd_odometry-1] [0m[INFO] [1776442796.812133586] [rtabmap.rgbd_odometry]: Odom: quality=187, std dev=0.000241m|0.020040rad, update time=0.090335s delay=0.165867s[0m
[rtabmap-2] [0m[INFO] [1776442796.854028367] [rtabmap.rtabmap]: rtabmap (93): Rate=0.50s, Limit=0.000s, Conversion=0.0014s, RTAB-Map=0.0368s, Maps update=0.0001s pub=0.0022s delay=0.2078s (local map=1, WM=1)[0m
[rgbd_odometry-1] [0m[INFO] [1776442796.943727059] [rtabmap.rgbd_odometry]: Odom: quality=189, std dev=0.000364m|0.023166rad, update time=0.090446s delay=0.164035s[0m
[rgbd_odometry-1] [0m[INFO] [1776442797.072311036] [rtabmap.rgbd_odometry]: Odom: quality=186, std dev=0.000261m|0.008712rad, update time=0.090338s delay=0.159194s[0m
[rgbd_odometry-1] [0m[INFO] [1776442797.215478891] [rtabmap.rgbd_odometry]: Odom: quality=190, std dev=0.000172m|0.015492rad, update time=0.099299s delay=0.168936s[0m
[rgbd_odometry-1] [0m[INFO] [1776442797.338032294] [rtabmap.rgbd_odometry]: Odom: quality=178, std dev=0.000274m|0.000173rad, update time=0.085663s delay=0.158064s[0m
[rtabmap-2] [0m[INFO] [1776442797.403908632] [rtabmap.rtabmap]: rtabmap (94): Rate=0.50s, Limit=0.000s, Conversion=0.0013s, RTAB-Map=0.0590s, Maps update=0.0001s pub=0.0018s delay=0.2239s (local map=1, WM=1)[0m
[rgbd_odometry-1] [0m[INFO] [1776442797.480937261] [rtabmap.rgbd_odometry]: Odom: quality=184, std dev=0.000252m|0.010360rad, update time=0.092831s delay=0.167542s[0m
[rgbd_odometry-1] [0m[INFO] [1776442797.612716243] [rtabmap.rgbd_odometry]: Odom: quality=182, std dev=0.000252m|0.008712rad, update time=0.093100s delay=0.165898s[0m
[rgbd_odometry-1] [0m[INFO] [1776442797.750089563] [rtabmap.rgbd_odometry]: Odom: quality=183, std dev=0.000365m|0.022437rad, update time=0.093187s delay=0.169848s[0m
[rgbd_odometry-1] [0m[INFO] [1776442797.877745577] [rtabmap.rgbd_odometry]: Odom: quality=189, std dev=0.000847m|0.020720rad, update time=0.089786s delay=0.164083s[0m
[rtabmap-2] [0m[INFO] [1776442797.921384632] [rtabmap.rtabmap]: rtabmap (95): Rate=0.50s, Limit=0.000s, Conversion=0.0021s, RTAB-Map=0.0358s, Maps update=0.0010s pub=0.0022s delay=0.2077s (local map=1, WM=1)[0m
[rgbd_odometry-1] [0m[INFO] [1776442798.013269819] [rtabmap.rgbd_odometry]: Odom: quality=194, std dev=0.000403m|0.016542rad, update time=0.087983s delay=0.166186s[0m
[rgbd_odometry-1] [0m[INFO] [1776442798.151810949] [rtabmap.rgbd_odometry]: Odom: quality=184, std dev=0.000681m|0.020040rad, update time=0.094452s delay=0.171306s[0m
[rgbd_odometry-1] [0m[INFO] [1776442798.285558052] [rtabmap.rgbd_odometry]: Odom: quality=180, std dev=0.000197m|0.000173rad, update time=0.096153s delay=0.171632s[0m
[rgbd_odometry-1] [0m[INFO] [1776442798.418941208] [rtabmap.rgbd_odometry]: Odom: quality=188, std dev=0.000349m|0.014170rad, update time=0.102462s delay=0.171596s[0m
[rtabmap-2] [0m[INFO] [1776442798.460105599] [rtabmap.rtabmap]: rtabmap (96): Rate=0.50s, Limit=0.000s, Conversion=0.0016s, RTAB-Map=0.0360s, Maps update=0.0001s pub=0.0023s delay=0.2128s (local map=1, WM=1)[0m
[rgbd_odometry-1] [0m[INFO] [1776442798.552860028] [rtabmap.rgbd_odometry]: Odom: quality=184, std dev=0.000137m|0.014170rad, update time=0.100144s delay=0.172095s[0m
[rgbd_odometry-1] [0m[INFO] [1776442798.679799957] [rtabmap.rgbd_odometry]: Odom: quality=179, std dev=0.000176m|0.008712rad, update time=0.093688s delay=0.165614s[0m
[rgbd_odometry-1] [0m[INFO] [1776442798.810039247] [rtabmap.rgbd_odometry]: Odom: quality=180, std dev=0.000193m|0.013027rad, update time=0.089457s delay=0.162427s[0m
[rgbd_odometry-1] [0m[INFO] [1776442798.943471236] [rtabmap.rgbd_odometry]: Odom: quality=180, std dev=0.000985m|0.031457rad, update time=0.088747s delay=0.162440s[0m
[rtabmap-2] [0m[INFO] [1776442799.013103172] [rtabmap.rtabmap]: rtabmap (97): Rate=0.50s, Limit=0.000s, Conversion=0.0012s, RTAB-Map=0.0631s, Maps update=0.0001s pub=0.0019s delay=0.2321s (local map=1, WM=1)[0m
[rgbd_odometry-1] [0m[INFO] [1776442799.077019133] [rtabmap.rgbd_odometry]: Odom: quality=177, std dev=0.000178m|0.013634rad, update time=0.086188s delay=0.162565s[0m
[rgbd_odometry-1] [0m[INFO] [1776442799.210077704] [rtabmap.rgbd_odometry]: Odom: quality=190, std dev=0.000238m|0.019282rad, update time=0.092065s delay=0.162201s[0m
[rgbd_odometry-1] [0m[INFO] [1776442799.344433753] [rtabmap.rgbd_odometry]: Odom: quality=177, std dev=0.000394m|0.020388rad, update time=0.086864s delay=0.163135s[0m
[rgbd_odometry-1] [0m[INFO] [1776442799.474457388] [rtabmap.rgbd_odometry]: Odom: quality=193, std dev=0.000851m|0.038026rad, update time=0.089678s delay=0.159734s[0m
[rtabmap-2] [0m[INFO] [1776442799.505965340] [rtabmap.rtabmap]: rtabmap (98): Rate=0.50s, Limit=0.000s, Conversion=0.0012s, RTAB-Map=0.0279s, Maps update=0.0001s pub=0.0010s delay=0.1913s (local map=1, WM=1)[0m
[rgbd_odometry-1] [0m[INFO] [1776442799.605467612] [rtabmap.rgbd_odometry]: Odom: quality=188, std dev=0.000742m|0.018423rad, update time=0.087649s delay=0.157326s[0m
[rgbd_odometry-1] [0m[INFO] [1776442799.744504596] [rtabmap.rgbd_odometry]: Odom: quality=176, std dev=0.000237m|0.008712rad, update time=0.091645s delay=0.162942s[0m
[rgbd_odometry-1] [0m[INFO] [1776442799.872305799] [rtabmap.rgbd_odometry]: Odom: quality=165, std dev=0.000286m|0.015492rad, update time=0.086170s delay=0.157321s[0m
[rgbd_odometry-1] [0m[INFO] [1776442800.006997121] [rtabmap.rgbd_odometry]: Odom: quality=184, std dev=0.000217m|0.008712rad, update time=0.088132s delay=0.158592s[0m
[rtabmap-2] [0m[INFO] [1776442800.065392571] [rtabmap.rtabmap]: rtabmap (99): Rate=0.50s, Limit=0.000s, Conversion=0.0022s, RTAB-Map=0.0527s, Maps update=0.0001s pub=0.0017s delay=0.2170s (local map=1, WM=1)[0m
[rgbd_odometry-1] [0m[INFO] [1776442800.148115958] [rtabmap.rgbd_odometry]: Odom: quality=190, std dev=0.000213m|0.016542rad, update time=0.089349s delay=0.166290s[0m
[rgbd_odometry-1] [0m[INFO] [1776442800.280024735] [rtabmap.rgbd_odometry]: Odom: quality=183, std dev=0.000192m|0.011465rad, update time=0.090993s delay=0.164780s[0m
[rgbd_odometry-1] [0m[INFO] [1776442800.413700988] [rtabmap.rgbd_odometry]: Odom: quality=186, std dev=0.000237m|0.016214rad, update time=0.089003s delay=0.165036s[0m
[rgbd_odometry-1] [0m[INFO] [1776442800.545235324] [rtabmap.rgbd_odometry]: Odom: quality=179, std dev=0.000269m|0.019672rad, update time=0.088870s delay=0.163151s[0m
[rtabmap-2] [0m[INFO] [1776442800.579744866] [rtabmap.rtabmap]: rtabmap (100): Rate=0.50s, Limit=0.000s, Conversion=0.0015s, RTAB-Map=0.0303s, Maps update=0.0001s pub=0.0012s delay=0.1977s (local map=1, WM=1)[0m
[rgbd_odometry-1] [0m[INFO] [1776442800.676352847] [rtabmap.rgbd_odometry]: Odom: quality=182, std dev=0.000240m|0.014651rad, update time=0.086578s delay=0.160849s[0m
[rgbd_odometry-1] [0m[INFO] [1776442800.811232046] [rtabmap.rgbd_odometry]: Odom: quality=183, std dev=0.000484m|0.015089rad, update time=0.090246s delay=0.162305s[0m
[rgbd_odometry-1] [0m[INFO] [1776442800.941330276] [rtabmap.rgbd_odometry]: Odom: quality=186, std dev=0.000457m|0.016542rad, update time=0.088594s delay=0.158981s[0m
[rgbd_odometry-1] [0m[INFO] [1776442801.075646035] [rtabmap.rgbd_odometry]: Odom: quality=187, std dev=0.000150m|0.010360rad, update time=0.087304s delay=0.159877s[0m
[rtabmap-2] [0m[INFO] [1776442801.108114303] [rtabmap.rtabmap]: rtabmap (101): Rate=0.50s, Limit=0.000s, Conversion=0.0012s, RTAB-Map=0.0286s, Maps update=0.0001s pub=0.0013s delay=0.1924s (local map=1, WM=1)[0m
[rgbd_odometry-1] [0m[INFO] [1776442801.212776341] [rtabmap.rgbd_odometry]: Odom: quality=176, std dev=0.000176m|0.014170rad, update time=0.094438s delay=0.163586s[0m
[rgbd_odometry-1] [0m[INFO] [1776442801.340468325] [rtabmap.rgbd_odometry]: Odom: quality=183, std dev=0.000190m|0.000173rad, update time=0.088564s delay=0.157857s[0m
[rgbd_odometry-1] [0m[INFO] [1776442801.476864272] [rtabmap.rgbd_odometry]: Odom: quality=181, std dev=0.000279m|0.008712rad, update time=0.089191s delay=0.160833s[0m
[rgbd_odometry-1] [0m[INFO] [1776442801.609510480] [rtabmap.rgbd_odometry]: Odom: quality=178, std dev=0.000323m|0.018867rad, update time=0.090610s delay=0.160059s[0m
[rtabmap-2] [0m[INFO] [1776442801.642634831] [rtabmap.rtabmap]: rtabmap (102): Rate=0.50s, Limit=0.000s, Conversion=0.0013s, RTAB-Map=0.0294s, Maps update=0.0001s pub=0.0009s delay=0.1932s (local map=1, WM=1)[0m
[rgbd_odometry-1] [0m[INFO] [1776442801.746514861] [rtabmap.rgbd_odometry]: Odom: quality=183, std dev=0.000181m|0.008712rad, update time=0.093871s delay=0.163643s[0m
[rgbd_odometry-1] [0m[INFO] [1776442801.875907439] [rtabmap.rgbd_odometry]: Odom: quality=175, std dev=0.000232m|0.010360rad, update time=0.087557s delay=0.159616s[0m
[rgbd_odometry-1] [0m[INFO] [1776442802.004520985] [rtabmap.rgbd_odometry]: Odom: quality=188, std dev=0.000562m|0.030020rad, update time=0.084945s delay=0.154806s[0m
[rgbd_odometry-1] [0m[INFO] [1776442802.142701177] [rtabmap.rgbd_odometry]: Odom: quality=181, std dev=0.000312m|0.013634rad, update time=0.089232s delay=0.159569s[0m
[rtabmap-2] [0m[INFO] [1776442802.175972220] [rtabmap.rtabmap]: rtabmap (103): Rate=0.50s, Limit=0.000s, Conversion=0.0012s, RTAB-Map=0.0297s, Maps update=0.0001s pub=0.0010s delay=0.1928s (local map=1, WM=1)[0m
[rgbd_odometry-1] [0m[INFO] [1776442802.280340073] [rtabmap.rgbd_odometry]: Odom: quality=187, std dev=0.000701m|0.017423rad, update time=0.092191s delay=0.163787s[0m
[rgbd_odometry-1] [0m[INFO] [1776442802.411327672] [rtabmap.rgbd_odometry]: Odom: quality=168, std dev=0.000112m|0.010360rad, update time=0.089216s delay=0.161354s[0m
[rgbd_odometry-1] [0m[INFO] [1776442802.537797445] [rtabmap.rgbd_odometry]: Odom: quality=190, std dev=0.000136m|0.010360rad, update time=0.084544s delay=0.154406s[0m
[rgbd_odometry-1] [0m[INFO] [1776442802.680167838] [rtabmap.rgbd_odometry]: Odom: quality=176, std dev=0.000181m|0.008712rad, update time=0.094053s delay=0.163355s[0m
[rtabmap-2] [0m[INFO] [1776442802.743236288] [rtabmap.rtabmap]: rtabmap (104): Rate=0.50s, Limit=0.000s, Conversion=0.0020s, RTAB-Map=0.0575s, Maps update=0.0001s pub=0.0010s delay=0.2264s (local map=1, WM=1)[0m
[rgbd_odometry-1] [0m[INFO] [1776442802.828020182] [rtabmap.rgbd_odometry]: Odom: quality=179, std dev=0.000462m|0.018867rad, update time=0.108257s delay=0.177787s[0m
[rgbd_odometry-1] [0m[INFO] [1776442802.944756521] [rtabmap.rgbd_odometry]: Odom: quality=190, std dev=0.000145m|0.010360rad, update time=0.090293s delay=0.161100s[0m
[rgbd_odometry-1] [0m[INFO] [1776442803.083543578] [rtabmap.rgbd_odometry]: Odom: quality=175, std dev=0.000256m|0.008712rad, update time=0.094345s delay=0.166468s[0m
[rgbd_odometry-1] [0m[INFO] [1776442803.211010212] [rtabmap.rgbd_odometry]: Odom: quality=183, std dev=0.000556m|0.020388rad, update time=0.090787s delay=0.160515s[0m
[rtabmap-2] [0m[INFO] [1776442803.244989211] [rtabmap.rtabmap]: rtabmap (105): Rate=0.50s, Limit=0.000s, Conversion=0.0014s, RTAB-Map=0.0296s, Maps update=0.0001s pub=0.0011s delay=0.1945s (local map=1, WM=1)[0m
[rgbd_odometry-1] [0m[INFO] [1776442803.354911081] [rtabmap.rgbd_odometry]: Odom: quality=181, std dev=0.000137m|0.008712rad, update time=0.094767s delay=0.170998s[0m
[rgbd_odometry-1] [0m[INFO] [1776442803.474857785] [rtabmap.rgbd_odometry]: Odom: quality=183, std dev=0.000288m|0.010360rad, update time=0.087854s delay=0.157523s[0m
[rgbd_odometry-1] [0m[INFO] [1776442803.611294887] [rtabmap.rgbd_odometry]: Odom: quality=179, std dev=0.000253m|0.017689rad, update time=0.091217s delay=0.160543s[0m
[rgbd_odometry-1] [0m[INFO] [1776442803.753384952] [rtabmap.rgbd_odometry]: Odom: quality=176, std dev=0.000122m|0.010360rad, update time=0.099097s delay=0.169209s[0m
[rtabmap-2] [0m[INFO] [1776442803.787418993] [rtabmap.rtabmap]: rtabmap (106): Rate=0.50s, Limit=0.000s, Conversion=0.0015s, RTAB-Map=0.0302s, Maps update=0.0001s pub=0.0011s delay=0.2033s (local map=1, WM=1)[0m
[rgbd_odometry-1] [0m[INFO] [1776442803.889127857] [rtabmap.rgbd_odometry]: Odom: quality=185, std dev=0.000271m|0.010360rad, update time=0.102211s delay=0.171519s[0m
[rgbd_odometry-1] [0m[INFO] [1776442804.007409393] [rtabmap.rgbd_odometry]: Odom: quality=187, std dev=0.000403m|0.018423rad, update time=0.086155s delay=0.156386s[0m
[rgbd_odometry-1] [0m[INFO] [1776442804.146892503] [rtabmap.rgbd_odometry]: Odom: quality=183, std dev=0.000133m|0.010360rad, update time=0.092273s delay=0.162448s[0m
[rgbd_odometry-1] [0m[INFO] [1776442804.278433718] [rtabmap.rgbd_odometry]: Odom: quality=186, std dev=0.000242m|0.012320rad, update time=0.089520s delay=0.160567s[0m
[rtabmap-2] [0m[INFO] [1776442804.320117517] [rtabmap.rtabmap]: rtabmap (107): Rate=0.50s, Limit=0.000s, Conversion=0.0014s, RTAB-Map=0.0371s, Maps update=0.0001s pub=0.0017s delay=0.2023s (local map=1, WM=1)[0m
[rgbd_odometry-1] [0m[INFO] [1776442804.418782517] [rtabmap.rgbd_odometry]: Odom: quality=181, std dev=0.000311m|0.022044rad, update time=0.093785s delay=0.167495s[0m
[rgbd_odometry-1] [0m[INFO] [1776442804.543140005] [rtabmap.rgbd_odometry]: Odom: quality=176, std dev=0.000948m|0.020388rad, update time=0.085874s delay=0.158433s[0m
[rgbd_odometry-1] [0m[INFO] [1776442804.689986304] [rtabmap.rgbd_odometry]: Odom: quality=189, std dev=0.000244m|0.011465rad, update time=0.100753s delay=0.171857s[0m
[rgbd_odometry-1] [0m[INFO] [1776442804.818909396] [rtabmap.rgbd_odometry]: Odom: quality=187, std dev=0.000123m|0.010360rad, update time=0.096461s delay=0.167328s[0m
[rtabmap-2] [0m[INFO] [1776442804.858050113] [rtabmap.rtabmap]: rtabmap (108): Rate=0.50s, Limit=0.000s, Conversion=0.0013s, RTAB-Map=0.0346s, Maps update=0.0001s pub=0.0011s delay=0.2065s (local map=1, WM=1)[0m
[rgbd_odometry-1] [0m[INFO] [1776442804.948875782] [rtabmap.rgbd_odometry]: Odom: quality=189, std dev=0.000289m|0.010360rad, update time=0.093738s delay=0.163905s[0m
[rgbd_odometry-1] [0m[INFO] [1776442805.077766393] [rtabmap.rgbd_odometry]: Odom: quality=178, std dev=0.000215m|0.010360rad, update time=0.088963s delay=0.159373s[0m
[rgbd_odometry-1] [0m[INFO] [1776442805.201592250] [rtabmap.rgbd_odometry]: Odom: quality=167, std dev=0.000720m|0.026215rad, update time=0.080198s delay=0.149779s[0m
[rgbd_odometry-1] [0m[INFO] [1776442805.338065673] [rtabmap.rgbd_odometry]: Odom: quality=179, std dev=0.000239m|0.012320rad, update time=0.083207s delay=0.152830s[0m
[rtabmap-2] [0m[INFO] [1776442805.379129069] [rtabmap.rtabmap]: rtabmap (109): Rate=0.50s, Limit=0.000s, Conversion=0.0015s, RTAB-Map=0.0365s, Maps update=0.0001s pub=0.0015s delay=0.1939s (local map=1, WM=1)[0m
[rgbd_odometry-1] [0m[INFO] [1776442805.479945460] [rtabmap.rgbd_odometry]: Odom: quality=175, std dev=0.000388m|0.018423rad, update time=0.091639s delay=0.161292s[0m
[rgbd_odometry-1] [0m[INFO] [1776442805.610625755] [rtabmap.rgbd_odometry]: Odom: quality=180, std dev=0.000161m|0.010360rad, update time=0.088739s delay=0.158551s[0m
[rgbd_odometry-1] [0m[INFO] [1776442805.746309715] [rtabmap.rgbd_odometry]: Odom: quality=177, std dev=0.000455m|0.017689rad, update time=0.090714s delay=0.160808s[0m
[rgbd_odometry-1] [0m[INFO] [1776442805.877061468] [rtabmap.rgbd_odometry]: Odom: quality=182, std dev=0.000513m|0.019672rad, update time=0.088632s delay=0.158132s[0m
[rtabmap-2] [0m[INFO] [1776442805.915378609] [rtabmap.rtabmap]: rtabmap (110): Rate=0.50s, Limit=0.000s, Conversion=0.0013s, RTAB-Map=0.0316s, Maps update=0.0001s pub=0.0040s delay=0.1965s (local map=1, WM=1)[0m
[rgbd_odometry-1] [0m[INFO] [1776442806.025596232] [rtabmap.rgbd_odometry]: Odom: quality=185, std dev=0.000336m|0.013027rad, update time=0.102861s delay=0.173240s[0m
[rgbd_odometry-1] [0m[INFO] [1776442806.153928843] [rtabmap.rgbd_odometry]: Odom: quality=181, std dev=0.000145m|0.008712rad, update time=0.098112s delay=0.168143s[0m
[rgbd_odometry-1] [0m[INFO] [1776442806.276666860] [rtabmap.rgbd_odometry]: Odom: quality=170, std dev=0.000541m|0.023616rad, update time=0.087520s delay=0.157452s[0m
[rgbd_odometry-1] [0m[INFO] [1776442806.417161456] [rtabmap.rgbd_odometry]: Odom: quality=174, std dev=0.000794m|0.025199rad, update time=0.089650s delay=0.164518s[0m
[rtabmap-2] [0m[INFO] [1776442806.486898098] [rtabmap.rtabmap]: rtabmap (111): Rate=0.50s, Limit=0.000s, Conversion=0.0038s, RTAB-Map=0.0590s, Maps update=0.0001s pub=0.0041s delay=0.2343s (local map=1, WM=1)[0m
[rgbd_odometry-1] [0m[INFO] [1776442806.548897749] [rtabmap.rgbd_odometry]: Odom: quality=189, std dev=0.000120m|0.010360rad, update time=0.093195s delay=0.162828s[0m
[rgbd_odometry-1] [0m[INFO] [1776442806.683126595] [rtabmap.rgbd_odometry]: Odom: quality=183, std dev=0.000298m|0.000173rad, update time=0.090959s delay=0.163620s[0m
[rgbd_odometry-1] [0m[INFO] [1776442806.813422655] [rtabmap.rgbd_odometry]: Odom: quality=193, std dev=0.000252m|0.008712rad, update time=0.090028s delay=0.160464s[0m
[rgbd_odometry-1] [0m[INFO] [1776442806.954374448] [rtabmap.rgbd_odometry]: Odom: quality=170, std dev=0.000942m|0.035668rad, update time=0.098594s delay=0.167973s[0m
[rtabmap-2] [0m[INFO] [1776442807.003785798] [rtabmap.rtabmap]: rtabmap (112): Rate=0.50s, Limit=0.000s, Conversion=0.0013s, RTAB-Map=0.0440s, Maps update=0.0001s pub=0.0013s delay=0.2174s (local map=1, WM=1)[0m
[rgbd_odometry-1] [0m[INFO] [1776442807.097121588] [rtabmap.rgbd_odometry]: Odom: quality=166, std dev=0.000683m|0.022178rad, update time=0.106722s delay=0.177270s[0m
[rgbd_odometry-1] [0m[INFO] [1776442807.216543286] [rtabmap.rgbd_odometry]: Odom: quality=149, std dev=0.000660m|0.014170rad, update time=0.093914s delay=0.163244s[0m
[rgbd_odometry-1] [0m[INFO] [1776442807.352180365] [rtabmap.rgbd_odometry]: Odom: quality=213, std dev=0.000856m|0.028340rad, update time=0.095724s delay=0.165431s[0m
[rgbd_odometry-1] [0m[INFO] [1776442807.484241340] [rtabmap.rgbd_odometry]: Odom: quality=218, std dev=0.000257m|0.010360rad, update time=0.094473s delay=0.164037s[0m
[rtabmap-2] [0m[INFO] [1776442807.549901161] [rtabmap.rtabmap]: rtabmap (113): Rate=0.50s, Limit=0.000s, Conversion=0.0015s, RTAB-Map=0.0605s, Maps update=0.0001s pub=0.0015s delay=0.2297s (local map=1, WM=1)[0m
[rgbd_odometry-1] [0m[INFO] [1776442807.624661821] [rtabmap.rgbd_odometry]: Odom: quality=214, std dev=0.000120m|0.010360rad, update time=0.099244s delay=0.171011s[0m
[rgbd_odometry-1] [0m[INFO] [1776442807.751491381] [rtabmap.rgbd_odometry]: Odom: quality=215, std dev=0.000178m|0.008712rad, update time=0.093024s delay=0.164414s[0m
[rgbd_odometry-1] [0m[INFO] [1776442807.884176278] [rtabmap.rgbd_odometry]: Odom: quality=207, std dev=0.000112m|0.008712rad, update time=0.090622s delay=0.163671s[0m
[rgbd_odometry-1] [0m[INFO] [1776442808.012689279] [rtabmap.rgbd_odometry]: Odom: quality=217, std dev=0.000275m|0.008712rad, update time=0.084532s delay=0.158758s[0m
[rtabmap-2] [0m[INFO] [1776442808.091258754] [rtabmap.rtabmap]: rtabmap (114): Rate=0.50s, Limit=0.000s, Conversion=0.0015s, RTAB-Map=0.0731s, Maps update=0.0001s pub=0.0013s delay=0.2373s (local map=1, WM=1)[0m
[rgbd_odometry-1] [0m[INFO] [1776442808.161334190] [rtabmap.rgbd_odometry]: Odom: quality=208, std dev=0.000241m|0.017689rad, update time=0.093450s delay=0.173976s[0m
[rgbd_odometry-1] [0m[INFO] [1776442808.295549052] [rtabmap.rgbd_odometry]: Odom: quality=219, std dev=0.000101m|0.008712rad, update time=0.104971s delay=0.174759s[0m
[rgbd_odometry-1] [0m[INFO] [1776442808.412429428] [rtabmap.rgbd_odometry]: Odom: quality=217, std dev=0.000137m|0.000173rad, update time=0.089287s delay=0.158215s[0m
[rgbd_odometry-1] [0m[INFO] [1776442808.552177058] [rtabmap.rgbd_odometry]: Odom: quality=224, std dev=0.000194m|0.010360rad, update time=0.093924s delay=0.164538s[0m
[rtabmap-2] [0m[INFO] [1776442808.596979699] [rtabmap.rtabmap]: rtabmap (115): Rate=0.50s, Limit=0.000s, Conversion=0.0013s, RTAB-Map=0.0407s, Maps update=0.0001s pub=0.0012s delay=0.2093s (local map=1, WM=1)[0m
[rgbd_odometry-1] [0m[INFO] [1776442808.694945351] [rtabmap.rgbd_odometry]: Odom: quality=209, std dev=0.000481m|0.014651rad, update time=0.101124s delay=0.173877s[0m
[rgbd_odometry-1] [0m[INFO] [1776442808.816662411] [rtabmap.rgbd_odometry]: Odom: quality=221, std dev=0.000162m|0.013027rad, update time=0.092207s delay=0.162168s[0m
[rgbd_odometry-1] [0m[INFO] [1776442808.950241159] [rtabmap.rgbd_odometry]: Odom: quality=213, std dev=0.000299m|0.015089rad, update time=0.092933s delay=0.162319s[0m
[rgbd_odometry-1] [0m[INFO] [1776442809.084332273] [rtabmap.rgbd_odometry]: Odom: quality=207, std dev=0.000139m|0.011465rad, update time=0.091677s delay=0.162985s[0m
[rtabmap-2] [0m[INFO] [1776442809.126021352] [rtabmap.rtabmap]: rtabmap (116): Rate=0.50s, Limit=0.000s, Conversion=0.0012s, RTAB-Map=0.0383s, Maps update=0.0001s pub=0.0011s delay=0.2047s (local map=1, WM=1)[0m
[rgbd_odometry-1] [0m[INFO] [1776442809.232378415] [rtabmap.rgbd_odometry]: Odom: quality=208, std dev=0.000211m|0.008712rad, update time=0.105344s delay=0.177606s[0m
[rgbd_odometry-1] [0m[INFO] [1776442809.364817962] [rtabmap.rgbd_odometry]: Odom: quality=199, std dev=0.000405m|0.016542rad, update time=0.105736s delay=0.176616s[0m
[rgbd_odometry-1] [0m[INFO] [1776442809.489622983] [rtabmap.rgbd_odometry]: Odom: quality=197, std dev=0.000658m|0.020216rad, update time=0.096431s delay=0.167996s[0m
[rgbd_odometry-1] [0m[INFO] [1776442809.623322374] [rtabmap.rgbd_odometry]: Odom: quality=190, std dev=0.000145m|0.000173rad, update time=0.094963s delay=0.168269s[0m
[rtabmap-2] [0m[INFO] [1776442809.667499173] [rtabmap.rtabmap]: rtabmap (117): Rate=0.50s, Limit=0.000s, Conversion=0.0013s, RTAB-Map=0.0375s, Maps update=0.0003s pub=0.0021s delay=0.2125s (local map=1, WM=1)[0m
[rgbd_odometry-1] [0m[INFO] [1776442809.757007589] [rtabmap.rgbd_odometry]: Odom: quality=180, std dev=0.000407m|0.017689rad, update time=0.093439s delay=0.168525s[0m
[rgbd_odometry-1] [0m[INFO] [1776442809.884099173] [rtabmap.rgbd_odometry]: Odom: quality=184, std dev=0.000119m|0.010360rad, update time=0.092015s delay=0.162190s[0m
[rgbd_odometry-1] [0m[INFO] [1776442810.018746015] [rtabmap.rgbd_odometry]: Odom: quality=174, std dev=0.000130m|0.010360rad, update time=0.093510s delay=0.163410s[0m
[rgbd_odometry-1] [0m[INFO] [1776442810.148159426] [rtabmap.rgbd_odometry]: Odom: quality=181, std dev=0.000248m|0.000173rad, update time=0.089719s delay=0.159393s[0m
[rtabmap-2] [0m[INFO] [1776442810.194959405] [rtabmap.rtabmap]: rtabmap (118): Rate=0.50s, Limit=0.000s, Conversion=0.0020s, RTAB-Map=0.0394s, Maps update=0.0001s pub=0.0011s delay=0.2062s (local map=1, WM=1)[0m
[rgbd_odometry-1] [0m[INFO] [1776442810.283974047] [rtabmap.rgbd_odometry]: Odom: quality=176, std dev=0.000178m|0.013027rad, update time=0.091428s delay=0.161782s[0m
[rgbd_odometry-1] [0m[INFO] [1776442810.415684420] [rtabmap.rgbd_odometry]: Odom: quality=173, std dev=0.000125m|0.012320rad, update time=0.088576s delay=0.160062s[0m
[rgbd_odometry-1] [0m[INFO] [1776442810.551175991] [rtabmap.rgbd_odometry]: Odom: quality=173, std dev=0.000267m|0.020720rad, update time=0.090389s delay=0.162125s[0m
[rgbd_odometry-1] [0m[INFO] [1776442810.683683668] [rtabmap.rgbd_odometry]: Odom: quality=174, std dev=0.000797m|0.031223rad, update time=0.090664s delay=0.161204s[0m
[rtabmap-2] [0m[INFO] [1776442810.724294988] [rtabmap.rtabmap]: rtabmap (119): Rate=0.50s, Limit=0.000s, Conversion=0.0016s, RTAB-Map=0.0357s, Maps update=0.0001s pub=0.0012s delay=0.2018s (local map=1, WM=1)[0m
[rgbd_odometry-1] [0m[INFO] [1776442810.819510801] [rtabmap.rgbd_odometry]: Odom: quality=177, std dev=0.000449m|0.015089rad, update time=0.091026s delay=0.163603s[0m
[rgbd_odometry-1] [0m[INFO] [1776442810.950311196] [rtabmap.rgbd_odometry]: Odom: quality=158, std dev=0.000410m|0.020720rad, update time=0.088883s delay=0.160970s[0m
[rgbd_odometry-1] [0m[INFO] [1776442811.086033558] [rtabmap.rgbd_odometry]: Odom: quality=175, std dev=0.000423m|0.016851rad, update time=0.091598s delay=0.163262s[0m
[rgbd_odometry-1] [0m[INFO] [1776442811.212300350] [rtabmap.rgbd_odometry]: Odom: quality=173, std dev=0.000515m|0.016542rad, update time=0.086977s delay=0.156097s[0m
[rtabmap-2] [0m[INFO] [1776442811.249099207] [rtabmap.rtabmap]: rtabmap (120): Rate=0.50s, Limit=0.000s, Conversion=0.0015s, RTAB-Map=0.0318s, Maps update=0.0001s pub=0.0011s delay=0.1929s (local map=1, WM=1)[0m
[rgbd_odometry-1] [0m[INFO] [1776442811.355189031] [rtabmap.rgbd_odometry]: Odom: quality=173, std dev=0.000304m|0.011465rad, update time=0.094000s delay=0.165555s[0m
[rgbd_odometry-1] [0m[INFO] [1776442811.495123099] [rtabmap.rgbd_odometry]: Odom: quality=172, std dev=0.000555m|0.019480rad, update time=0.099722s delay=0.172059s[0m
[rgbd_odometry-1] [0m[INFO] [1776442811.618885850] [rtabmap.rgbd_odometry]: Odom: quality=178, std dev=0.000407m|0.025199rad, update time=0.088649s delay=0.162389s[0m
[rgbd_odometry-1] [0m[INFO] [1776442811.752269200] [rtabmap.rgbd_odometry]: Odom: quality=175, std dev=0.000884m|0.021339rad, update time=0.090644s delay=0.162343s[0m
[rtabmap-2] [0m[INFO] [1776442811.796951710] [rtabmap.rtabmap]: rtabmap (121): Rate=0.50s, Limit=0.000s, Conversion=0.0012s, RTAB-Map=0.0400s, Maps update=0.0001s pub=0.0012s delay=0.2070s (local map=1, WM=1)[0m
[rgbd_odometry-1] [0m[INFO] [1776442811.888944358] [rtabmap.rgbd_odometry]: Odom: quality=173, std dev=0.000183m|0.000173rad, update time=0.095718s delay=0.165591s[0m
[rgbd_odometry-1] [0m[INFO] [1776442812.017065572] [rtabmap.rgbd_odometry]: Odom: quality=174, std dev=0.000824m|0.017423rad, update time=0.088775s delay=0.160283s[0m
[rgbd_odometry-1] [0m[INFO] [1776442812.154942076] [rtabmap.rgbd_odometry]: Odom: quality=169, std dev=0.000118m|0.010360rad, update time=0.093195s delay=0.164733s[0m
[rgbd_odometry-1] [0m[INFO] [1776442812.285945997] [rtabmap.rgbd_odometry]: Odom: quality=161, std dev=0.001247m|0.023937rad, update time=0.090046s delay=0.162307s[0m
[rtabmap-2] [0m[INFO] [1776442812.337144376] [rtabmap.rtabmap]: rtabmap (122): Rate=0.50s, Limit=0.000s, Conversion=0.0022s, RTAB-Map=0.0460s, Maps update=0.0001s pub=0.0011s delay=0.2135s (local map=1, WM=1)[0m
[rgbd_odometry-1] [0m[INFO] [1776442812.417505519] [rtabmap.rgbd_odometry]: Odom: quality=167, std dev=0.000368m|0.017423rad, update time=0.089195s delay=0.160439s[0m
[rgbd_odometry-1] [0m[INFO] [1776442812.550496314] [rtabmap.rgbd_odometry]: Odom: quality=171, std dev=0.000198m|0.008712rad, update time=0.089688s delay=0.160002s[0m
[rgbd_odometry-1] [0m[INFO] [1776442812.683686442] [rtabmap.rgbd_odometry]: Odom: quality=171, std dev=0.000280m|0.013634rad, update time=0.088392s delay=0.159764s[0m
[rgbd_odometry-1] [0m[INFO] [1776442812.817605136] [rtabmap.rgbd_odometry]: Odom: quality=170, std dev=0.000141m|0.015089rad, update time=0.091031s delay=0.160252s[0m
[rtabmap-2] [0m[INFO] [1776442812.865079471] [rtabmap.rtabmap]: rtabmap (123): Rate=0.50s, Limit=0.000s, Conversion=0.0016s, RTAB-Map=0.0418s, Maps update=0.0001s pub=0.0014s delay=0.2077s (local map=1, WM=1)[0m
[rgbd_odometry-1] [0m[INFO] [1776442812.951811966] [rtabmap.rgbd_odometry]: Odom: quality=171, std dev=0.000122m|0.010360rad, update time=0.090281s delay=0.161029s[0m
[rgbd_odometry-1] [0m[INFO] [1776442813.078282317] [rtabmap.rgbd_odometry]: Odom: quality=177, std dev=0.000264m|0.008712rad, update time=0.084670s delay=0.154068s[0m
[rgbd_odometry-1] [0m[INFO] [1776442813.217190467] [rtabmap.rgbd_odometry]: Odom: quality=165, std dev=0.000118m|0.008712rad, update time=0.090298s delay=0.159548s[0m
[rgbd_odometry-1] [0m[INFO] [1776442813.354302309] [rtabmap.rgbd_odometry]: Odom: quality=176, std dev=0.000345m|0.023831rad, update time=0.090842s delay=0.163227s[0m
[rtabmap-2] [0m[INFO] [1776442813.403637562] [rtabmap.rtabmap]: rtabmap (124): Rate=0.50s, Limit=0.000s, Conversion=0.0018s, RTAB-Map=0.0450s, Maps update=0.0001s pub=0.0011s delay=0.2126s (local map=1, WM=1)[0m
[rgbd_odometry-1] [0m[INFO] [1776442813.486542587] [rtabmap.rgbd_odometry]: Odom: quality=159, std dev=0.000187m|0.014651rad, update time=0.089412s delay=0.162041s[0m
[rgbd_odometry-1] [0m[INFO] [1776442813.621160757] [rtabmap.rgbd_odometry]: Odom: quality=181, std dev=0.000313m|0.008712rad, update time=0.091812s delay=0.163230s[0m
[rgbd_odometry-1] [0m[INFO] [1776442813.749793602] [rtabmap.rgbd_odometry]: Odom: quality=170, std dev=0.000210m|0.013634rad, update time=0.088164s delay=0.158431s[0m
[rgbd_odometry-1] [0m[INFO] [1776442813.882775500] [rtabmap.rgbd_odometry]: Odom: quality=166, std dev=0.000215m|0.012320rad, update time=0.087928s delay=0.157980s[0m
[rtabmap-2] [0m[INFO] [1776442813.931026370] [rtabmap.rtabmap]: rtabmap (125): Rate=0.50s, Limit=0.000s, Conversion=0.0019s, RTAB-Map=0.0435s, Maps update=0.0001s pub=0.0013s delay=0.2062s (local map=1, WM=1)[0m
[rgbd_odometry-1] [0m[INFO] [1776442814.020992591] [rtabmap.rgbd_odometry]: Odom: quality=178, std dev=0.000334m|0.015492rad, update time=0.089109s delay=0.162774s[0m
[rgbd_odometry-1] [0m[INFO] [1776442814.152113252] [rtabmap.rgbd_odometry]: Odom: quality=177, std dev=0.000350m|0.015089rad, update time=0.090302s delay=0.160463s[0m
[rgbd_odometry-1] [0m[INFO] [1776442814.286365588] [rtabmap.rgbd_odometry]: Odom: quality=171, std dev=0.000249m|0.008712rad, update time=0.089686s delay=0.161288s[0m
[rgbd_odometry-1] [0m[INFO] [1776442814.421007279] [rtabmap.rgbd_odometry]: Odom: quality=162, std dev=0.000188m|0.014651rad, update time=0.089822s delay=0.162495s[0m
[rtabmap-2] [0m[INFO] [1776442814.455155819] [rtabmap.rtabmap]: rtabmap (126): Rate=0.50s, Limit=0.000s, Conversion=0.0022s, RTAB-Map=0.0294s, Maps update=0.0001s pub=0.0012s delay=0.1967s (local map=1, WM=1)[0m
[rgbd_odometry-1] [0m[INFO] [1776442814.553915255] [rtabmap.rgbd_odometry]: Odom: quality=166, std dev=0.000302m|0.020880rad, update time=0.091339s delay=0.161979s[0m
[rgbd_odometry-1] [0m[INFO] [1776442814.683720422] [rtabmap.rgbd_odometry]: Odom: quality=179, std dev=0.000171m|0.012320rad, update time=0.089359s delay=0.158356s[0m
[rgbd_odometry-1] [0m[INFO] [1776442814.818315168] [rtabmap.rgbd_odometry]: Odom: quality=179, std dev=0.000308m|0.021770rad, update time=0.085698s delay=0.159521s[0m
[rgbd_odometry-1] [0m[INFO] [1776442814.950899967] [rtabmap.rgbd_odometry]: Odom: quality=187, std dev=0.000193m|0.013027rad, update time=0.086371s delay=0.158677s[0m
[rtabmap-2] [0m[INFO] [1776442814.994289160] [rtabmap.rtabmap]: rtabmap (127): Rate=0.50s, Limit=0.000s, Conversion=0.0019s, RTAB-Map=0.0384s, Maps update=0.0001s pub=0.0014s delay=0.2021s (local map=1, WM=1)[0m
[rgbd_odometry-1] [0m[INFO] [1776442815.086853408] [rtabmap.rgbd_odometry]: Odom: quality=166, std dev=0.000601m|0.028466rad, update time=0.090360s delay=0.161202s[0m
[rgbd_odometry-1] [0m[INFO] [1776442815.221067471] [rtabmap.rgbd_odometry]: Odom: quality=174, std dev=0.000175m|0.000173rad, update time=0.089646s delay=0.161989s[0m
[rgbd_odometry-1] [0m[INFO] [1776442815.351758840] [rtabmap.rgbd_odometry]: Odom: quality=162, std dev=0.000354m|0.018423rad, update time=0.088860s delay=0.159248s[0m
[rgbd_odometry-1] [0m[INFO] [1776442815.482456033] [rtabmap.rgbd_odometry]: Odom: quality=166, std dev=0.000286m|0.010360rad, update time=0.087229s delay=0.156516s[0m
[rtabmap-2] [0m[INFO] [1776442815.521264293] [rtabmap.rtabmap]: rtabmap (128): Rate=0.50s, Limit=0.000s, Conversion=0.0014s, RTAB-Map=0.0349s, Maps update=0.0001s pub=0.0011s delay=0.1953s (local map=1, WM=1)[0m
[rgbd_odometry-1] [0m[INFO] [1776442815.621299158] [rtabmap.rgbd_odometry]: Odom: quality=174, std dev=0.000207m|0.014651rad, update time=0.091172s delay=0.161935s[0m
[rgbd_odometry-1] [0m[INFO] [1776442815.756646629] [rtabmap.rgbd_odometry]: Odom: quality=168, std dev=0.001035m|0.021770rad, update time=0.094508s delay=0.163856s[0m
[rgbd_odometry-1] [0m[INFO] [1776442815.884536637] [rtabmap.rgbd_odometry]: Odom: quality=178, std dev=0.000575m|0.019282rad, update time=0.087798s delay=0.158320s[0m
[rgbd_odometry-1] [0m[INFO] [1776442816.023665850] [rtabmap.rgbd_odometry]: Odom: quality=168, std dev=0.000255m|0.010360rad, update time=0.094265s delay=0.164022s[0m
[rtabmap-2] [0m[INFO] [1776442816.057931706] [rtabmap.rtabmap]: rtabmap (129): Rate=0.50s, Limit=0.000s, Conversion=0.0013s, RTAB-Map=0.0301s, Maps update=0.0001s pub=0.0012s delay=0.1983s (local map=1, WM=1)[0m
[rgbd_odometry-1] [0m[INFO] [1776442816.171746202] [rtabmap.rgbd_odometry]: Odom: quality=163, std dev=0.000558m|0.030126rad, update time=0.103952s delay=0.178675s[0m
[rgbd_odometry-1] [0m[INFO] [1776442816.289431019] [rtabmap.rgbd_odometry]: Odom: quality=175, std dev=0.000246m|0.008712rad, update time=0.093605s delay=0.162929s[0m
[rgbd_odometry-1] [0m[INFO] [1776442816.418879375] [rtabmap.rgbd_odometry]: Odom: quality=182, std dev=0.000425m|0.018188rad, update time=0.089805s delay=0.158950s[0m
[rgbd_odometry-1] [0m[INFO] [1776442816.558252020] [rtabmap.rgbd_odometry]: Odom: quality=166, std dev=0.000337m|0.019672rad, update time=0.094627s delay=0.164897s[0m
[rtabmap-2] [0m[INFO] [1776442816.606833299] [rtabmap.rtabmap]: rtabmap (130): Rate=0.50s, Limit=0.000s, Conversion=0.0015s, RTAB-Map=0.0442s, Maps update=0.0001s pub=0.0013s delay=0.2135s (local map=1, WM=1)[0m
[rgbd_odometry-1] [0m[INFO] [1776442816.689350472] [rtabmap.rgbd_odometry]: Odom: quality=172, std dev=0.001161m|0.024831rad, update time=0.091887s delay=0.162569s[0m
[rgbd_odometry-1] [0m[INFO] [1776442816.824120551] [rtabmap.rgbd_odometry]: Odom: quality=177, std dev=0.000269m|0.010360rad, update time=0.092193s delay=0.163911s[0m
[rgbd_odometry-1] [0m[INFO] [1776442816.958296245] [rtabmap.rgbd_odometry]: Odom: quality=178, std dev=0.000443m|0.014651rad, update time=0.094288s delay=0.164658s[0m
[rgbd_odometry-1] [0m[INFO] [1776442817.087867422] [rtabmap.rgbd_odometry]: Odom: quality=176, std dev=0.000101m|0.010360rad, update time=0.090130s delay=0.160802s[0m
[rtabmap-2] [0m[INFO] [1776442817.124904878] [rtabmap.rtabmap]: rtabmap (131): Rate=0.50s, Limit=0.000s, Conversion=0.0022s, RTAB-Map=0.0320s, Maps update=0.0001s pub=0.0012s delay=0.1979s (local map=1, WM=1)[0m
[rgbd_odometry-1] [0m[INFO] [1776442817.228934099] [rtabmap.rgbd_odometry]: Odom: quality=177, std dev=0.000101m|0.010360rad, update time=0.098006s delay=0.168439s[0m
[rgbd_odometry-1] [0m[INFO] [1776442817.360482933] [rtabmap.rgbd_odometry]: Odom: quality=166, std dev=0.000903m|0.019858rad, update time=0.095810s delay=0.166550s[0m
[rgbd_odometry-1] [0m[INFO] [1776442817.485916934] [rtabmap.rgbd_odometry]: Odom: quality=167, std dev=0.000221m|0.012320rad, update time=0.089319s delay=0.158566s[0m
[rgbd_odometry-1] [0m[INFO] [1776442817.619832972] [rtabmap.rgbd_odometry]: Odom: quality=179, std dev=0.000440m|0.014651rad, update time=0.088922s delay=0.159059s[0m
[rtabmap-2] [0m[INFO] [1776442817.657850393] [rtabmap.rtabmap]: rtabmap (132): Rate=0.50s, Limit=0.000s, Conversion=0.0019s, RTAB-Map=0.0337s, Maps update=0.0001s pub=0.0011s delay=0.1971s (local map=1, WM=1)[0m
[rgbd_odometry-1] [0m[INFO] [1776442817.758132818] [rtabmap.rgbd_odometry]: Odom: quality=181, std dev=0.000169m|0.016851rad, update time=0.094826s delay=0.163930s[0m
[rgbd_odometry-1] [0m[INFO] [1776442817.893664423] [rtabmap.rgbd_odometry]: Odom: quality=176, std dev=0.000387m|0.016542rad, update time=0.094716s delay=0.166033s[0m
[rgbd_odometry-1] [0m[INFO] [1776442818.025827034] [rtabmap.rgbd_odometry]: Odom: quality=185, std dev=0.000132m|0.013027rad, update time=0.094243s delay=0.164764s[0m
[rgbd_odometry-1] [0m[INFO] [1776442818.159297780] [rtabmap.rgbd_odometry]: Odom: quality=178, std dev=0.000419m|0.019282rad, update time=0.094927s delay=0.164807s[0m
[rtabmap-2] [0m[INFO] [1776442818.231283129] [rtabmap.rtabmap]: rtabmap (133): Rate=0.50s, Limit=0.000s, Conversion=0.0018s, RTAB-Map=0.0663s, Maps update=0.0001s pub=0.0019s delay=0.2368s (local map=1, WM=1)[0m
[rgbd_odometry-1] [0m[INFO] [1776442818.295506941] [rtabmap.rgbd_odometry]: Odom: quality=177, std dev=0.000312m|0.017689rad, update time=0.097039s delay=0.167589s[0m
[rgbd_odometry-1] [0m[INFO] [1776442818.420384222] [rtabmap.rgbd_odometry]: Odom: quality=176, std dev=0.000317m|0.017144rad, update time=0.088865s delay=0.159037s[0m
[rgbd_odometry-1] [0m[INFO] [1776442818.557760233] [rtabmap.rgbd_odometry]: Odom: quality=171, std dev=0.000273m|0.017944rad, update time=0.093266s delay=0.162984s[0m
[rgbd_odometry-1] [0m[INFO] [1776442818.691788562] [rtabmap.rgbd_odometry]: Odom: quality=169, std dev=0.000855m|0.020040rad, update time=0.093686s delay=0.163584s[0m
[rtabmap-2] [0m[INFO] [1776442818.731591251] [rtabmap.rtabmap]: rtabmap (134): Rate=0.50s, Limit=0.000s, Conversion=0.0017s, RTAB-Map=0.0338s, Maps update=0.0001s pub=0.0022s delay=0.2034s (local map=1, WM=1)[0m
[rgbd_odometry-1] [0m[INFO] [1776442818.820761034] [rtabmap.rgbd_odometry]: Odom: quality=173, std dev=0.000213m|0.014651rad, update time=0.089856s delay=0.159130s[0m
[rgbd_odometry-1] [0m[INFO] [1776442818.961448116] [rtabmap.rgbd_odometry]: Odom: quality=163, std dev=0.000222m|0.012320rad, update time=0.094999s delay=0.166389s[0m
[rgbd_odometry-1] [0m[INFO] [1776442819.112978585] [rtabmap.rgbd_odometry]: Odom: quality=168, std dev=0.000263m|0.008712rad, update time=0.114589s delay=0.184491s[0m
[rgbd_odometry-1] [0m[INFO] [1776442819.234529498] [rtabmap.rgbd_odometry]: Odom: quality=171, std dev=0.000687m|0.016214rad, update time=0.103502s delay=0.172618s[0m
[rtabmap-2] [0m[INFO] [1776442819.294603910] [rtabmap.rtabmap]: rtabmap (135): Rate=0.50s, Limit=0.000s, Conversion=0.0020s, RTAB-Map=0.0545s, Maps update=0.0001s pub=0.0016s delay=0.2327s (local map=1, WM=1)[0m
[rgbd_odometry-1] [0m[INFO] [1776442819.357501411] [rtabmap.rgbd_odometry]: Odom: quality=168, std dev=0.000196m|0.000173rad, update time=0.088761s delay=0.162163s[0m
[rgbd_odometry-1] [0m[INFO] [1776442819.487459703] [rtabmap.rgbd_odometry]: Odom: quality=178, std dev=0.000154m|0.012320rad, update time=0.089374s delay=0.158694s[0m
[rgbd_odometry-1] [0m[INFO] [1776442819.620135770] [rtabmap.rgbd_odometry]: Odom: quality=177, std dev=0.000198m|0.000173rad, update time=0.088979s delay=0.157941s[0m
[rgbd_odometry-1] [0m[INFO] [1776442819.750820643] [rtabmap.rgbd_odometry]: Odom: quality=163, std dev=0.000245m|0.008712rad, update time=0.085032s delay=0.155200s[0m
[rtabmap-2] [0m[INFO] [1776442819.788183965] [rtabmap.rtabmap]: rtabmap (136): Rate=0.50s, Limit=0.000s, Conversion=0.0026s, RTAB-Map=0.0319s, Maps update=0.0001s pub=0.0013s delay=0.1926s (local map=1, WM=1)[0m
[rgbd_odometry-1] [0m[INFO] [1776442819.892505547] [rtabmap.rgbd_odometry]: Odom: quality=173, std dev=0.000149m|0.013027rad, update time=0.093413s delay=0.163458s[0m
[rgbd_odometry-1] [0m[INFO] [1776442820.022286042] [rtabmap.rgbd_odometry]: Odom: quality=169, std dev=0.000692m|0.016214rad, update time=0.089331s delay=0.159809s[0m
[rgbd_odometry-1] [0m[INFO] [1776442820.155445611] [rtabmap.rgbd_odometry]: Odom: quality=173, std dev=0.000604m|0.017944rad, update time=0.089082s delay=0.159540s[0m
[rgbd_odometry-1] [0m[INFO] [1776442820.286044946] [rtabmap.rgbd_odometry]: Odom: quality=167, std dev=0.000345m|0.018423rad, update time=0.086999s delay=0.156712s[0m
[rtabmap-2] [0m[INFO] [1776442820.322796634] [rtabmap.rtabmap]: rtabmap (137): Rate=0.50s, Limit=0.000s, Conversion=0.0017s, RTAB-Map=0.0321s, Maps update=0.0001s pub=0.0011s delay=0.1935s (local map=1, WM=1)[0m
[rgbd_odometry-1] [0m[INFO] [1776442820.425155119] [rtabmap.rgbd_odometry]: Odom: quality=163, std dev=0.000284m|0.013027rad, update time=0.092624s delay=0.162398s[0m
[rgbd_odometry-1] [0m[INFO] [1776442820.557274050] [rtabmap.rgbd_odometry]: Odom: quality=165, std dev=0.000226m|0.000173rad, update time=0.091404s delay=0.161088s[0m
[rgbd_odometry-1] [0m[INFO] [1776442820.690764284] [rtabmap.rgbd_odometry]: Odom: quality=173, std dev=0.000299m|0.008712rad, update time=0.091249s delay=0.161150s[0m
[rgbd_odometry-1] [0m[INFO] [1776442820.818710902] [rtabmap.rgbd_odometry]: Odom: quality=169, std dev=0.000167m|0.013027rad, update time=0.086218s delay=0.155667s[0m
[rtabmap-2] [0m[INFO] [1776442820.859079143] [rtabmap.rtabmap]: rtabmap (138): Rate=0.50s, Limit=0.000s, Conversion=0.0024s, RTAB-Map=0.0349s, Maps update=0.0001s pub=0.0012s delay=0.1960s (local map=1, WM=1)[0m
[rgbd_odometry-1] [0m[INFO] [1776442820.959102936] [rtabmap.rgbd_odometry]: Odom: quality=164, std dev=0.000265m|0.021189rad, update time=0.091277s delay=0.162636s[0m
[rgbd_odometry-1] [0m[INFO] [1776442821.087752167] [rtabmap.rgbd_odometry]: Odom: quality=171, std dev=0.000697m|0.017423rad, update time=0.088076s delay=0.157856s[0m
[rgbd_odometry-1] [0m[INFO] [1776442821.220846518] [rtabmap.rgbd_odometry]: Odom: quality=172, std dev=0.000164m|0.010360rad, update time=0.086894s delay=0.157524s[0m
[rgbd_odometry-1] [0m[INFO] [1776442821.354958851] [rtabmap.rgbd_odometry]: Odom: quality=174, std dev=0.000767m|0.020388rad, update time=0.088132s delay=0.158208s[0m
[rtabmap-2] [0m[INFO] [1776442821.421159872] [rtabmap.rtabmap]: rtabmap (139): Rate=0.50s, Limit=0.000s, Conversion=0.0020s, RTAB-Map=0.0597s, Maps update=0.0001s pub=0.0021s delay=0.2244s (local map=1, WM=1)[0m
[rgbd_odometry-1] [0m[INFO] [1776442821.497951600] [rtabmap.rgbd_odometry]: Odom: quality=172, std dev=0.000167m|0.010360rad, update time=0.093439s delay=0.167774s[0m
[rgbd_odometry-1] [0m[INFO] [1776442821.629474386] [rtabmap.rgbd_odometry]: Odom: quality=169, std dev=0.001127m|0.039854rad, update time=0.091505s delay=0.165869s[0m
[rgbd_odometry-1] [0m[INFO] [1776442821.753821636] [rtabmap.rgbd_odometry]: Odom: quality=180, std dev=0.000218m|0.008712rad, update time=0.086585s delay=0.156789s[0m
[rgbd_odometry-1] [0m[INFO] [1776442821.894811992] [rtabmap.rgbd_odometry]: Odom: quality=171, std dev=0.000281m|0.000173rad, update time=0.093108s delay=0.164352s[0m
[rtabmap-2] [0m[INFO] [1776442821.945895135] [rtabmap.rtabmap]: rtabmap (140): Rate=0.50s, Limit=0.000s, Conversion=0.0013s, RTAB-Map=0.0447s, Maps update=0.0001s pub=0.0036s delay=0.2154s (local map=1, WM=1)[0m
[rgbd_odometry-1] [0m[INFO] [1776442822.025131127] [rtabmap.rgbd_odometry]: Odom: quality=158, std dev=0.000474m|0.019858rad, update time=0.090780s delay=0.161243s[0m
[rgbd_odometry-1] [0m[INFO] [1776442822.154529019] [rtabmap.rgbd_odometry]: Odom: quality=168, std dev=0.000134m|0.010360rad, update time=0.086628s delay=0.157213s[0m
[rgbd_odometry-1] [0m[INFO] [1776442822.288116088] [rtabmap.rgbd_odometry]: Odom: quality=178, std dev=0.000238m|0.014170rad, update time=0.086136s delay=0.157374s[0m
[rgbd_odometry-1] [0m[INFO] [1776442822.425101464] [rtabmap.rgbd_odometry]: Odom: quality=169, std dev=0.000211m|0.011465rad, update time=0.090259s delay=0.160930s[0m
[rtabmap-2] [0m[INFO] [1776442822.459925065] [rtabmap.rtabmap]: rtabmap (141): Rate=0.50s, Limit=0.000s, Conversion=0.0012s, RTAB-Map=0.0310s, Maps update=0.0001s pub=0.0014s delay=0.1958s (local map=1, WM=1)[0m
[rgbd_odometry-1] [0m[INFO] [1776442822.559420971] [rtabmap.rgbd_odometry]: Odom: quality=185, std dev=0.000313m|0.016542rad, update time=0.090154s delay=0.161822s[0m
[rgbd_odometry-1] [0m[INFO] [1776442822.687052828] [rtabmap.rgbd_odometry]: Odom: quality=167, std dev=0.000148m|0.008712rad, update time=0.086949s delay=0.156023s[0m
[rgbd_odometry-1] [0m[INFO] [1776442822.829728609] [rtabmap.rgbd_odometry]: Odom: quality=175, std dev=0.000184m|0.012320rad, update time=0.094761s delay=0.165273s[0m
[rgbd_odometry-1] [0m[INFO] [1776442822.963335551] [rtabmap.rgbd_odometry]: Odom: quality=171, std dev=0.000407m|0.021770rad, update time=0.091620s delay=0.165450s[0m
[rtabmap-2] [0m[INFO] [1776442823.003199618] [rtabmap.rtabmap]: rtabmap (142): Rate=0.50s, Limit=0.000s, Conversion=0.0014s, RTAB-Map=0.0356s, Maps update=0.0001s pub=0.0012s delay=0.2053s (local map=1, WM=1)[0m
[rgbd_odometry-1] [0m[INFO] [1776442823.095234316] [rtabmap.rgbd_odometry]: Odom: quality=174, std dev=0.000127m|0.010360rad, update time=0.094744s delay=0.163923s[0m
[rgbd_odometry-1] [0m[INFO] [1776442823.223589426] [rtabmap.rgbd_odometry]: Odom: quality=169, std dev=0.000898m|0.028833rad, update time=0.087308s delay=0.158849s[0m
[rgbd_odometry-1] [0m[INFO] [1776442823.361939354] [rtabmap.rgbd_odometry]: Odom: quality=169, std dev=0.000549m|0.020556rad, update time=0.092475s delay=0.163771s[0m
[rgbd_odometry-1] [0m[INFO] [1776442823.495400404] [rtabmap.rgbd_odometry]: Odom: quality=186, std dev=0.000752m|0.025017rad, update time=0.092801s delay=0.163804s[0m
[rtabmap-2] [0m[INFO] [1776442823.531800498] [rtabmap.rtabmap]: rtabmap (143): Rate=0.50s, Limit=0.000s, Conversion=0.0015s, RTAB-Map=0.0317s, Maps update=0.0001s pub=0.0012s delay=0.2002s (local map=1, WM=1)[0m
[rgbd_odometry-1] [0m[INFO] [1776442823.627493158] [rtabmap.rgbd_odometry]: Odom: quality=182, std dev=0.000590m|0.019078rad, update time=0.093540s delay=0.162467s[0m
[rgbd_odometry-1] [0m[INFO] [1776442823.760365135] [rtabmap.rgbd_odometry]: Odom: quality=172, std dev=0.001162m|0.023049rad, update time=0.091486s delay=0.161912s[0m
[rgbd_odometry-1] [0m[INFO] [1776442823.892452417] [rtabmap.rgbd_odometry]: Odom: quality=171, std dev=0.000243m|0.014170rad, update time=0.090837s delay=0.160571s[0m
[rgbd_odometry-1] [0m[INFO] [1776442824.026399594] [rtabmap.rgbd_odometry]: Odom: quality=175, std dev=0.000303m|0.011465rad, update time=0.090263s delay=0.161091s[0m
[rtabmap-2] [0m[INFO] [1776442824.078536816] [rtabmap.rtabmap]: rtabmap (144): Rate=0.50s, Limit=0.000s, Conversion=0.0013s, RTAB-Map=0.0480s, Maps update=0.0001s pub=0.0011s delay=0.2132s (local map=1, WM=1)[0m
[rgbd_odometry-1] [0m[INFO] [1776442824.163279591] [rtabmap.rgbd_odometry]: Odom: quality=163, std dev=0.000294m|0.018649rad, update time=0.094856s delay=0.164542s[0m
[rgbd_odometry-1] [0m[INFO] [1776442824.291755249] [rtabmap.rgbd_odometry]: Odom: quality=175, std dev=0.000645m|0.019858rad, update time=0.087786s delay=0.159589s[0m
[rgbd_odometry-1] [0m[INFO] [1776442824.423329012] [rtabmap.rgbd_odometry]: Odom: quality=176, std dev=0.000356m|0.018649rad, update time=0.088185s delay=0.157733s[0m
[rgbd_odometry-1] [0m[INFO] [1776442824.557282973] [rtabmap.rgbd_odometry]: Odom: quality=174, std dev=0.000109m|0.010360rad, update time=0.088721s delay=0.158261s[0m
[rtabmap-2] [0m[INFO] [1776442824.600500353] [rtabmap.rtabmap]: rtabmap (145): Rate=0.50s, Limit=0.000s, Conversion=0.0017s, RTAB-Map=0.0371s, Maps update=0.0001s pub=0.0013s delay=0.2015s (local map=1, WM=1)[0m
[rgbd_odometry-1] [0m[INFO] [1776442824.695653093] [rtabmap.rgbd_odometry]: Odom: quality=173, std dev=0.000230m|0.013027rad, update time=0.090636s delay=0.163202s[0m
[rgbd_odometry-1] [0m[INFO] [1776442824.824194321] [rtabmap.rgbd_odometry]: Odom: quality=176, std dev=0.000254m|0.013027rad, update time=0.089294s delay=0.158312s[0m
[rgbd_odometry-1] [0m[INFO] [1776442824.966862230] [rtabmap.rgbd_odometry]: Odom: quality=171, std dev=0.000195m|0.012320rad, update time=0.095375s delay=0.167550s[0m
[rgbd_odometry-1] [0m[INFO] [1776442825.105876337] [rtabmap.rgbd_odometry]: Odom: quality=168, std dev=0.000116m|0.010360rad, update time=0.102007s delay=0.173134s[0m
[rtabmap-2] [0m[INFO] [1776442825.159528803] [rtabmap.rtabmap]: rtabmap (146): Rate=0.50s, Limit=0.000s, Conversion=0.0024s, RTAB-Map=0.0454s, Maps update=0.0001s pub=0.0041s delay=0.2268s (local map=1, WM=1)[0m
[rgbd_odometry-1] [0m[INFO] [1776442825.255470367] [rtabmap.rgbd_odometry]: Odom: quality=160, std dev=0.000231m|0.017944rad, update time=0.115083s delay=0.189298s[0m
[rgbd_odometry-1] [0m[INFO] [1776442825.371004562] [rtabmap.rgbd_odometry]: Odom: quality=150, std dev=0.000206m|0.000173rad, update time=0.101807s delay=0.171403s[0m
[rgbd_odometry-1] [0m[INFO] [1776442825.489160144] [rtabmap.rgbd_odometry]: Odom: quality=186, std dev=0.000472m|0.018867rad, update time=0.085867s delay=0.156128s[0m
[rgbd_odometry-1] [0m[INFO] [1776442825.627393941] [rtabmap.rgbd_odometry]: Odom: quality=190, std dev=0.000192m|0.010360rad, update time=0.090908s delay=0.160934s[0m
[rtabmap-2] [0m[INFO] [1776442825.679486938] [rtabmap.rtabmap]: rtabmap (147): Rate=0.50s, Limit=0.000s, Conversion=0.0018s, RTAB-Map=0.0454s, Maps update=0.0004s pub=0.0031s delay=0.2130s (local map=1, WM=1)[0m
[rgbd_odometry-1] [0m[INFO] [1776442825.762312090] [rtabmap.rgbd_odometry]: Odom: quality=188, std dev=0.000441m|0.026682rad, update time=0.092264s delay=0.162423s[0m
[rgbd_odometry-1] [0m[INFO] [1776442825.896070685] [rtabmap.rgbd_odometry]: Odom: quality=183, std dev=0.000223m|0.013634rad, update time=0.092952s delay=0.162752s[0m
[rgbd_odometry-1] [0m[INFO] [1776442826.025950671] [rtabmap.rgbd_odometry]: Odom: quality=187, std dev=0.000438m|0.017689rad, update time=0.088433s delay=0.159203s[0m
[rgbd_odometry-1] [0m[INFO] [1776442826.161397027] [rtabmap.rgbd_odometry]: Odom: quality=185, std dev=0.000635m|0.021486rad, update time=0.092054s delay=0.161220s[0m
[rtabmap-2] [0m[INFO] [1776442826.207792227] [rtabmap.rtabmap]: rtabmap (148): Rate=0.50s, Limit=0.000s, Conversion=0.0020s, RTAB-Map=0.0414s, Maps update=0.0001s pub=0.0012s delay=0.2076s (local map=1, WM=1)[0m
[rgbd_odometry-1] [0m[INFO] [1776442826.301356442] [rtabmap.rgbd_odometry]: Odom: quality=192, std dev=0.000398m|0.016542rad, update time=0.096952s delay=0.167752s[0m
[rgbd_odometry-1] [0m[INFO] [1776442826.441561112] [rtabmap.rgbd_odometry]: Odom: quality=195, std dev=0.000206m|0.013027rad, update time=0.103001s delay=0.174528s[0m
[rgbd_odometry-1] [0m[INFO] [1776442826.573397859] [rtabmap.rgbd_odometry]: Odom: quality=163, std dev=0.000203m|0.000173rad, update time=0.103402s delay=0.172936s[0m
[rgbd_odometry-1] [0m[INFO] [1776442826.705445045] [rtabmap.rgbd_odometry]: Odom: quality=140, std dev=0.000659m|0.017944rad, update time=0.099359s delay=0.171552s[0m
[rtabmap-2] [0m[INFO] [1776442826.746672383] [rtabmap.rtabmap]: rtabmap (149): Rate=0.50s, Limit=0.000s, Conversion=0.0016s, RTAB-Map=0.0364s, Maps update=0.0001s pub=0.0016s delay=0.2128s (local map=1, WM=1)[0m
[rgbd_odometry-1] [0m[INFO] [1776442826.845973692] [rtabmap.rgbd_odometry]: Odom: quality=174, std dev=0.000171m|0.015865rad, update time=0.103252s delay=0.178649s[0m
[rgbd_odometry-1] [0m[INFO] [1776442826.963095869] [rtabmap.rgbd_odometry]: Odom: quality=178, std dev=0.000532m|0.021770rad, update time=0.093384s delay=0.162339s[0m
[rgbd_odometry-1] [0m[INFO] [1776442827.096620569] [rtabmap.rgbd_odometry]: Odom: quality=181, std dev=0.000223m|0.000173rad, update time=0.092984s delay=0.162432s[0m
[rgbd_odometry-1] [0m[INFO] [1776442827.235526290] [rtabmap.rgbd_odometry]: Odom: quality=177, std dev=0.000224m|0.016542rad, update time=0.096912s delay=0.167906s[0m
[rtabmap-2] [0m[INFO] [1776442827.284609248] [rtabmap.rtabmap]: rtabmap (150): Rate=0.50s, Limit=0.000s, Conversion=0.0019s, RTAB-Map=0.0445s, Maps update=0.0001s pub=0.0012s delay=0.2170s (local map=1, WM=1)[0m
[rgbd_odometry-1] [0m[INFO] [1776442827.364958552] [rtabmap.rgbd_odometry]: Odom: quality=181, std dev=0.000377m|0.020216rad, update time=0.091246s delay=0.163905s[0m
[rgbd_odometry-1] [0m[INFO] [1776442827.500878713] [rtabmap.rgbd_odometry]: Odom: quality=178, std dev=0.000590m|0.029913rad, update time=0.094035s delay=0.166392s[0m
[rgbd_odometry-1] [0m[INFO] [1776442827.630371521] [rtabmap.rgbd_odometry]: Odom: quality=169, std dev=0.000127m|0.013634rad, update time=0.091573s delay=0.162451s[0m
[rgbd_odometry-1] [0m[INFO] [1776442827.762871776] [rtabmap.rgbd_odometry]: Odom: quality=175, std dev=0.000130m|0.014651rad, update time=0.092145s delay=0.161524s[0m
[rtabmap-2] [0m[INFO] [1776442827.798041595] [rtabmap.rtabmap]: rtabmap (151): Rate=0.50s, Limit=0.000s, Conversion=0.0015s, RTAB-Map=0.0306s, Maps update=0.0001s pub=0.0011s delay=0.1967s (local map=1, WM=1)[0m
[rgbd_odometry-1] [0m[INFO] [1776442827.896462622] [rtabmap.rgbd_odometry]: Odom: quality=180, std dev=0.000181m|0.014651rad, update time=0.089480s delay=0.161688s[0m
[rgbd_odometry-1] [0m[INFO] [1776442828.028860410] [rtabmap.rgbd_odometry]: Odom: quality=165, std dev=0.000149m|0.011465rad, update time=0.091395s delay=0.160656s[0m
[rgbd_odometry-1] [0m[INFO] [1776442828.163680604] [rtabmap.rgbd_odometry]: Odom: quality=175, std dev=0.000155m|0.010360rad, update time=0.091321s delay=0.162048s[0m
[rgbd_odometry-1] [0m[INFO] [1776442828.296909168] [rtabmap.rgbd_odometry]: Odom: quality=178, std dev=0.000363m|0.015492rad, update time=0.091531s delay=0.161848s[0m
[rtabmap-2] [0m[INFO] [1776442828.349869807] [rtabmap.rtabmap]: rtabmap (152): Rate=0.50s, Limit=0.000s, Conversion=0.0014s, RTAB-Map=0.0478s, Maps update=0.0006s pub=0.0017s delay=0.2148s (local map=1, WM=1)[0m
[rgbd_odometry-1] [0m[INFO] [1776442828.448170511] [rtabmap.rgbd_odometry]: Odom: quality=175, std dev=0.000107m|0.000173rad, update time=0.105064s delay=0.179681s[0m
[rgbd_odometry-1] [0m[INFO] [1776442828.571444258] [rtabmap.rgbd_odometry]: Odom: quality=179, std dev=0.000372m|0.024543rad, update time=0.099127s delay=0.169526s[0m
[rgbd_odometry-1] [0m[INFO] [1776442828.703533909] [rtabmap.rgbd_odometry]: Odom: quality=174, std dev=0.000254m|0.012320rad, update time=0.095655s delay=0.168187s[0m
[rgbd_odometry-1] [0m[INFO] [1776442828.828594461] [rtabmap.rgbd_odometry]: Odom: quality=168, std dev=0.000336m|0.017689rad, update time=0.090282s delay=0.159821s[0m
[rtabmap-2] [0m[INFO] [1776442828.869117651] [rtabmap.rtabmap]: rtabmap (153): Rate=0.50s, Limit=0.000s, Conversion=0.0028s, RTAB-Map=0.0328s, Maps update=0.0001s pub=0.0012s delay=0.2004s (local map=1, WM=1)[0m
[rgbd_odometry-1] [0m[INFO] [1776442828.982034842] [rtabmap.rgbd_odometry]: Odom: quality=156, std dev=0.000298m|0.020040rad, update time=0.107683s delay=0.179831s[0m
[rgbd_odometry-1] [0m[INFO] [1776442829.098896212] [rtabmap.rgbd_odometry]: Odom: quality=157, std dev=0.000158m|0.000173rad, update time=0.092894s delay=0.163265s[0m
[rgbd_odometry-1] [0m[INFO] [1776442829.225795121] [rtabmap.rgbd_odometry]: Odom: quality=173, std dev=0.000302m|0.010360rad, update time=0.087001s delay=0.156737s[0m
[rgbd_odometry-1] [0m[INFO] [1776442829.362797138] [rtabmap.rgbd_odometry]: Odom: quality=170, std dev=0.000268m|0.008712rad, update time=0.088431s delay=0.160313s[0m
[rtabmap-2] [0m[INFO] [1776442829.404649679] [rtabmap.rtabmap]: rtabmap (154): Rate=0.50s, Limit=0.000s, Conversion=0.0016s, RTAB-Map=0.0368s, Maps update=0.0001s pub=0.0012s delay=0.2022s (local map=1, WM=1)[0m
[rgbd_odometry-1] [0m[INFO] [1776442829.505712863] [rtabmap.rgbd_odometry]: Odom: quality=157, std dev=0.000118m|0.010360rad, update time=0.094916s delay=0.169798s[0m
[rgbd_odometry-1] [0m[INFO] [1776442829.640020691] [rtabmap.rgbd_odometry]: Odom: quality=164, std dev=0.000387m|0.015492rad, update time=0.100190s delay=0.170680s[0m
[rgbd_odometry-1] [0m[INFO] [1776442829.760434803] [rtabmap.rgbd_odometry]: Odom: quality=169, std dev=0.000682m|0.025288rad, update time=0.087946s delay=0.157663s[0m
[rgbd_odometry-1] [0m[INFO] [1776442829.894327675] [rtabmap.rgbd_odometry]: Odom: quality=176, std dev=0.000294m|0.011465rad, update time=0.088689s delay=0.158129s[0m
[rtabmap-2] [0m[INFO] [1776442829.936018291] [rtabmap.rtabmap]: rtabmap (155): Rate=0.50s, Limit=0.000s, Conversion=0.0014s, RTAB-Map=0.0365s, Maps update=0.0001s pub=0.0020s delay=0.1998s (local map=1, WM=1)[0m
[rgbd_odometry-1] [0m[INFO] [1776442830.042262969] [rtabmap.rgbd_odometry]: Odom: quality=164, std dev=0.000569m|0.016214rad, update time=0.101750s delay=0.172636s[0m
[rgbd_odometry-1] [0m[INFO] [1776442830.170109266] [rtabmap.rgbd_odometry]: Odom: quality=160, std dev=0.000230m|0.017689rad, update time=0.097020s delay=0.167052s[0m
[rgbd_odometry-1] [0m[INFO] [1776442830.296615683] [rtabmap.rgbd_odometry]: Odom: quality=177, std dev=0.000156m|0.010360rad, update time=0.090767s delay=0.160131s[0m
[rgbd_odometry-1] [0m[INFO] [1776442830.433554723] [rtabmap.rgbd_odometry]: Odom: quality=161, std dev=0.000479m|0.013634rad, update time=0.092724s delay=0.163642s[0m
[rtabmap-2] [0m[INFO] [1776442830.482920185] [rtabmap.rtabmap]: rtabmap (156): Rate=0.50s, Limit=0.000s, Conversion=0.0020s, RTAB-Map=0.0438s, Maps update=0.0001s pub=0.0016s delay=0.2130s (local map=1, WM=1)[0m
[rgbd_odometry-1] [0m[INFO] [1776442830.579546953] [rtabmap.rgbd_odometry]: Odom: quality=172, std dev=0.000201m|0.017689rad, update time=0.103815s delay=0.176204s[0m
[rgbd_odometry-1] [0m[INFO] [1776442830.696548007] [rtabmap.rgbd_odometry]: Odom: quality=162, std dev=0.000557m|0.018649rad, update time=0.089912s delay=0.159776s[0m
[rgbd_odometry-1] [0m[INFO] [1776442830.825784968] [rtabmap.rgbd_odometry]: Odom: quality=169, std dev=0.000637m|0.018867rad, update time=0.086544s delay=0.155582s[0m
[rgbd_odometry-1] [0m[INFO] [1776442830.966995651] [rtabmap.rgbd_odometry]: Odom: quality=157, std dev=0.000191m|0.016214rad, update time=0.094300s delay=0.163364s[0m
[rtabmap-2] [0m[INFO] [1776442831.001655951] [rtabmap.rtabmap]: rtabmap (157): Rate=0.50s, Limit=0.000s, Conversion=0.0013s, RTAB-Map=0.0305s, Maps update=0.0001s pub=0.0011s delay=0.1980s (local map=1, WM=1)[0m
[rgbd_odometry-1] [0m[INFO] [1776442831.111469277] [rtabmap.rgbd_odometry]: Odom: quality=174, std dev=0.000254m|0.015492rad, update time=0.104606s delay=0.174407s[0m
[rgbd_odometry-1] [0m[INFO] [1776442831.247419489] [rtabmap.rgbd_odometry]: Odom: quality=176, std dev=0.000502m|0.025806rad, update time=0.107691s delay=0.176926s[0m
[rgbd_odometry-1] [0m[INFO] [1776442831.374809004] [rtabmap.rgbd_odometry]: Odom: quality=179, std dev=0.000197m|0.014651rad, update time=0.101108s delay=0.170884s[0m
[rgbd_odometry-1] [0m[INFO] [1776442831.502847082] [rtabmap.rgbd_odometry]: Odom: quality=171, std dev=0.001146m|0.019282rad, update time=0.095782s delay=0.165490s[0m
[rtabmap-2] [0m[INFO] [1776442831.544304827] [rtabmap.rtabmap]: rtabmap (158): Rate=0.50s, Limit=0.000s, Conversion=0.0015s, RTAB-Map=0.0369s, Maps update=0.0001s pub=0.0011s delay=0.2070s (local map=1, WM=1)[0m
[rgbd_odometry-1] [0m[INFO] [1776442831.648360130] [rtabmap.rgbd_odometry]: Odom: quality=170, std dev=0.000116m|0.008712rad, update time=0.103819s delay=0.177577s[0m
[rgbd_odometry-1] [0m[INFO] [1776442831.767187957] [rtabmap.rgbd_odometry]: Odom: quality=172, std dev=0.000373m|0.015492rad, update time=0.092670s delay=0.162967s[0m
[rgbd_odometry-1] [0m[INFO] [1776442831.908871871] [rtabmap.rgbd_odometry]: Odom: quality=147, std dev=0.000945m|0.022930rad, update time=0.101103s delay=0.171215s[0m
[rgbd_odometry-1] [0m[INFO] [1776442832.029815951] [rtabmap.rgbd_odometry]: Odom: quality=193, std dev=0.000142m|0.000173rad, update time=0.087914s delay=0.158722s[0m
[rtabmap-2] [0m[INFO] [1776442832.069538414] [rtabmap.rtabmap]: rtabmap (159): Rate=0.50s, Limit=0.000s, Conversion=0.0016s, RTAB-Map=0.0357s, Maps update=0.0001s pub=0.0011s delay=0.1985s (local map=1, WM=1)[0m
[rgbd_odometry-1] [0m[INFO] [1776442832.168107031] [rtabmap.rgbd_odometry]: Odom: quality=187, std dev=0.000267m|0.013634rad, update time=0.092167s delay=0.162591s[0m
[rgbd_odometry-1] [0m[INFO] [1776442832.299525367] [rtabmap.rgbd_odometry]: Odom: quality=198, std dev=0.000150m|0.000173rad, update time=0.091691s delay=0.161561s[0m
[rgbd_odometry-1] [0m[INFO] [1776442832.436547737] [rtabmap.rgbd_odometry]: Odom: quality=202, std dev=0.000160m|0.012320rad, update time=0.095675s delay=0.165149s[0m
[rgbd_odometry-1] [0m[INFO] [1776442832.564702907] [rtabmap.rgbd_odometry]: Odom: quality=190, std dev=0.000130m|0.014170rad, update time=0.090346s delay=0.159868s[0m
[rtabmap-2] [0m[INFO] [1776442832.603716357] [rtabmap.rtabmap]: rtabmap (160): Rate=0.50s, Limit=0.000s, Conversion=0.0013s, RTAB-Map=0.0340s, Maps update=0.0001s pub=0.0018s delay=0.1989s (local map=1, WM=1)[0m
[rgbd_odometry-1] [0m[INFO] [1776442832.702805981] [rtabmap.rgbd_odometry]: Odom: quality=196, std dev=0.000287m|0.020556rad, update time=0.094470s delay=0.164540s[0m
[rgbd_odometry-1] [0m[INFO] [1776442832.841719926] [rtabmap.rgbd_odometry]: Odom: quality=181, std dev=0.000157m|0.012320rad, update time=0.099963s delay=0.170027s[0m
[rgbd_odometry-1] [0m[INFO] [1776442832.966439156] [rtabmap.rgbd_odometry]: Odom: quality=200, std dev=0.000379m|0.013634rad, update time=0.089459s delay=0.161320s[0m
[rgbd_odometry-1] [0m[INFO] [1776442833.093289488] [rtabmap.rgbd_odometry]: Odom: quality=188, std dev=0.000252m|0.011465rad, update time=0.084278s delay=0.154744s[0m
[rtabmap-2] [0m[INFO] [1776442833.131631367] [rtabmap.rtabmap]: rtabmap (161): Rate=0.50s, Limit=0.000s, Conversion=0.0018s, RTAB-Map=0.0336s, Maps update=0.0001s pub=0.0012s delay=0.1931s (local map=1, WM=1)[0m
[rgbd_odometry-1] [0m[INFO] [1776442833.241830528] [rtabmap.rgbd_odometry]: Odom: quality=209, std dev=0.000125m|0.000173rad, update time=0.100904s delay=0.169861s[0m
[rgbd_odometry-1] [0m[INFO] [1776442833.364593221] [rtabmap.rgbd_odometry]: Odom: quality=191, std dev=0.000192m|0.014651rad, update time=0.086693s delay=0.159197s[0m
[rgbd_odometry-1] [0m[INFO] [1776442833.500364548] [rtabmap.rgbd_odometry]: Odom: quality=179, std dev=0.000144m|0.000173rad, update time=0.091048s delay=0.161543s[0m
[rgbd_odometry-1] [0m[INFO] [1776442833.638648587] [rtabmap.rgbd_odometry]: Odom: quality=200, std dev=0.000198m|0.011465rad, update time=0.095123s delay=0.166399s[0m
[rtabmap-2] [0m[INFO] [1776442833.673977227] [rtabmap.rtabmap]: rtabmap (162): Rate=0.50s, Limit=0.000s, Conversion=0.0013s, RTAB-Map=0.0297s, Maps update=0.0001s pub=0.0017s delay=0.2017s (local map=1, WM=1)[0m
[rgbd_odometry-1] [0m[INFO] [1776442833.768750021] [rtabmap.rgbd_odometry]: Odom: quality=172, std dev=0.000688m|0.022563rad, update time=0.092907s delay=0.163077s[0m
[rgbd_odometry-1] [0m[INFO] [1776442833.902266626] [rtabmap.rgbd_odometry]: Odom: quality=174, std dev=0.000445m|0.022308rad, update time=0.093572s delay=0.163163s[0m
[rgbd_odometry-1] [0m[INFO] [1776442834.037342572] [rtabmap.rgbd_odometry]: Odom: quality=180, std dev=0.000632m|0.016214rad, update time=0.094790s delay=0.164813s[0m
[rgbd_odometry-1] [0m[INFO] [1776442834.169613093] [rtabmap.rgbd_odometry]: Odom: quality=176, std dev=0.000238m|0.012320rad, update time=0.092639s delay=0.163655s[0m
[rtabmap-2] [0m[INFO] [1776442834.233319228] [rtabmap.rtabmap]: rtabmap (163): Rate=0.50s, Limit=0.000s, Conversion=0.0019s, RTAB-Map=0.0581s, Maps update=0.0001s pub=0.0022s delay=0.2274s (local map=1, WM=1)[0m
[rgbd_odometry-1] [0m[INFO] [1776442834.304892918] [rtabmap.rgbd_odometry]: Odom: quality=174, std dev=0.000265m|0.000173rad, update time=0.095951s delay=0.165506s[0m
[rgbd_odometry-1] [0m[INFO] [1776442834.448705277] [rtabmap.rgbd_odometry]: Odom: quality=167, std dev=0.000259m|0.010360rad, update time=0.103620s delay=0.175894s[0m
[rgbd_odometry-1] [0m[INFO] [1776442834.565635290] [rtabmap.rgbd_odometry]: Odom: quality=182, std dev=0.000126m|0.011465rad, update time=0.088767s delay=0.159396s[0m
[rgbd_odometry-1] [0m[INFO] [1776442834.704211338] [rtabmap.rgbd_odometry]: Odom: quality=169, std dev=0.000205m|0.008712rad, update time=0.094297s delay=0.164545s[0m
[rtabmap-2] [0m[INFO] [1776442834.743139314] [rtabmap.rtabmap]: rtabmap (164): Rate=0.50s, Limit=0.000s, Conversion=0.0014s, RTAB-Map=0.0348s, Maps update=0.0001s pub=0.0011s delay=0.2035s (local map=1, WM=1)[0m
[rgbd_odometry-1] [0m[INFO] [1776442834.837909388] [rtabmap.rgbd_odometry]: Odom: quality=173, std dev=0.000391m|0.019480rad, update time=0.093810s delay=0.164818s[0m
[rgbd_odometry-1] [0m[INFO] [1776442834.966925639] [rtabmap.rgbd_odometry]: Odom: quality=173, std dev=0.000324m|0.018188rad, update time=0.089717s delay=0.160408s[0m
[rgbd_odometry-1] [0m[INFO] [1776442835.097285737] [rtabmap.rgbd_odometry]: Odom: quality=181, std dev=0.000275m|0.010360rad, update time=0.087191s delay=0.157343s[0m
[rgbd_odometry-1] [0m[INFO] [1776442835.235902298] [rtabmap.rgbd_odometry]: Odom: quality=163, std dev=0.000190m|0.013027rad, update time=0.093424s delay=0.162536s[0m
[rtabmap-2] [0m[INFO] [1776442835.272417884] [rtabmap.rtabmap]: rtabmap (165): Rate=0.50s, Limit=0.000s, Conversion=0.0015s, RTAB-Map=0.0320s, Maps update=0.0001s pub=0.0015s delay=0.1991s (local map=1, WM=1)[0m
[rgbd_odometry-1] [0m[INFO] [1776442835.377098741] [rtabmap.rgbd_odometry]: Odom: quality=170, std dev=0.000383m|0.015492rad, update time=0.097542s delay=0.170308s[0m
[rgbd_odometry-1] [0m[INFO] [1776442835.507663453] [rtabmap.rgbd_odometry]: Odom: quality=175, std dev=0.000191m|0.000173rad, update time=0.092818s delay=0.167445s[0m
[rgbd_odometry-1] [0m[INFO] [1776442835.640868850] [rtabmap.rgbd_odometry]: Odom: quality=179, std dev=0.000537m|0.026606rad, update time=0.092980s delay=0.167228s[0m
[rgbd_odometry-1] [0m[INFO] [1776442835.773332144] [rtabmap.rgbd_odometry]: Odom: quality=174, std dev=0.000298m|0.010360rad, update time=0.091907s delay=0.166262s[0m
[rtabmap-2] [0m[INFO] [1776442835.805511061] [rtabmap.rtabmap]: rtabmap (166): Rate=0.50s, Limit=0.000s, Conversion=0.0016s, RTAB-Map=0.0281s, Maps update=0.0001s pub=0.0012s delay=0.1985s (local map=1, WM=1)[0m
[rgbd_odometry-1] [0m[INFO] [1776442835.907221656] [rtabmap.rgbd_odometry]: Odom: quality=183, std dev=0.000215m|0.008712rad, update time=0.095558s delay=0.166725s[0m
[rgbd_odometry-1] [0m[INFO] [1776442836.038237293] [rtabmap.rgbd_odometry]: Odom: quality=179, std dev=0.000157m|0.015089rad, update time=0.093638s delay=0.164311s[0m
[rgbd_odometry-1] [0m[INFO] [1776442836.171511524] [rtabmap.rgbd_odometry]: Odom: quality=178, std dev=0.000203m|0.000173rad, update time=0.094548s delay=0.164158s[0m
[rgbd_odometry-1] [0m[INFO] [1776442836.300071665] [rtabmap.rgbd_odometry]: Odom: quality=177, std dev=0.000842m|0.020216rad, update time=0.089527s delay=0.159292s[0m
[rtabmap-2] [0m[INFO] [1776442836.370440777] [rtabmap.rtabmap]: rtabmap (167): Rate=0.50s, Limit=0.000s, Conversion=0.0013s, RTAB-Map=0.0646s, Maps update=0.0001s pub=0.0020s delay=0.2297s (local map=1, WM=1)[0m
[rgbd_odometry-1] [0m[INFO] [1776442836.453812825] [rtabmap.rgbd_odometry]: Odom: quality=187, std dev=0.000163m|0.000173rad, update time=0.110331s delay=0.179592s[0m
[rgbd_odometry-1] [0m[INFO] [1776442836.568061384] [rtabmap.rgbd_odometry]: Odom: quality=170, std dev=0.000754m|0.020216rad, update time=0.090927s delay=0.160412s[0m
[rgbd_odometry-1] [0m[INFO] [1776442836.703754373] [rtabmap.rgbd_odometry]: Odom: quality=168, std dev=0.000184m|0.000173rad, update time=0.093049s delay=0.162694s[0m
[rgbd_odometry-1] [0m[INFO] [1776442836.840056435] [rtabmap.rgbd_odometry]: Odom: quality=170, std dev=0.000135m|0.011465rad, update time=0.093353s delay=0.165550s[0m
[rtabmap-2] [0m[INFO] [1776442836.875528759] [rtabmap.rtabmap]: rtabmap (168): Rate=0.50s, Limit=0.000s, Conversion=0.0015s, RTAB-Map=0.0308s, Maps update=0.0001s pub=0.0012s delay=0.2010s (local map=1, WM=1)[0m
[rgbd_odometry-1] [0m[INFO] [1776442836.973359946] [rtabmap.rgbd_odometry]: Odom: quality=166, std dev=0.000279m|0.012320rad, update time=0.095405s delay=0.165441s[0m
[rgbd_odometry-1] [0m[INFO] [1776442837.106468092] [rtabmap.rgbd_odometry]: Odom: quality=172, std dev=0.000192m|0.012320rad, update time=0.094361s delay=0.165120s[0m
[rgbd_odometry-1] [0m[INFO] [1776442837.238839832] [rtabmap.rgbd_odometry]: Odom: quality=162, std dev=0.000220m|0.013634rad, update time=0.093497s delay=0.164063s[0m
[rgbd_odometry-1] [0m[INFO] [1776442837.369300317] [rtabmap.rgbd_odometry]: Odom: quality=162, std dev=0.000874m|0.022044rad, update time=0.091080s delay=0.161093s[0m
[rtabmap-2] [0m[INFO] [1776442837.411411746] [rtabmap.rtabmap]: rtabmap (169): Rate=0.50s, Limit=0.000s, Conversion=0.0028s, RTAB-Map=0.0340s, Maps update=0.0001s pub=0.0035s delay=0.2032s (local map=1, WM=1)[0m
[rgbd_odometry-1] [0m[INFO] [1776442837.520443962] [rtabmap.rgbd_odometry]: Odom: quality=168, std dev=0.000571m|0.014651rad, update time=0.106371s delay=0.178808s[0m
[rgbd_odometry-1] [0m[INFO] [1776442837.634661160] [rtabmap.rgbd_odometry]: Odom: quality=166, std dev=0.000246m|0.015492rad, update time=0.089896s delay=0.159599s[0m
[rgbd_odometry-1] [0m[INFO] [1776442837.769528877] [rtabmap.rgbd_odometry]: Odom: quality=171, std dev=0.000240m|0.008712rad, update time=0.088865s delay=0.161037s[0m
[rgbd_odometry-1] [0m[INFO] [1776442837.897818963] [rtabmap.rgbd_odometry]: Odom: quality=171, std dev=0.000682m|0.018649rad, update time=0.084807s delay=0.155900s[0m
[rtabmap-2] [0m[INFO] [1776442837.941712011] [rtabmap.rtabmap]: rtabmap (170): Rate=0.50s, Limit=0.000s, Conversion=0.0015s, RTAB-Map=0.0390s, Maps update=0.0001s pub=0.0018s delay=0.1998s (local map=1, WM=1)[0m
[rgbd_odometry-1] [0m[INFO] [1776442838.040877829] [rtabmap.rgbd_odometry]: Odom: quality=173, std dev=0.000155m|0.013634rad, update time=0.093051s delay=0.165533s[0m
[rgbd_odometry-1] [0m[INFO] [1776442838.171606002] [rtabmap.rgbd_odometry]: Odom: quality=176, std dev=0.000631m|0.019480rad, update time=0.091991s delay=0.162837s[0m
[rgbd_odometry-1] [0m[INFO] [1776442838.303019506] [rtabmap.rgbd_odometry]: Odom: quality=177, std dev=0.000217m|0.013634rad, update time=0.092090s delay=0.160825s[0m
[rgbd_odometry-1] [0m[INFO] [1776442838.437696434] [rtabmap.rgbd_odometry]: Odom: quality=176, std dev=0.000506m|0.016851rad, update time=0.092597s delay=0.162075s[0m
[rtabmap-2] [0m[INFO] [1776442838.480869109] [rtabmap.rtabmap]: rtabmap (171): Rate=0.50s, Limit=0.000s, Conversion=0.0013s, RTAB-Map=0.0337s, Maps update=0.0001s pub=0.0064s delay=0.2053s (local map=1, WM=1)[0m
[rgbd_odometry-1] [0m[INFO] [1776442838.571191375] [rtabmap.rgbd_odometry]: Odom: quality=168, std dev=0.001043m|0.027480rad, update time=0.091587s delay=0.162141s[0m
[rgbd_odometry-1] [0m[INFO] [1776442838.685790504] [rtabmap.rgbd_odometry]: Odom: quality=14, std dev=0.014470m|0.020216rad, update time=0.072706s delay=0.143315s[0m
[rgbd_odometry-1] [0m[INFO] [1776442838.835538364] [rtabmap.rgbd_odometry]: Odom: quality=22, std dev=0.005509m|0.033044rad, update time=0.088832s delay=0.159640s[0m
[rgbd_odometry-1] [0m[INFO] [1776442838.983881704] [rtabmap.rgbd_odometry]: Odom: quality=104, std dev=0.000321m|0.015492rad, update time=0.103931s delay=0.174559s[0m
[rtabmap-2] [0m[INFO] [1776442839.026863558] [rtabmap.rtabmap]: rtabmap (172): Rate=0.50s, Limit=0.000s, Conversion=0.0014s, RTAB-Map=0.0348s, Maps update=0.0001s pub=0.0052s delay=0.2176s (local map=1, WM=1)[0m
[rgbd_odometry-1] [0m[INFO] [1776442839.120970797] [rtabmap.rgbd_odometry]: Odom: quality=142, std dev=0.000306m|0.019858rad, update time=0.107853s delay=0.178225s[0m
[rgbd_odometry-1] [0m[INFO] [1776442839.241896926] [rtabmap.rgbd_odometry]: Odom: quality=158, std dev=0.000215m|0.013027rad, update time=0.096636s delay=0.165727s[0m
[rgbd_odometry-1] [0m[INFO] [1776442839.381710163] [rtabmap.rgbd_odometry]: Odom: quality=133, std dev=0.000783m|0.021770rad, update time=0.101216s delay=0.172114s[0m
[rgbd_odometry-1] [0m[INFO] [1776442839.507853403] [rtabmap.rgbd_odometry]: Odom: quality=154, std dev=0.001082m|0.021339rad, update time=0.092446s delay=0.164835s[0m
[rtabmap-2] [0m[INFO] [1776442839.556747780] [rtabmap.rtabmap]: rtabmap (173): Rate=0.50s, Limit=0.000s, Conversion=0.0027s, RTAB-Map=0.0437s, Maps update=0.0001s pub=0.0013s delay=0.2137s (local map=1, WM=1)[0m
[rgbd_odometry-1] [0m[INFO] [1776442839.642520634] [rtabmap.rgbd_odometry]: Odom: quality=152, std dev=0.000301m|0.013634rad, update time=0.092096s delay=0.166079s[0m
[rgbd_odometry-1] [0m[INFO] [1776442839.778819208] [rtabmap.rgbd_odometry]: Odom: quality=164, std dev=0.000147m|0.010360rad, update time=0.098688s delay=0.168948s[0m
[rgbd_odometry-1] [0m[INFO] [1776442839.910184808] [rtabmap.rgbd_odometry]: Odom: quality=162, std dev=0.000187m|0.014651rad, update time=0.094115s delay=0.166881s[0m
[rgbd_odometry-1] [0m[INFO] [1776442840.038702741] [rtabmap.rgbd_odometry]: Odom: quality=163, std dev=0.000546m|0.018423rad, update time=0.091261s delay=0.161967s[0m
[rtabmap-2] [0m[INFO] [1776442840.089469716] [rtabmap.rtabmap]: rtabmap (174): Rate=0.50s, Limit=0.000s, Conversion=0.0014s, RTAB-Map=0.0467s, Maps update=0.0001s pub=0.0014s delay=0.2127s (local map=1, WM=1)[0m
[rgbd_odometry-1] [0m[INFO] [1776442840.175629238] [rtabmap.rgbd_odometry]: Odom: quality=172, std dev=0.000144m|0.011465rad, update time=0.093675s delay=0.165460s[0m
[rgbd_odometry-1] [0m[INFO] [1776442840.303505360] [rtabmap.rgbd_odometry]: Odom: quality=158, std dev=0.000135m|0.013027rad, update time=0.088282s delay=0.159903s[0m
[rgbd_odometry-1] [0m[INFO] [1776442840.438893700] [rtabmap.rgbd_odometry]: Odom: quality=165, std dev=0.000299m|0.010360rad, update time=0.089188s delay=0.161856s[0m
[rgbd_odometry-1] [0m[INFO] [1776442840.582078171] [rtabmap.rgbd_odometry]: Odom: quality=152, std dev=0.000299m|0.008712rad, update time=0.097647s delay=0.171611s[0m
[rtabmap-2] [0m[INFO] [1776442840.639969609] [rtabmap.rtabmap]: rtabmap (175): Rate=0.50s, Limit=0.000s, Conversion=0.0016s, RTAB-Map=0.0533s, Maps update=0.0001s pub=0.0012s delay=0.2295s (local map=1, WM=1)[0m
[rgbd_odometry-1] [0m[INFO] [1776442840.704882946] [rtabmap.rgbd_odometry]: Odom: quality=159, std dev=0.001056m|0.026907rad, update time=0.088735s delay=0.160980s[0m
[rgbd_odometry-1] [0m[INFO] [1776442840.840601376] [rtabmap.rgbd_odometry]: Odom: quality=156, std dev=0.000149m|0.000173rad, update time=0.091233s delay=0.163274s[0m
[rgbd_odometry-1] [0m[INFO] [1776442840.964564713] [rtabmap.rgbd_odometry]: Odom: quality=167, std dev=0.000632m|0.017423rad, update time=0.084485s delay=0.153811s[0m
[rgbd_odometry-1] [0m[INFO] [1776442841.102674604] [rtabmap.rgbd_odometry]: Odom: quality=175, std dev=0.000555m|0.018423rad, update time=0.089345s delay=0.158494s[0m
[rtabmap-2] [0m[INFO] [1776442841.137224694] [rtabmap.rtabmap]: rtabmap (176): Rate=0.50s, Limit=0.000s, Conversion=0.0015s, RTAB-Map=0.0302s, Maps update=0.0001s pub=0.0011s delay=0.1931s (local map=1, WM=1)[0m
[rgbd_odometry-1] [0m[INFO] [1776442841.236932448] [rtabmap.rgbd_odometry]: Odom: quality=175, std dev=0.000129m|0.010360rad, update time=0.089046s delay=0.159328s[0m
[rgbd_odometry-1] [0m[INFO] [1776442841.371751716] [rtabmap.rgbd_odometry]: Odom: quality=167, std dev=0.000109m|0.010360rad, update time=0.091739s delay=0.160721s[0m
[rgbd_odometry-1] [0m[INFO] [1776442841.502521330] [rtabmap.rgbd_odometry]: Odom: quality=171, std dev=0.000284m|0.010360rad, update time=0.089131s delay=0.158064s[0m
[rgbd_odometry-1] [0m[INFO] [1776442841.638381812] [rtabmap.rgbd_odometry]: Odom: quality=166, std dev=0.000970m|0.023166rad, update time=0.090692s delay=0.160499s[0m
[rtabmap-2] [0m[INFO] [1776442841.684987547] [rtabmap.rtabmap]: rtabmap (177): Rate=0.50s, Limit=0.000s, Conversion=0.0018s, RTAB-Map=0.0422s, Maps update=0.0001s pub=0.0013s delay=0.2071s (local map=1, WM=1)[0m
[rgbd_odometry-1] [0m[INFO] [1776442841.777629368] [rtabmap.rgbd_odometry]: Odom: quality=154, std dev=0.000179m|0.014170rad, update time=0.096169s delay=0.166323s[0m
[rgbd_odometry-1] [0m[INFO] [1776442841.907823062] [rtabmap.rgbd_odometry]: Odom: quality=156, std dev=0.000138m|0.012320rad, update time=0.092068s delay=0.163092s[0m
[rgbd_odometry-1] [0m[INFO] [1776442842.046023324] [rtabmap.rgbd_odometry]: Odom: quality=150, std dev=0.000161m|0.010360rad, update time=0.095820s delay=0.167866s[0m
[rgbd_odometry-1] [0m[INFO] [1776442842.170792029] [rtabmap.rgbd_odometry]: Odom: quality=172, std dev=0.000618m|0.016542rad, update time=0.087105s delay=0.159211s[0m
[rtabmap-2] [0m[INFO] [1776442842.213692600] [rtabmap.rtabmap]: rtabmap (178): Rate=0.50s, Limit=0.000s, Conversion=0.0023s, RTAB-Map=0.0371s, Maps update=0.0001s pub=0.0018s delay=0.2021s (local map=1, WM=1)[0m
[rgbd_odometry-1] [0m[INFO] [1776442842.311190690] [rtabmap.rgbd_odometry]: Odom: quality=174, std dev=0.000627m|0.018649rad, update time=0.095019s delay=0.166183s[0m
[rgbd_odometry-1] [0m[INFO] [1776442842.440954836] [rtabmap.rgbd_odometry]: Odom: quality=163, std dev=0.000280m|0.000173rad, update time=0.091919s delay=0.162522s[0m
[rgbd_odometry-1] [0m[INFO] [1776442842.574596150] [rtabmap.rgbd_odometry]: Odom: quality=180, std dev=0.000154m|0.010360rad, update time=0.090984s delay=0.162739s[0m
[rgbd_odometry-1] [0m[INFO] [1776442842.707597509] [rtabmap.rgbd_odometry]: Odom: quality=167, std dev=0.000155m|0.010360rad, update time=0.090351s delay=0.162314s[0m
[rtabmap-2] [0m[INFO] [1776442842.741405753] [rtabmap.rtabmap]: rtabmap (179): Rate=0.50s, Limit=0.000s, Conversion=0.0013s, RTAB-Map=0.0297s, Maps update=0.0001s pub=0.0014s delay=0.1961s (local map=1, WM=1)[0m
[rgbd_odometry-1] [0m[INFO] [1776442842.843797905] [rtabmap.rgbd_odometry]: Odom: quality=160, std dev=0.000893m|0.019282rad, update time=0.094820s delay=0.165089s[0m
[rgbd_odometry-1] [0m[INFO] [1776442842.971953300] [rtabmap.rgbd_odometry]: Odom: quality=173, std dev=0.000246m|0.019078rad, update time=0.088739s delay=0.159814s[0m
[rgbd_odometry-1] [0m[INFO] [1776442843.105543668] [rtabmap.rgbd_odometry]: Odom: quality=169, std dev=0.000774m|0.026374rad, update time=0.088133s delay=0.159979s[0m
[rgbd_odometry-1] [0m[INFO] [1776442843.234078050] [rtabmap.rgbd_odometry]: Odom: quality=171, std dev=0.000161m|0.010360rad, update time=0.085313s delay=0.155084s[0m
[rtabmap-2] [0m[INFO] [1776442843.280488036] [rtabmap.rtabmap]: rtabmap (180): Rate=0.50s, Limit=0.000s, Conversion=0.0020s, RTAB-Map=0.0400s, Maps update=0.0001s pub=0.0019s delay=0.2015s (local map=1, WM=1)[0m
[rgbd_odometry-1] [0m[INFO] [1776442843.379803939] [rtabmap.rgbd_odometry]: Odom: quality=169, std dev=0.000632m|0.021909rad, update time=0.094123s delay=0.167382s[0m
[rgbd_odometry-1] [0m[INFO] [1776442843.508323536] [rtabmap.rgbd_odometry]: Odom: quality=171, std dev=0.000935m|0.024736rad, update time=0.092357s delay=0.162476s[0m
[rgbd_odometry-1] [0m[INFO] [1776442843.640144061] [rtabmap.rgbd_odometry]: Odom: quality=170, std dev=0.000141m|0.012320rad, update time=0.090882s delay=0.160867s[0m
[rgbd_odometry-1] [0m[INFO] [1776442843.769096600] [rtabmap.rgbd_odometry]: Odom: quality=174, std dev=0.000262m|0.008712rad, update time=0.084384s delay=0.156391s[0m
[rtabmap-2] [0m[INFO] [1776442843.805900642] [rtabmap.rtabmap]: rtabmap (181): Rate=0.50s, Limit=0.000s, Conversion=0.0016s, RTAB-Map=0.0314s, Maps update=0.0001s pub=0.0014s delay=0.1932s (local map=1, WM=1)[0m
[rgbd_odometry-1] [0m[INFO] [1776442843.907415265] [rtabmap.rgbd_odometry]: Odom: quality=178, std dev=0.000222m|0.016542rad, update time=0.091132s delay=0.161284s[0m
[rgbd_odometry-1] [0m[INFO] [1776442844.040083943] [rtabmap.rgbd_odometry]: Odom: quality=165, std dev=0.000297m|0.010360rad, update time=0.089704s delay=0.160528s[0m
[rgbd_odometry-1] [0m[INFO] [1776442844.170809653] [rtabmap.rgbd_odometry]: Odom: quality=178, std dev=0.000430m|0.015492rad, update time=0.086291s delay=0.157826s[0m
[rgbd_odometry-1] [0m[INFO] [1776442844.303438137] [rtabmap.rgbd_odometry]: Odom: quality=177, std dev=0.000975m|0.022563rad, update time=0.087819s delay=0.157028s[0m
[rtabmap-2] [0m[INFO] [1776442844.349459151] [rtabmap.rtabmap]: rtabmap (182): Rate=0.50s, Limit=0.000s, Conversion=0.0017s, RTAB-Map=0.0418s, Maps update=0.0001s pub=0.0011s delay=0.2031s (local map=1, WM=1)[0m
[rgbd_odometry-1] [0m[INFO] [1776442844.440263800] [rtabmap.rgbd_odometry]: Odom: quality=168, std dev=0.000555m|0.016542rad, update time=0.090670s delay=0.160428s[0m
[rgbd_odometry-1] [0m[INFO] [1776442844.577173977] [rtabmap.rgbd_odometry]: Odom: quality=150, std dev=0.000291m|0.021486rad, update time=0.094544s delay=0.163910s[0m
[rgbd_odometry-1] [0m[INFO] [1776442844.720554517] [rtabmap.rgbd_odometry]: Odom: quality=166, std dev=0.000168m|0.011465rad, update time=0.098421s delay=0.173864s[0m
[rgbd_odometry-1] [0m[INFO] [1776442844.840124223] [rtabmap.rgbd_odometry]: Odom: quality=162, std dev=0.000275m|0.019858rad, update time=0.089379s delay=0.160010s[0m
[rtabmap-2] [0m[INFO] [1776442844.877606878] [rtabmap.rtabmap]: rtabmap (183): Rate=0.50s, Limit=0.000s, Conversion=0.0020s, RTAB-Map=0.0320s, Maps update=0.0001s pub=0.0012s delay=0.1975s (local map=1, WM=1)[0m
[rgbd_odometry-1] [0m[INFO] [1776442844.983846214] [rtabmap.rgbd_odometry]: Odom: quality=175, std dev=0.000103m|0.010360rad, update time=0.097872s delay=0.170305s[0m
[rgbd_odometry-1] [0m[INFO] [1776442845.108229692] [rtabmap.rgbd_odometry]: Odom: quality=177, std dev=0.000101m|0.010360rad, update time=0.089529s delay=0.161262s[0m
[rgbd_odometry-1] [0m[INFO] [1776442845.241892030] [rtabmap.rgbd_odometry]: Odom: quality=176, std dev=0.000248m|0.017423rad, update time=0.090373s delay=0.161500s[0m
[rgbd_odometry-1] [0m[INFO] [1776442845.372612396] [rtabmap.rgbd_odometry]: Odom: quality=167, std dev=0.000946m|0.021036rad, update time=0.088238s delay=0.158794s[0m
[rtabmap-2] [0m[INFO] [1776442845.408015950] [rtabmap.rtabmap]: rtabmap (184): Rate=0.50s, Limit=0.000s, Conversion=0.0014s, RTAB-Map=0.0305s, Maps update=0.0001s pub=0.0011s delay=0.1942s (local map=1, WM=1)[0m
[rgbd_odometry-1] [0m[INFO] [1776442845.509366633] [rtabmap.rgbd_odometry]: Odom: quality=171, std dev=0.000121m|0.010360rad, update time=0.092399s delay=0.162122s[0m
[rgbd_odometry-1] [0m[INFO] [1776442845.641907499] [rtabmap.rgbd_odometry]: Odom: quality=182, std dev=0.000347m|0.015492rad, update time=0.091295s delay=0.161238s[0m
[rgbd_odometry-1] [0m[INFO] [1776442845.773958719] [rtabmap.rgbd_odometry]: Odom: quality=179, std dev=0.000195m|0.012320rad, update time=0.090268s delay=0.159862s[0m
[rgbd_odometry-1] [0m[INFO] [1776442845.904739630] [rtabmap.rgbd_odometry]: Odom: quality=182, std dev=0.000146m|0.011465rad, update time=0.087118s delay=0.157218s[0m
[rtabmap-2] [0m[INFO] [1776442845.946400262] [rtabmap.rtabmap]: rtabmap (185): Rate=0.50s, Limit=0.000s, Conversion=0.0019s, RTAB-Map=0.0363s, Maps update=0.0001s pub=0.0016s delay=0.1989s (local map=1, WM=1)[0m
[rgbd_odometry-1] [0m[INFO] [1776442846.044800779] [rtabmap.rgbd_odometry]: Odom: quality=171, std dev=0.000220m|0.012320rad, update time=0.093338s delay=0.163854s[0m
[rgbd_odometry-1] [0m[INFO] [1776442846.174685312] [rtabmap.rgbd_odometry]: Odom: quality=171, std dev=0.000254m|0.008712rad, update time=0.089946s delay=0.160310s[0m
[rgbd_odometry-1] [0m[INFO] [1776442846.305931197] [rtabmap.rgbd_odometry]: Odom: quality=179, std dev=0.000120m|0.013027rad, update time=0.087224s delay=0.158131s[0m
[rgbd_odometry-1] [0m[INFO] [1776442846.442552822] [rtabmap.rgbd_odometry]: Odom: quality=174, std dev=0.000110m|0.010360rad, update time=0.092170s delay=0.161328s[0m
[rtabmap-2] [0m[INFO] [1776442846.474727931] [rtabmap.rtabmap]: rtabmap (186): Rate=0.50s, Limit=0.000s, Conversion=0.0014s, RTAB-Map=0.0285s, Maps update=0.0001s pub=0.0012s delay=0.1935s (local map=1, WM=1)[0m
[rgbd_odometry-1] [0m[INFO] [1776442846.576419487] [rtabmap.rgbd_odometry]: Odom: quality=179, std dev=0.000159m|0.010360rad, update time=0.091453s delay=0.161769s[0m
[rgbd_odometry-1] [0m[INFO] [1776442846.709463248] [rtabmap.rgbd_odometry]: Odom: quality=167, std dev=0.000123m|0.010360rad, update time=0.090008s delay=0.161386s[0m
[rgbd_odometry-1] [0m[INFO] [1776442846.837786936] [rtabmap.rgbd_odometry]: Odom: quality=185, std dev=0.000367m|0.018188rad, update time=0.086725s delay=0.156283s[0m
[rgbd_odometry-1] [0m[INFO] [1776442846.974793884] [rtabmap.rgbd_odometry]: Odom: quality=172, std dev=0.000165m|0.015492rad, update time=0.090470s delay=0.159863s[0m
[rtabmap-2] [0m[INFO] [1776442847.009488106] [rtabmap.rtabmap]: rtabmap (187): Rate=0.50s, Limit=0.000s, Conversion=0.0017s, RTAB-Map=0.0303s, Maps update=0.0001s pub=0.0012s delay=0.1946s (local map=1, WM=1)[0m
[rgbd_odometry-1] [0m[INFO] [1776442847.112737307] [rtabmap.rgbd_odometry]: Odom: quality=163, std dev=0.000251m|0.000173rad, update time=0.092912s delay=0.164379s[0m
[rgbd_odometry-1] [0m[INFO] [1776442847.237503549] [rtabmap.rgbd_odometry]: Odom: quality=174, std dev=0.000188m|0.008712rad, update time=0.086014s delay=0.155719s[0m
[rgbd_odometry-1] [0m[INFO] [1776442847.374872555] [rtabmap.rgbd_odometry]: Odom: quality=170, std dev=0.001044m|0.023616rad, update time=0.089587s delay=0.159663s[0m
[rgbd_odometry-1] [0m[INFO] [1776442847.508994396] [rtabmap.rgbd_odometry]: Odom: quality=179, std dev=0.000162m|0.011465rad, update time=0.089099s delay=0.160357s[0m
[rtabmap-2] [0m[INFO] [1776442847.548202092] [rtabmap.rtabmap]: rtabmap (188): Rate=0.50s, Limit=0.000s, Conversion=0.0014s, RTAB-Map=0.0346s, Maps update=0.0001s pub=0.0016s delay=0.1996s (local map=1, WM=1)[0m
[rgbd_odometry-1] [0m[INFO] [1776442847.646724981] [rtabmap.rgbd_odometry]: Odom: quality=180, std dev=0.000628m|0.019078rad, update time=0.092959s delay=0.164660s[0m
[rgbd_odometry-1] [0m[INFO] [1776442847.773502640] [rtabmap.rgbd_odometry]: Odom: quality=180, std dev=0.000575m|0.025377rad, update time=0.088204s delay=0.158009s[0m
[rgbd_odometry-1] [0m[INFO] [1776442847.906802953] [rtabmap.rgbd_odometry]: Odom: quality=181, std dev=0.000231m|0.017144rad, update time=0.088064s delay=0.157876s[0m
[rgbd_odometry-1] [0m[INFO] [1776442848.041348838] [rtabmap.rgbd_odometry]: Odom: quality=175, std dev=0.000197m|0.008712rad, update time=0.086725s delay=0.158993s[0m
[rtabmap-2] [0m[INFO] [1776442848.089319732] [rtabmap.rtabmap]: rtabmap (189): Rate=0.50s, Limit=0.000s, Conversion=0.0020s, RTAB-Map=0.0428s, Maps update=0.0001s pub=0.0017s delay=0.2070s (local map=1, WM=1)[0m
[rgbd_odometry-1] [0m[INFO] [1776442848.177561043] [rtabmap.rgbd_odometry]: Odom: quality=174, std dev=0.000214m|0.011465rad, update time=0.090644s delay=0.161773s[0m
[rgbd_odometry-1] [0m[INFO] [1776442848.307474217] [rtabmap.rgbd_odometry]: Odom: quality=169, std dev=0.000562m|0.015492rad, update time=0.086538s delay=0.158254s[0m
[rgbd_odometry-1] [0m[INFO] [1776442848.441969349] [rtabmap.rgbd_odometry]: Odom: quality=178, std dev=0.000146m|0.010360rad, update time=0.088420s delay=0.159318s[0m
[rgbd_odometry-1] [0m[INFO] [1776442848.576353597] [rtabmap.rgbd_odometry]: Odom: quality=180, std dev=0.000230m|0.016214rad, update time=0.090011s delay=0.160272s[0m
[rtabmap-2] [0m[INFO] [1776442848.626740626] [rtabmap.rtabmap]: rtabmap (190): Rate=0.50s, Limit=0.000s, Conversion=0.0015s, RTAB-Map=0.0456s, Maps update=0.0001s pub=0.0016s delay=0.2107s (local map=1, WM=1)[0m
[rgbd_odometry-1] [0m[INFO] [1776442848.723536040] [rtabmap.rgbd_odometry]: Odom: quality=170, std dev=0.000109m|0.008712rad, update time=0.101758s delay=0.174022s[0m
[rgbd_odometry-1] [0m[INFO] [1776442848.845468247] [rtabmap.rgbd_odometry]: Odom: quality=172, std dev=0.000181m|0.016851rad, update time=0.090204s delay=0.162527s[0m
[rgbd_odometry-1] [0m[INFO] [1776442848.975826299] [rtabmap.rgbd_odometry]: Odom: quality=186, std dev=0.000125m|0.011465rad, update time=0.087474s delay=0.159458s[0m
[rgbd_odometry-1] [0m[INFO] [1776442849.106477127] [rtabmap.rgbd_odometry]: Odom: quality=171, std dev=0.000311m|0.013634rad, update time=0.087585s delay=0.156681s[0m
[rtabmap-2] [0m[INFO] [1776442849.152980043] [rtabmap.rtabmap]: rtabmap (191): Rate=0.50s, Limit=0.000s, Conversion=0.0017s, RTAB-Map=0.0416s, Maps update=0.0001s pub=0.0013s delay=0.2032s (local map=1, WM=1)[0m
[rgbd_odometry-1] [0m[INFO] [1776442849.240933473] [rtabmap.rgbd_odometry]: Odom: quality=173, std dev=0.000296m|0.019672rad, update time=0.086555s delay=0.157709s[0m
[rgbd_odometry-1] [0m[INFO] [1776442849.379748346] [rtabmap.rgbd_odometry]: Odom: quality=175, std dev=0.000545m|0.027617rad, update time=0.090019s delay=0.163097s[0m
[rgbd_odometry-1] [0m[INFO] [1776442849.513935405] [rtabmap.rgbd_odometry]: Odom: quality=171, std dev=0.000356m|0.017144rad, update time=0.092130s delay=0.163857s[0m
[rgbd_odometry-1] [0m[INFO] [1776442849.643599836] [rtabmap.rgbd_odometry]: Odom: quality=175, std dev=0.000127m|0.010360rad, update time=0.090778s delay=0.160093s[0m
[rtabmap-2] [0m[INFO] [1776442849.688933791] [rtabmap.rtabmap]: rtabmap (192): Rate=0.50s, Limit=0.000s, Conversion=0.0016s, RTAB-Map=0.0378s, Maps update=0.0001s pub=0.0025s delay=0.2054s (local map=1, WM=1)[0m
[rgbd_odometry-1] [0m[INFO] [1776442849.774094468] [rtabmap.rgbd_odometry]: Odom: quality=175, std dev=0.000232m|0.008712rad, update time=0.087373s delay=0.157161s[0m
[rgbd_odometry-1] [0m[INFO] [1776442849.907364796] [rtabmap.rgbd_odometry]: Odom: quality=190, std dev=0.000348m|0.015089rad, update time=0.086422s delay=0.157003s[0m
[rgbd_odometry-1] [0m[INFO] [1776442850.050142696] [rtabmap.rgbd_odometry]: Odom: quality=164, std dev=0.000563m|0.030437rad, update time=0.094547s delay=0.166354s[0m
[rgbd_odometry-1] [0m[INFO] [1776442850.175086926] [rtabmap.rgbd_odometry]: Odom: quality=179, std dev=0.000244m|0.011465rad, update time=0.083724s delay=0.157869s[0m
[rtabmap-2] [0m[INFO] [1776442850.230478772] [rtabmap.rtabmap]: rtabmap (193): Rate=0.50s, Limit=0.000s, Conversion=0.0025s, RTAB-Map=0.0494s, Maps update=0.0001s pub=0.0012s delay=0.2133s (local map=1, WM=1)[0m
[rgbd_odometry-1] [0m[INFO] [1776442850.313122385] [rtabmap.rgbd_odometry]: Odom: quality=175, std dev=0.000123m|0.011465rad, update time=0.092262s delay=0.162475s[0m
[rgbd_odometry-1] [0m[INFO] [1776442850.444552531] [rtabmap.rgbd_odometry]: Odom: quality=179, std dev=0.000252m|0.000173rad, update time=0.086327s delay=0.160477s[0m
[rgbd_odometry-1] [0m[INFO] [1776442850.585554476] [rtabmap.rgbd_odometry]: Odom: quality=181, std dev=0.000182m|0.010360rad, update time=0.096587s delay=0.168053s[0m
[rgbd_odometry-1] [0m[INFO] [1776442850.710361039] [rtabmap.rgbd_odometry]: Odom: quality=175, std dev=0.000174m|0.014651rad, update time=0.090108s delay=0.159432s[0m
[rtabmap-2] [0m[INFO] [1776442850.774245931] [rtabmap.rtabmap]: rtabmap (194): Rate=0.50s, Limit=0.000s, Conversion=0.0033s, RTAB-Map=0.0536s, Maps update=0.0001s pub=0.0049s delay=0.2233s (local map=1, WM=1)[0m
[rgbd_odometry-1] [0m[INFO] [1776442850.852061179] [rtabmap.rgbd_odometry]: Odom: quality=177, std dev=0.000147m|0.015089rad, update time=0.094210s delay=0.167704s[0m
[rgbd_odometry-1] [0m[INFO] [1776442850.981377985] [rtabmap.rgbd_odometry]: Odom: quality=170, std dev=0.000272m|0.008712rad, update time=0.094398s delay=0.163596s[0m
[rgbd_odometry-1] [0m[INFO] [1776442851.113430102] [rtabmap.rgbd_odometry]: Odom: quality=182, std dev=0.000163m|0.012320rad, update time=0.091947s delay=0.162224s[0m
[rgbd_odometry-1] [0m[INFO] [1776442851.250251573] [rtabmap.rgbd_odometry]: Odom: quality=187, std dev=0.000258m|0.017944rad, update time=0.090330s delay=0.165616s[0m
[rtabmap-2] [0m[INFO] [1776442851.291351293] [rtabmap.rtabmap]: rtabmap (195): Rate=0.50s, Limit=0.000s, Conversion=0.0015s, RTAB-Map=0.0359s, Maps update=0.0002s pub=0.0020s delay=0.2067s (local map=1, WM=1)[0m
[rgbd_odometry-1] [0m[INFO] [1776442851.381507219] [rtabmap.rgbd_odometry]: Odom: quality=174, std dev=0.000186m|0.011465rad, update time=0.091647s delay=0.163448s[0m
[rgbd_odometry-1] [0m[INFO] [1776442851.522576973] [rtabmap.rgbd_odometry]: Odom: quality=179, std dev=0.000166m|0.012320rad, update time=0.095866s delay=0.171092s[0m
[rgbd_odometry-1] [0m[INFO] [1776442851.645102670] [rtabmap.rgbd_odometry]: Odom: quality=178, std dev=0.000177m|0.010360rad, update time=0.090256s delay=0.160191s[0m
[rgbd_odometry-1] [0m[INFO] [1776442851.775143049] [rtabmap.rgbd_odometry]: Odom: quality=170, std dev=0.000332m|0.016851rad, update time=0.086652s delay=0.156806s[0m
[rtabmap-2] [0m[INFO] [1776442851.829079748] [rtabmap.rtabmap]: rtabmap (196): Rate=0.50s, Limit=0.000s, Conversion=0.0016s, RTAB-Map=0.0488s, Maps update=0.0001s pub=0.0013s delay=0.2108s (local map=1, WM=1)[0m
[rgbd_odometry-1] [0m[INFO] [1776442851.913282414] [rtabmap.rgbd_odometry]: Odom: quality=174, std dev=0.000301m|0.013634rad, update time=0.090547s delay=0.161518s[0m
[rgbd_odometry-1] [0m[INFO] [1776442852.042830362] [rtabmap.rgbd_odometry]: Odom: quality=185, std dev=0.000119m|0.011465rad, update time=0.088289s delay=0.157639s[0m
[rgbd_odometry-1] [0m[INFO] [1776442852.176029937] [rtabmap.rgbd_odometry]: Odom: quality=186, std dev=0.000146m|0.011465rad, update time=0.088134s delay=0.157412s[0m
[rgbd_odometry-1] [0m[INFO] [1776442852.310339463] [rtabmap.rgbd_odometry]: Odom: quality=179, std dev=0.000649m|0.030230rad, update time=0.088677s delay=0.158294s[0m
[rtabmap-2] [0m[INFO] [1776442852.378761223] [rtabmap.rtabmap]: rtabmap (197): Rate=0.50s, Limit=0.000s, Conversion=0.0020s, RTAB-Map=0.0623s, Maps update=0.0001s pub=0.0021s delay=0.2267s (local map=1, WM=1)[0m
[rgbd_odometry-1] [0m[INFO] [1776442852.452745385] [rtabmap.rgbd_odometry]: Odom: quality=173, std dev=0.000176m|0.011465rad, update time=0.097163s delay=0.167273s[0m
[rgbd_odometry-1] [0m[INFO] [1776442852.581041681] [rtabmap.rgbd_odometry]: Odom: quality=183, std dev=0.000129m|0.008712rad, update time=0.088335s delay=0.162141s[0m
[rgbd_odometry-1] [0m[INFO] [1776442852.713728792] [rtabmap.rgbd_odometry]: Odom: quality=171, std dev=0.000224m|0.013634rad, update time=0.087605s delay=0.161401s[0m
[rgbd_odometry-1] [0m[INFO] [1776442852.847959725] [rtabmap.rgbd_odometry]: Odom: quality=188, std dev=0.000335m|0.020040rad, update time=0.088401s delay=0.162204s[0m
[rtabmap-2] [0m[INFO] [1776442852.908574570] [rtabmap.rtabmap]: rtabmap (198): Rate=0.50s, Limit=0.000s, Conversion=0.0021s, RTAB-Map=0.0540s, Maps update=0.0001s pub=0.0022s delay=0.2228s (local map=1, WM=1)[0m
[rgbd_odometry-1] [0m[INFO] [1776442852.998201425] [rtabmap.rgbd_odometry]: Odom: quality=170, std dev=0.000175m|0.015492rad, update time=0.106048s delay=0.179016s[0m
[rgbd_odometry-1] [0m[INFO] [1776442853.121329092] [rtabmap.rgbd_odometry]: Odom: quality=176, std dev=0.000303m|0.015492rad, update time=0.097192s delay=0.168716s[0m
[rgbd_odometry-1] [0m[INFO] [1776442853.246030020] [rtabmap.rgbd_odometry]: Odom: quality=183, std dev=0.000246m|0.010360rad, update time=0.088324s delay=0.159990s[0m
[rgbd_odometry-1] [0m[INFO] [1776442853.382989991] [rtabmap.rgbd_odometry]: Odom: quality=175, std dev=0.000185m|0.008712rad, update time=0.089870s delay=0.163519s[0m
[rtabmap-2] [0m[INFO] [1776442853.427975648] [rtabmap.rtabmap]: rtabmap (199): Rate=0.50s, Limit=0.000s, Conversion=0.0026s, RTAB-Map=0.0389s, Maps update=0.0001s pub=0.0013s delay=0.2085s (local map=1, WM=1)[0m
[rgbd_odometry-1] [0m[INFO] [1776442853.518541698] [rtabmap.rgbd_odometry]: Odom: quality=185, std dev=0.000471m|0.018188rad, update time=0.088510s delay=0.165643s[0m
[rgbd_odometry-1] [0m[INFO] [1776442853.649406997] [rtabmap.rgbd_odometry]: Odom: quality=184, std dev=0.000626m|0.025288rad, update time=0.092276s delay=0.163077s[0m
[rgbd_odometry-1] [0m[INFO] [1776442853.783785005] [rtabmap.rgbd_odometry]: Odom: quality=187, std dev=0.000127m|0.010360rad, update time=0.093916s delay=0.164028s[0m
[rgbd_odometry-1] [0m[INFO] [1776442853.916591160] [rtabmap.rgbd_odometry]: Odom: quality=178, std dev=0.000170m|0.013027rad, update time=0.093609s delay=0.163409s[0m
[rtabmap-2] [0m[INFO] [1776442853.983057920] [rtabmap.rtabmap]: rtabmap (200): Rate=0.50s, Limit=0.000s, Conversion=0.0024s, RTAB-Map=0.0598s, Maps update=0.0001s pub=0.0021s delay=0.2299s (local map=1, WM=1)[0m
[rgbd_odometry-1] [0m[INFO] [1776442854.054038282] [rtabmap.rgbd_odometry]: Odom: quality=172, std dev=0.000778m|0.023281rad, update time=0.096662s delay=0.167429s[0m
[rgbd_odometry-1] [0m[INFO] [1776442854.187598091] [rtabmap.rgbd_odometry]: Odom: quality=176, std dev=0.000172m|0.000173rad, update time=0.097721s delay=0.167561s[0m
[rgbd_odometry-1] [0m[INFO] [1776442854.316185340] [rtabmap.rgbd_odometry]: Odom: quality=172, std dev=0.000210m|0.015865rad, update time=0.092319s delay=0.162721s[0m
[rgbd_odometry-1] [0m[INFO] [1776442854.446265688] [rtabmap.rgbd_odometry]: Odom: quality=166, std dev=0.000180m|0.000173rad, update time=0.088978s delay=0.159375s[0m
[rtabmap-2] [0m[INFO] [1776442854.515534673] [rtabmap.rtabmap]: rtabmap (201): Rate=0.50s, Limit=0.000s, Conversion=0.0023s, RTAB-Map=0.0635s, Maps update=0.0001s pub=0.0015s delay=0.2287s (local map=1, WM=1)[0m
[rgbd_odometry-1] [0m[INFO] [1776442854.586446457] [rtabmap.rgbd_odometry]: Odom: quality=177, std dev=0.000258m|0.008712rad, update time=0.095283s delay=0.166129s[0m
[rgbd_odometry-1] [0m[INFO] [1776442854.719233252] [rtabmap.rgbd_odometry]: Odom: quality=167, std dev=0.000104m|0.010360rad, update time=0.095047s delay=0.165491s[0m
[rgbd_odometry-1] [0m[INFO] [1776442854.843941892] [rtabmap.rgbd_odometry]: Odom: quality=177, std dev=0.000198m|0.011465rad, update time=0.086062s delay=0.156769s[0m
[rgbd_odometry-1] [0m[INFO] [1776442854.977487045] [rtabmap.rgbd_odometry]: Odom: quality=177, std dev=0.000199m|0.008712rad, update time=0.086808s delay=0.156883s[0m
[rtabmap-2] [0m[INFO] [1776442855.021455040] [rtabmap.rtabmap]: rtabmap (202): Rate=0.50s, Limit=0.000s, Conversion=0.0016s, RTAB-Map=0.0393s, Maps update=0.0001s pub=0.0016s delay=0.2009s (local map=1, WM=1)[0m
[rgbd_odometry-1] [0m[INFO] [1776442855.112697878] [rtabmap.rgbd_odometry]: Odom: quality=179, std dev=0.000281m|0.019672rad, update time=0.087601s delay=0.158668s[0m
[rgbd_odometry-1] [0m[INFO] [1776442855.248747232] [rtabmap.rgbd_odometry]: Odom: quality=190, std dev=0.000237m|0.013634rad, update time=0.089098s delay=0.161288s[0m
[rgbd_odometry-1] [0m[INFO] [1776442855.380674929] [rtabmap.rgbd_odometry]: Odom: quality=177, std dev=0.000248m|0.008712rad, update time=0.089278s delay=0.159787s[0m
[rgbd_odometry-1] [0m[INFO] [1776442855.518859737] [rtabmap.rgbd_odometry]: Odom: quality=155, std dev=0.000134m|0.010360rad, update time=0.091574s delay=0.164544s[0m
[rtabmap-2] [0m[INFO] [1776442855.565529122] [rtabmap.rtabmap]: rtabmap (203): Rate=0.50s, Limit=0.000s, Conversion=0.0015s, RTAB-Map=0.0420s, Maps update=0.0001s pub=0.0013s delay=0.2112s (local map=1, WM=1)[0m
[rgbd_odometry-1] [0m[INFO] [1776442855.651901355] [rtabmap.rgbd_odometry]: Odom: quality=182, std dev=0.000225m|0.013634rad, update time=0.092132s delay=0.164157s[0m
[rgbd_odometry-1] [0m[INFO] [1776442855.780437050] [rtabmap.rgbd_odometry]: Odom: quality=168, std dev=0.000856m|0.031731rad, update time=0.088084s delay=0.159261s[0m
[rgbd_odometry-1] [0m[INFO] [1776442855.914734353] [rtabmap.rgbd_odometry]: Odom: quality=175, std dev=0.000647m|0.018423rad, update time=0.089322s delay=0.160127s[0m
[rgbd_odometry-1] [0m[INFO] [1776442856.050070822] [rtabmap.rgbd_odometry]: Odom: quality=182, std dev=0.000563m|0.015492rad, update time=0.091666s delay=0.162033s[0m
[rtabmap-2] [0m[INFO] [1776442856.086182781] [rtabmap.rtabmap]: rtabmap (204): Rate=0.50s, Limit=0.000s, Conversion=0.0017s, RTAB-Map=0.0316s, Maps update=0.0001s pub=0.0012s delay=0.1982s (local map=1, WM=1)[0m
[rgbd_odometry-1] [0m[INFO] [1776442856.180869783] [rtabmap.rgbd_odometry]: Odom: quality=183, std dev=0.000971m|0.022930rad, update time=0.090256s delay=0.159398s[0m
[rgbd_odometry-1] [0m[INFO] [1776442856.317183016] [rtabmap.rgbd_odometry]: Odom: quality=187, std dev=0.000342m|0.021189rad, update time=0.092353s delay=0.162280s[0m
[rgbd_odometry-1] [0m[INFO] [1776442856.446108707] [rtabmap.rgbd_odometry]: Odom: quality=183, std dev=0.000477m|0.021909rad, update time=0.088370s delay=0.157773s[0m
[rgbd_odometry-1] [0m[INFO] [1776442856.584242761] [rtabmap.rgbd_odometry]: Odom: quality=182, std dev=0.000287m|0.020720rad, update time=0.091678s delay=0.162475s[0m
[rtabmap-2] [0m[INFO] [1776442856.617959195] [rtabmap.rtabmap]: rtabmap (205): Rate=0.50s, Limit=0.000s, Conversion=0.0017s, RTAB-Map=0.0292s, Maps update=0.0001s pub=0.0012s delay=0.1962s (local map=1, WM=1)[0m
[rgbd_odometry-1] [0m[INFO] [1776442856.716075832] [rtabmap.rgbd_odometry]: Odom: quality=179, std dev=0.000514m|0.019078rad, update time=0.091169s delay=0.160875s[0m
[rgbd_odometry-1] [0m[INFO] [1776442856.849283920] [rtabmap.rgbd_odometry]: Odom: quality=184, std dev=0.000784m|0.023724rad, update time=0.091662s delay=0.160655s[0m
[rgbd_odometry-1] [0m[INFO] [1776442856.980195044] [rtabmap.rgbd_odometry]: Odom: quality=176, std dev=0.000334m|0.014651rad, update time=0.089018s delay=0.158138s[0m
[rgbd_odometry-1] [0m[INFO] [1776442857.117811419] [rtabmap.rgbd_odometry]: Odom: quality=180, std dev=0.000171m|0.012320rad, update time=0.092159s delay=0.162327s[0m
[rtabmap-2] [0m[INFO] [1776442857.152348005] [rtabmap.rtabmap]: rtabmap (206): Rate=0.50s, Limit=0.000s, Conversion=0.0014s, RTAB-Map=0.0302s, Maps update=0.0001s pub=0.0012s delay=0.1969s (local map=1, WM=1)[0m
[rgbd_odometry-1] [0m[INFO] [1776442857.251218808] [rtabmap.rgbd_odometry]: Odom: quality=183, std dev=0.000224m|0.008712rad, update time=0.090747s delay=0.162309s[0m
[rgbd_odometry-1] [0m[INFO] [1776442857.387805586] [rtabmap.rgbd_odometry]: Odom: quality=184, std dev=0.000170m|0.014170rad, update time=0.092280s delay=0.165467s[0m
[rgbd_odometry-1] [0m[INFO] [1776442857.521925283] [rtabmap.rgbd_odometry]: Odom: quality=176, std dev=0.000142m|0.012320rad, update time=0.094573s delay=0.166159s[0m
[rgbd_odometry-1] [0m[INFO] [1776442857.649797248] [rtabmap.rgbd_odometry]: Odom: quality=184, std dev=0.000126m|0.013027rad, update time=0.091024s delay=0.160605s[0m
[rtabmap-2] [0m[INFO] [1776442857.697044634] [rtabmap.rtabmap]: rtabmap (207): Rate=0.50s, Limit=0.000s, Conversion=0.0020s, RTAB-Map=0.0359s, Maps update=0.0008s pub=0.0054s delay=0.2079s (local map=1, WM=1)[0m
[rgbd_odometry-1] [0m[INFO] [1776442857.784007828] [rtabmap.rgbd_odometry]: Odom: quality=181, std dev=0.000222m|0.015492rad, update time=0.091300s delay=0.161387s[0m
[rgbd_odometry-1] [0m[INFO] [1776442857.925882279] [rtabmap.rgbd_odometry]: Odom: quality=191, std dev=0.000203m|0.013634rad, update time=0.096299s delay=0.169832s[0m
[rgbd_odometry-1] [0m[INFO] [1776442858.049811633] [rtabmap.rgbd_odometry]: Odom: quality=166, std dev=0.000127m|0.011465rad, update time=0.090004s delay=0.160336s[0m
[rgbd_odometry-1] [0m[INFO] [1776442858.189598311] [rtabmap.rgbd_odometry]: Odom: quality=183, std dev=0.000467m|0.018188rad, update time=0.094584s delay=0.166694s[0m
[rtabmap-2] [0m[INFO] [1776442858.235811171] [rtabmap.rtabmap]: rtabmap (208): Rate=0.50s, Limit=0.000s, Conversion=0.0021s, RTAB-Map=0.0410s, Maps update=0.0001s pub=0.0012s delay=0.2129s (local map=1, WM=1)[0m
[rgbd_odometry-1] [0m[INFO] [1776442858.323811324] [rtabmap.rgbd_odometry]: Odom: quality=168, std dev=0.000301m|0.008712rad, update time=0.095377s delay=0.167481s[0m
[rgbd_odometry-1] [0m[INFO] [1776442858.454606253] [rtabmap.rgbd_odometry]: Odom: quality=177, std dev=0.000111m|0.008712rad, update time=0.093751s delay=0.164847s[0m
[rgbd_odometry-1] [0m[INFO] [1776442858.589645082] [rtabmap.rgbd_odometry]: Odom: quality=171, std dev=0.000157m|0.012320rad, update time=0.092021s delay=0.166459s[0m
[rgbd_odometry-1] [0m[INFO] [1776442858.719444014] [rtabmap.rgbd_odometry]: Odom: quality=176, std dev=0.000131m|0.012320rad, update time=0.089522s delay=0.162832s[0m
[rtabmap-2] [0m[INFO] [1776442858.760138954] [rtabmap.rtabmap]: rtabmap (209): Rate=0.50s, Limit=0.000s, Conversion=0.0013s, RTAB-Map=0.0355s, Maps update=0.0001s pub=0.0016s delay=0.2035s (local map=1, WM=1)[0m
[rgbd_odometry-1] [0m[INFO] [1776442858.850328866] [rtabmap.rgbd_odometry]: Odom: quality=168, std dev=0.000920m|0.018867rad, update time=0.090553s delay=0.160287s[0m
[rgbd_odometry-1] [0m[INFO] [1776442858.985536435] [rtabmap.rgbd_odometry]: Odom: quality=178, std dev=0.000243m|0.018867rad, update time=0.092608s delay=0.162066s[0m
[rgbd_odometry-1] [0m[INFO] [1776442859.114813369] [rtabmap.rgbd_odometry]: Odom: quality=177, std dev=0.000112m|0.010360rad, update time=0.088495s delay=0.157914s[0m
[rgbd_odometry-1] [0m[INFO] [1776442859.246864623] [rtabmap.rgbd_odometry]: Odom: quality=170, std dev=0.000905m|0.035888rad, update time=0.087526s delay=0.156533s[0m
[rtabmap-2] [0m[INFO] [1776442859.318070240] [rtabmap.rtabmap]: rtabmap (210): Rate=0.50s, Limit=0.000s, Conversion=0.0028s, RTAB-Map=0.0642s, Maps update=0.0001s pub=0.0015s delay=0.2277s (local map=1, WM=1)[0m
[rgbd_odometry-1] [0m[INFO] [1776442859.385913808] [rtabmap.rgbd_odometry]: Odom: quality=166, std dev=0.000114m|0.013027rad, update time=0.091542s delay=0.162156s[0m
[rgbd_odometry-1] [0m[INFO] [1776442859.516949928] [rtabmap.rgbd_odometry]: Odom: quality=184, std dev=0.000383m|0.017423rad, update time=0.090755s delay=0.159760s[0m
[rgbd_odometry-1] [0m[INFO] [1776442859.659109251] [rtabmap.rgbd_odometry]: Odom: quality=169, std dev=0.000711m|0.018188rad, update time=0.096713s delay=0.168491s[0m
[rgbd_odometry-1] [0m[INFO] [1776442859.789494345] [rtabmap.rgbd_odometry]: Odom: quality=176, std dev=0.000137m|0.010360rad, update time=0.091905s delay=0.165448s[0m
[rtabmap-2] [0m[INFO] [1776442859.824447647] [rtabmap.rtabmap]: rtabmap (211): Rate=0.50s, Limit=0.000s, Conversion=0.0013s, RTAB-Map=0.0307s, Maps update=0.0001s pub=0.0014s delay=0.2004s (local map=1, WM=1)[0m
[rgbd_odometry-1] [0m[INFO] [1776442859.940964978] [rtabmap.rgbd_odometry]: Odom: quality=178, std dev=0.000767m|0.030788rad, update time=0.108609s delay=0.183491s[0m
[rgbd_odometry-1] [0m[INFO] [1776442860.066527212] [rtabmap.rgbd_odometry]: Odom: quality=169, std dev=0.000132m|0.010360rad, update time=0.099602s delay=0.175626s[0m
[rgbd_odometry-1] [0m[INFO] [1776442860.201615642] [rtabmap.rgbd_odometry]: Odom: quality=175, std dev=0.000274m|0.010360rad, update time=0.103813s delay=0.177287s[0m
[rgbd_odometry-1] [0m[INFO] [1776442860.339491737] [rtabmap.rgbd_odometry]: Odom: quality=163, std dev=0.000163m|0.014651rad, update time=0.105842s delay=0.181736s[0m
[rtabmap-2] [0m[INFO] [1776442860.395997472] [rtabmap.rtabmap]: rtabmap (212): Rate=0.50s, Limit=0.000s, Conversion=0.0022s, RTAB-Map=0.0508s, Maps update=0.0001s pub=0.0013s delay=0.2382s (local map=1, WM=1)[0m
[rgbd_odometry-1] [0m[INFO] [1776442860.461284166] [rtabmap.rgbd_odometry]: Odom: quality=172, std dev=0.000218m|0.019480rad, update time=0.094794s delay=0.170101s[0m
[rgbd_odometry-1] [0m[INFO] [1776442860.586994788] [rtabmap.rgbd_odometry]: Odom: quality=180, std dev=0.000410m|0.015492rad, update time=0.088904s delay=0.162383s[0m
[rgbd_odometry-1] [0m[INFO] [1776442860.716158822] [rtabmap.rgbd_odometry]: Odom: quality=180, std dev=0.000269m|0.011465rad, update time=0.088364s delay=0.158117s[0m
[rgbd_odometry-1] [0m[INFO] [1776442860.847745807] [rtabmap.rgbd_odometry]: Odom: quality=175, std dev=0.000223m|0.018867rad, update time=0.087200s delay=0.156276s[0m
[rtabmap-2] [0m[INFO] [1776442860.896881248] [rtabmap.rtabmap]: rtabmap (213): Rate=0.50s, Limit=0.000s, Conversion=0.0014s, RTAB-Map=0.0450s, Maps update=0.0001s pub=0.0013s delay=0.2054s (local map=1, WM=1)[0m
[rgbd_odometry-1] [0m[INFO] [1776442860.986631371] [rtabmap.rgbd_odometry]: Odom: quality=176, std dev=0.000177m|0.000173rad, update time=0.091518s delay=0.161736s[0m
[rgbd_odometry-1] [0m[INFO] [1776442861.118077744] [rtabmap.rgbd_odometry]: Odom: quality=158, std dev=0.000653m|0.021770rad, update time=0.089593s delay=0.159755s[0m
[rgbd_odometry-1] [0m[INFO] [1776442861.252147873] [rtabmap.rgbd_odometry]: Odom: quality=177, std dev=0.001301m|0.027269rad, update time=0.089304s delay=0.160396s[0m
[rgbd_odometry-1] [0m[INFO] [1776442861.386800547] [rtabmap.rgbd_odometry]: Odom: quality=185, std dev=0.000254m|0.014651rad, update time=0.089049s delay=0.161622s[0m
[rtabmap-2] [0m[INFO] [1776442861.434811219] [rtabmap.rtabmap]: rtabmap (214): Rate=0.50s, Limit=0.000s, Conversion=0.0020s, RTAB-Map=0.0424s, Maps update=0.0001s pub=0.0013s delay=0.2096s (local map=1, WM=1)[0m
[rgbd_odometry-1] [0m[INFO] [1776442861.521270239] [rtabmap.rgbd_odometry]: Odom: quality=167, std dev=0.000753m|0.023166rad, update time=0.092034s delay=0.162665s[0m
[rgbd_odometry-1] [0m[INFO] [1776442861.649084314] [rtabmap.rgbd_odometry]: Odom: quality=177, std dev=0.000185m|0.015089rad, update time=0.087263s delay=0.157051s[0m
[rgbd_odometry-1] [0m[INFO] [1776442861.784376110] [rtabmap.rgbd_odometry]: Odom: quality=180, std dev=0.000246m|0.020720rad, update time=0.088723s delay=0.158918s[0m
[rgbd_odometry-1] [0m[INFO] [1776442861.919103218] [rtabmap.rgbd_odometry]: Odom: quality=172, std dev=0.000372m|0.018423rad, update time=0.090521s delay=0.160214s[0m
[rtabmap-2] [0m[INFO] [1776442861.962368761] [rtabmap.rtabmap]: rtabmap (215): Rate=0.50s, Limit=0.000s, Conversion=0.0019s, RTAB-Map=0.0366s, Maps update=0.0001s pub=0.0028s delay=0.2035s (local map=1, WM=1)[0m
[rgbd_odometry-1] [0m[INFO] [1776442862.055483686] [rtabmap.rgbd_odometry]: Odom: quality=166, std dev=0.000218m|0.008712rad, update time=0.092859s delay=0.163169s[0m
[rgbd_odometry-1] [0m[INFO] [1776442862.185349021] [rtabmap.rgbd_odometry]: Odom: quality=170, std dev=0.000899m|0.027549rad, update time=0.089931s delay=0.159606s[0m
[rgbd_odometry-1] [0m[INFO] [1776442862.316023179] [rtabmap.rgbd_odometry]: Odom: quality=168, std dev=0.000121m|0.010360rad, update time=0.087569s delay=0.156853s[0m
[rgbd_odometry-1] [0m[INFO] [1776442862.450587371] [rtabmap.rgbd_odometry]: Odom: quality=173, std dev=0.001266m|0.029245rad, update time=0.088084s delay=0.157991s[0m
[rtabmap-2] [0m[INFO] [1776442862.497407705] [rtabmap.rtabmap]: rtabmap (216): Rate=0.50s, Limit=0.000s, Conversion=0.0018s, RTAB-Map=0.0422s, Maps update=0.0001s pub=0.0012s delay=0.2048s (local map=1, WM=1)[0m
[rgbd_odometry-1] [0m[INFO] [1776442862.587396203] [rtabmap.rgbd_odometry]: Odom: quality=172, std dev=0.000326m|0.013634rad, update time=0.088698s delay=0.161373s[0m
[rgbd_odometry-1] [0m[INFO] [1776442862.719214619] [rtabmap.rgbd_odometry]: Odom: quality=178, std dev=0.000381m|0.024041rad, update time=0.090105s delay=0.159765s[0m
[rgbd_odometry-1] [0m[INFO] [1776442862.853284684] [rtabmap.rgbd_odometry]: Odom: quality=182, std dev=0.000522m|0.025288rad, update time=0.090065s delay=0.160405s[0m
[rgbd_odometry-1] [0m[INFO] [1776442862.988068913] [rtabmap.rgbd_odometry]: Odom: quality=180, std dev=0.000153m|0.013027rad, update time=0.089984s delay=0.161761s[0m
[rtabmap-2] [0m[INFO] [1776442863.024275787] [rtabmap.rtabmap]: rtabmap (217): Rate=0.50s, Limit=0.000s, Conversion=0.0013s, RTAB-Map=0.0323s, Maps update=0.0001s pub=0.0012s delay=0.1980s (local map=1, WM=1)[0m
[rgbd_odometry-1] [0m[INFO] [1776442863.126762408] [rtabmap.rgbd_odometry]: Odom: quality=183, std dev=0.000163m|0.000173rad, update time=0.092891s delay=0.167028s[0m
[rgbd_odometry-1] [0m[INFO] [1776442863.254870444] [rtabmap.rgbd_odometry]: Odom: quality=177, std dev=0.000256m|0.014651rad, update time=0.090209s delay=0.161705s[0m
[rgbd_odometry-1] [0m[INFO] [1776442863.388082277] [rtabmap.rgbd_odometry]: Odom: quality=183, std dev=0.000556m|0.026135rad, update time=0.090028s delay=0.161489s[0m
[rgbd_odometry-1] [0m[INFO] [1776442863.519803025] [rtabmap.rgbd_odometry]: Odom: quality=180, std dev=0.000162m|0.011465rad, update time=0.086623s delay=0.159783s[0m
[rtabmap-2] [0m[INFO] [1776442863.557161997] [rtabmap.rtabmap]: rtabmap (218): Rate=0.50s, Limit=0.000s, Conversion=0.0013s, RTAB-Map=0.0332s, Maps update=0.0001s pub=0.0012s delay=0.1972s (local map=1, WM=1)[0m
[rgbd_odometry-1] [0m[INFO] [1776442863.659843664] [rtabmap.rgbd_odometry]: Odom: quality=176, std dev=0.000310m|0.008712rad, update time=0.093781s delay=0.166395s[0m
[rgbd_odometry-1] [0m[INFO] [1776442863.784523024] [rtabmap.rgbd_odometry]: Odom: quality=183, std dev=0.000234m|0.000173rad, update time=0.086083s delay=0.157646s[0m
[rgbd_odometry-1] [0m[INFO] [1776442863.922194442] [rtabmap.rgbd_odometry]: Odom: quality=189, std dev=0.000138m|0.010360rad, update time=0.091056s delay=0.161887s[0m
[rgbd_odometry-1] [0m[INFO] [1776442864.057789799] [rtabmap.rgbd_odometry]: Odom: quality=175, std dev=0.000176m|0.013634rad, update time=0.093499s delay=0.164054s[0m
[rtabmap-2] [0m[INFO] [1776442864.114401681] [rtabmap.rtabmap]: rtabmap (219): Rate=0.50s, Limit=0.000s, Conversion=0.0022s, RTAB-Map=0.0505s, Maps update=0.0001s pub=0.0017s delay=0.2207s (local map=1, WM=1)[0m
[rgbd_odometry-1] [0m[INFO] [1776442864.192006717] [rtabmap.rgbd_odometry]: Odom: quality=180, std dev=0.000465m|0.016214rad, update time=0.092756s delay=0.164845s[0m
[rgbd_odometry-1] [0m[INFO] [1776442864.318734105] [rtabmap.rgbd_odometry]: Odom: quality=181, std dev=0.000137m|0.010360rad, update time=0.088551s delay=0.158143s[0m
[rgbd_odometry-1] [0m[INFO] [1776442864.455999847] [rtabmap.rgbd_odometry]: Odom: quality=171, std dev=0.000199m|0.017423rad, update time=0.092432s delay=0.161979s[0m
[rgbd_odometry-1] [0m[INFO] [1776442864.579307136] [rtabmap.rgbd_odometry]: Odom: quality=190, std dev=0.000131m|0.011465rad, update time=0.082409s delay=0.151857s[0m
[rtabmap-2] [0m[INFO] [1776442864.612248475] [rtabmap.rtabmap]: rtabmap (220): Rate=0.50s, Limit=0.000s, Conversion=0.0016s, RTAB-Map=0.0289s, Maps update=0.0001s pub=0.0012s delay=0.1848s (local map=1, WM=1)[0m
[rgbd_odometry-1] [0m[INFO] [1776442864.725162567] [rtabmap.rgbd_odometry]: Odom: quality=179, std dev=0.000309m|0.008712rad, update time=0.093742s delay=0.164283s[0m
[rgbd_odometry-1] [0m[INFO] [1776442864.855148673] [rtabmap.rgbd_odometry]: Odom: quality=186, std dev=0.000122m|0.010360rad, update time=0.091155s delay=0.160840s[0m
[rgbd_odometry-1] [0m[INFO] [1776442864.990191887] [rtabmap.rgbd_odometry]: Odom: quality=174, std dev=0.000581m|0.031731rad, update time=0.092313s delay=0.162452s[0m
[rgbd_odometry-1] [0m[INFO] [1776442865.118887268] [rtabmap.rgbd_odometry]: Odom: quality=181, std dev=0.000367m|0.016214rad, update time=0.088266s delay=0.157718s[0m
[rtabmap-2] [0m[INFO] [1776442865.156957300] [rtabmap.rtabmap]: rtabmap (221): Rate=0.50s, Limit=0.000s, Conversion=0.0014s, RTAB-Map=0.0337s, Maps update=0.0001s pub=0.0013s delay=0.1958s (local map=1, WM=1)[0m
[rgbd_odometry-1] [0m[INFO] [1776442865.258329841] [rtabmap.rgbd_odometry]: Odom: quality=180, std dev=0.000333m|0.019282rad, update time=0.094056s delay=0.163729s[0m
[rgbd_odometry-1] [0m[INFO] [1776442865.383547266] [rtabmap.rgbd_odometry]: Odom: quality=177, std dev=0.000404m|0.016851rad, update time=0.085282s delay=0.155517s[0m
[rgbd_odometry-1] [0m[INFO] [1776442865.520101467] [rtabmap.rgbd_odometry]: Odom: quality=180, std dev=0.000120m|0.012320rad, update time=0.088228s delay=0.158639s[0m
[rgbd_odometry-1] [0m[INFO] [1776442865.655572405] [rtabmap.rgbd_odometry]: Odom: quality=176, std dev=0.000101m|0.008712rad, update time=0.089642s delay=0.160681s[0m
[rtabmap-2] [0m[INFO] [1776442865.708567926] [rtabmap.rtabmap]: rtabmap (222): Rate=0.50s, Limit=0.000s, Conversion=0.0028s, RTAB-Map=0.0464s, Maps update=0.0001s pub=0.0013s delay=0.2137s (local map=1, WM=1)[0m
[rgbd_odometry-1] [0m[INFO] [1776442865.789829676] [rtabmap.rgbd_odometry]: Odom: quality=167, std dev=0.000116m|0.010360rad, update time=0.089575s delay=0.161508s[0m
[rgbd_odometry-1] [0m[INFO] [1776442865.919234102] [rtabmap.rgbd_odometry]: Odom: quality=181, std dev=0.000219m|0.017423rad, update time=0.088342s delay=0.157485s[0m
[rgbd_odometry-1] [0m[INFO] [1776442866.055021881] [rtabmap.rgbd_odometry]: Odom: quality=185, std dev=0.000299m|0.013634rad, update time=0.089291s delay=0.159844s[0m
[rgbd_odometry-1] [0m[INFO] [1776442866.187871303] [rtabmap.rgbd_odometry]: Odom: quality=177, std dev=0.001797m|0.031776rad, update time=0.090073s delay=0.159264s[0m
[rtabmap-2] [0m[INFO] [1776442866.229067890] [rtabmap.rtabmap]: rtabmap (223): Rate=0.50s, Limit=0.000s, Conversion=0.0016s, RTAB-Map=0.0363s, Maps update=0.0001s pub=0.0013s delay=0.2005s (local map=1, WM=1)[0m
[rgbd_odometry-1] [0m[INFO] [1776442866.325862666] [rtabmap.rgbd_odometry]: Odom: quality=166, std dev=0.000919m|0.021630rad, update time=0.092616s delay=0.163826s[0m
[rgbd_odometry-1] [0m[INFO] [1776442866.459287017] [rtabmap.rgbd_odometry]: Odom: quality=161, std dev=0.001417m|0.028149rad, update time=0.091764s delay=0.163822s[0m
[rgbd_odometry-1] [0m[INFO] [1776442866.589366022] [rtabmap.rgbd_odometry]: Odom: quality=177, std dev=0.000182m|0.013027rad, update time=0.088496s delay=0.160475s[0m
[rgbd_odometry-1] [0m[INFO] [1776442866.723521146] [rtabmap.rgbd_odometry]: Odom: quality=177, std dev=0.000267m|0.010360rad, update time=0.088240s delay=0.161200s[0m
[rtabmap-2] [0m[INFO] [1776442866.771072126] [rtabmap.rtabmap]: rtabmap (224): Rate=0.50s, Limit=0.000s, Conversion=0.0022s, RTAB-Map=0.0409s, Maps update=0.0001s pub=0.0014s delay=0.2088s (local map=1, WM=1)[0m
[rgbd_odometry-1] [0m[INFO] [1776442866.850661091] [rtabmap.rgbd_odometry]: Odom: quality=180, std dev=0.000211m|0.015492rad, update time=0.085591s delay=0.154912s[0m
[rgbd_odometry-1] [0m[INFO] [1776442866.987331359] [rtabmap.rgbd_odometry]: Odom: quality=181, std dev=0.000216m|0.013027rad, update time=0.087888s delay=0.158153s[0m
[rgbd_odometry-1] [0m[INFO] [1776442867.118620704] [rtabmap.rgbd_odometry]: Odom: quality=180, std dev=0.001045m|0.025972rad, update time=0.085286s delay=0.156014s[0m
[rgbd_odometry-1] [0m[INFO] [1776442867.259199791] [rtabmap.rgbd_odometry]: Odom: quality=181, std dev=0.000149m|0.014651rad, update time=0.092521s delay=0.163164s[0m
[rtabmap-2] [0m[INFO] [1776442867.304833083] [rtabmap.rtabmap]: rtabmap (225): Rate=0.50s, Limit=0.000s, Conversion=0.0022s, RTAB-Map=0.0402s, Maps update=0.0001s pub=0.0017s delay=0.2088s (local map=1, WM=1)[0m
[rgbd_odometry-1] [0m[INFO] [1776442867.395732808] [rtabmap.rgbd_odometry]: Odom: quality=173, std dev=0.000110m|0.008712rad, update time=0.096252s delay=0.166271s[0m
[rgbd_odometry-1] [0m[INFO] [1776442867.522832751] [rtabmap.rgbd_odometry]: Odom: quality=190, std dev=0.000235m|0.008712rad, update time=0.088442s delay=0.159938s[0m
[rgbd_odometry-1] [0m[INFO] [1776442867.661912626] [rtabmap.rgbd_odometry]: Odom: quality=171, std dev=0.000221m|0.014651rad, update time=0.095520s delay=0.165590s[0m
[rgbd_odometry-1] [0m[INFO] [1776442867.797699349] [rtabmap.rgbd_odometry]: Odom: quality=185, std dev=0.000290m|0.008712rad, update time=0.096172s delay=0.167949s[0m
[rtabmap-2] [0m[INFO] [1776442867.853824594] [rtabmap.rtabmap]: rtabmap (226): Rate=0.50s, Limit=0.000s, Conversion=0.0016s, RTAB-Map=0.0485s, Maps update=0.0001s pub=0.0041s delay=0.2241s (local map=1, WM=1)[0m
[rgbd_odometry-1] [0m[INFO] [1776442867.922717152] [rtabmap.rgbd_odometry]: Odom: quality=171, std dev=0.000149m|0.010360rad, update time=0.089023s delay=0.159540s[0m
[rgbd_odometry-1] [0m[INFO] [1776442868.056624173] [rtabmap.rgbd_odometry]: Odom: quality=175, std dev=0.000639m|0.018867rad, update time=0.090345s delay=0.160019s[0m
[rgbd_odometry-1] [0m[INFO] [1776442868.187995185] [rtabmap.rgbd_odometry]: Odom: quality=183, std dev=0.000416m|0.019480rad, update time=0.088831s delay=0.157960s[0m
[rgbd_odometry-1] [0m[INFO] [1776442868.322029601] [rtabmap.rgbd_odometry]: Odom: quality=177, std dev=0.001185m|0.024346rad, update time=0.088463s delay=0.158568s[0m
[rtabmap-2] [0m[INFO] [1776442868.363945153] [rtabmap.rtabmap]: rtabmap (227): Rate=0.50s, Limit=0.000s, Conversion=0.0020s, RTAB-Map=0.0337s, Maps update=0.0001s pub=0.0014s delay=0.2005s (local map=1, WM=1)[0m
[rgbd_odometry-1] [0m[INFO] [1776442868.474358277] [rtabmap.rgbd_odometry]: Odom: quality=169, std dev=0.000169m|0.010360rad, update time=0.102739s delay=0.177466s[0m
[rgbd_odometry-1] [0m[INFO] [1776442868.609663066] [rtabmap.rgbd_odometry]: Odom: quality=178, std dev=0.000509m|0.014651rad, update time=0.107952s delay=0.179348s[0m
[rgbd_odometry-1] [0m[INFO] [1776442868.723216632] [rtabmap.rgbd_odometry]: Odom: quality=181, std dev=0.000147m|0.011465rad, update time=0.088695s delay=0.159474s[0m
[rgbd_odometry-1] [0m[INFO] [1776442868.860546985] [rtabmap.rgbd_odometry]: Odom: quality=181, std dev=0.000420m|0.026054rad, update time=0.093377s delay=0.163377s[0m
[rtabmap-2] [0m[INFO] [1776442868.927010737] [rtabmap.rtabmap]: rtabmap (228): Rate=0.50s, Limit=0.000s, Conversion=0.0016s, RTAB-Map=0.0567s, Maps update=0.0001s pub=0.0058s delay=0.2298s (local map=1, WM=1)[0m
[rgbd_odometry-1] [0m[INFO] [1776442869.009852020] [rtabmap.rgbd_odometry]: Odom: quality=169, std dev=0.000609m|0.027753rad, update time=0.108497s delay=0.179252s[0m
[rgbd_odometry-1] [0m[INFO] [1776442869.137207075] [rtabmap.rgbd_odometry]: Odom: quality=175, std dev=0.000364m|0.014651rad, update time=0.104123s delay=0.173179s[0m
[rgbd_odometry-1] [0m[INFO] [1776442869.273755901] [rtabmap.rgbd_odometry]: Odom: quality=170, std dev=0.000287m|0.013634rad, update time=0.106669s delay=0.176301s[0m
[rgbd_odometry-1] [0m[INFO] [1776442869.391534006] [rtabmap.rgbd_odometry]: Odom: quality=178, std dev=0.000185m|0.015492rad, update time=0.091283s delay=0.160651s[0m
[rtabmap-2] [0m[INFO] [1776442869.431845512] [rtabmap.rtabmap]: rtabmap (229): Rate=0.50s, Limit=0.000s, Conversion=0.0022s, RTAB-Map=0.0316s, Maps update=0.0001s pub=0.0013s delay=0.2010s (local map=1, WM=1)[0m
[rgbd_odometry-1] [0m[INFO] [1776442869.525557895] [rtabmap.rgbd_odometry]: Odom: quality=180, std dev=0.000871m|0.024640rad, update time=0.091736s delay=0.161247s[0m
[rgbd_odometry-1] [0m[INFO] [1776442869.659141386] [rtabmap.rgbd_odometry]: Odom: quality=171, std dev=0.000106m|0.011465rad, update time=0.092176s delay=0.161403s[0m
[rgbd_odometry-1] [0m[INFO] [1776442869.793645385] [rtabmap.rgbd_odometry]: Odom: quality=182, std dev=0.000163m|0.000173rad, update time=0.092346s delay=0.162480s[0m
[rgbd_odometry-1] [0m[INFO] [1776442869.924669538] [rtabmap.rgbd_odometry]: Odom: quality=180, std dev=0.000410m|0.016214rad, update time=0.085280s delay=0.160076s[0m
[rtabmap-2] [0m[INFO] [1776442869.959380209] [rtabmap.rtabmap]: rtabmap (230): Rate=0.50s, Limit=0.000s, Conversion=0.0013s, RTAB-Map=0.0304s, Maps update=0.0001s pub=0.0012s delay=0.1948s (local map=1, WM=1)[0m
[rgbd_odometry-1] [0m[INFO] [1776442870.063810663] [rtabmap.rgbd_odometry]: Odom: quality=161, std dev=0.000377m|0.016214rad, update time=0.095701s delay=0.165790s[0m
[rgbd_odometry-1] [0m[INFO] [1776442870.191918668] [rtabmap.rgbd_odometry]: Odom: quality=190, std dev=0.000503m|0.021630rad, update time=0.090408s delay=0.160471s[0m
[rgbd_odometry-1] [0m[INFO] [1776442870.318848655] [rtabmap.rgbd_odometry]: Odom: quality=185, std dev=0.001422m|0.028403rad, update time=0.082629s delay=0.153972s[0m
[rgbd_odometry-1] [0m[INFO] [1776442870.457332129] [rtabmap.rgbd_odometry]: Odom: quality=182, std dev=0.000230m|0.014170rad, update time=0.088108s delay=0.159032s[0m
[rtabmap-2] [0m[INFO] [1776442870.514630911] [rtabmap.rtabmap]: rtabmap (231): Rate=0.50s, Limit=0.000s, Conversion=0.0019s, RTAB-Map=0.0504s, Maps update=0.0001s pub=0.0024s delay=0.2163s (local map=1, WM=1)[0m
[rgbd_odometry-1] [0m[INFO] [1776442870.597265149] [rtabmap.rgbd_odometry]: Odom: quality=186, std dev=0.000282m|0.016542rad, update time=0.095086s delay=0.165537s[0m
[rgbd_odometry-1] [0m[INFO] [1776442870.724873267] [rtabmap.rgbd_odometry]: Odom: quality=177, std dev=0.000158m|0.008712rad, update time=0.088024s delay=0.159717s[0m
[rgbd_odometry-1] [0m[INFO] [1776442870.857388152] [rtabmap.rgbd_odometry]: Odom: quality=171, std dev=0.000361m|0.015089rad, update time=0.089449s delay=0.158804s[0m
[rgbd_odometry-1] [0m[INFO] [1776442870.992342692] [rtabmap.rgbd_odometry]: Odom: quality=173, std dev=0.000150m|0.011465rad, update time=0.091069s delay=0.160330s[0m
[rtabmap-2] [0m[INFO] [1776442871.038528096] [rtabmap.rtabmap]: rtabmap (232): Rate=0.50s, Limit=0.000s, Conversion=0.0014s, RTAB-Map=0.0417s, Maps update=0.0001s pub=0.0013s delay=0.2065s (local map=1, WM=1)[0m
[rgbd_odometry-1] [0m[INFO] [1776442871.124692420] [rtabmap.rgbd_odometry]: Odom: quality=171, std dev=0.000667m|0.021770rad, update time=0.088140s delay=0.159250s[0m
[rgbd_odometry-1] [0m[INFO] [1776442871.255283697] [rtabmap.rgbd_odometry]: Odom: quality=177, std dev=0.000304m|0.014170rad, update time=0.086408s delay=0.156412s[0m
[rgbd_odometry-1] [0m[INFO] [1776442871.388339430] [rtabmap.rgbd_odometry]: Odom: quality=181, std dev=0.000119m|0.011465rad, update time=0.084777s delay=0.156042s[0m
[rgbd_odometry-1] [0m[INFO] [1776442871.525335373] [rtabmap.rgbd_odometry]: Odom: quality=164, std dev=0.000128m|0.008712rad, update time=0.087892s delay=0.159606s[0m
[rtabmap-2] [0m[INFO] [1776442871.576171856] [rtabmap.rtabmap]: rtabmap (233): Rate=0.50s, Limit=0.000s, Conversion=0.0019s, RTAB-Map=0.0429s, Maps update=0.0001s pub=0.0019s delay=0.2105s (local map=1, WM=1)[0m
[rgbd_odometry-1] [0m[INFO] [1776442871.658531429] [rtabmap.rgbd_odometry]: Odom: quality=165, std dev=0.000193m|0.010360rad, update time=0.088438s delay=0.159375s[0m
[rgbd_odometry-1] [0m[INFO] [1776442871.791431829] [rtabmap.rgbd_odometry]: Odom: quality=189, std dev=0.000318m|0.013634rad, update time=0.088941s delay=0.158848s[0m
[rgbd_odometry-1] [0m[INFO] [1776442871.924279044] [rtabmap.rgbd_odometry]: Odom: quality=188, std dev=0.000597m|0.016851rad, update time=0.088378s delay=0.158268s[0m
[rgbd_odometry-1] [0m[INFO] [1776442872.058921383] [rtabmap.rgbd_odometry]: Odom: quality=179, std dev=0.000132m|0.010360rad, update time=0.089023s delay=0.159484s[0m
[rtabmap-2] [0m[INFO] [1776442872.092071145] [rtabmap.rtabmap]: rtabmap (234): Rate=0.50s, Limit=0.000s, Conversion=0.0014s, RTAB-Map=0.0287s, Maps update=0.0004s pub=0.0012s delay=0.1926s (local map=1, WM=1)[0m
[rgbd_odometry-1] [0m[INFO] [1776442872.195537859] [rtabmap.rgbd_odometry]: Odom: quality=175, std dev=0.001984m|0.030639rad, update time=0.092834s delay=0.162673s[0m
[rgbd_odometry-1] [0m[INFO] [1776442872.324197240] [rtabmap.rgbd_odometry]: Odom: quality=166, std dev=0.000680m|0.034000rad, update time=0.086893s delay=0.157904s[0m
[rgbd_odometry-1] [0m[INFO] [1776442872.459023360] [rtabmap.rgbd_odometry]: Odom: quality=178, std dev=0.000228m|0.008712rad, update time=0.088709s delay=0.159302s[0m
[rgbd_odometry-1] [0m[INFO] [1776442872.597593781] [rtabmap.rgbd_odometry]: Odom: quality=166, std dev=0.000284m|0.010360rad, update time=0.094510s delay=0.164447s[0m
[rtabmap-2] [0m[INFO] [1776442872.637763970] [rtabmap.rtabmap]: rtabmap (235): Rate=0.50s, Limit=0.000s, Conversion=0.0018s, RTAB-Map=0.0335s, Maps update=0.0001s pub=0.0028s delay=0.2046s (local map=1, WM=1)[0m
[rgbd_odometry-1] [0m[INFO] [1776442872.728650512] [rtabmap.rgbd_odometry]: Odom: quality=178, std dev=0.000153m|0.010360rad, update time=0.091781s delay=0.162076s[0m
[rgbd_odometry-1] [0m[INFO] [1776442872.858345091] [rtabmap.rgbd_odometry]: Odom: quality=180, std dev=0.000668m|0.020216rad, update time=0.088223s delay=0.158341s[0m
[rgbd_odometry-1] [0m[INFO] [1776442872.997538698] [rtabmap.rgbd_odometry]: Odom: quality=168, std dev=0.001211m|0.020388rad, update time=0.094604s delay=0.164108s[0m
[rgbd_odometry-1] [0m[INFO] [1776442873.129393436] [rtabmap.rgbd_odometry]: Odom: quality=163, std dev=0.000387m|0.026135rad, update time=0.090060s delay=0.162536s[0m
[rtabmap-2] [0m[INFO] [1776442873.171294748] [rtabmap.rtabmap]: rtabmap (236): Rate=0.50s, Limit=0.000s, Conversion=0.0018s, RTAB-Map=0.0359s, Maps update=0.0001s pub=0.0014s delay=0.2044s (local map=1, WM=1)[0m
[rgbd_odometry-1] [0m[INFO] [1776442873.260213488] [rtabmap.rgbd_odometry]: Odom: quality=179, std dev=0.000225m|0.012320rad, update time=0.087594s delay=0.159928s[0m
[rgbd_odometry-1] [0m[INFO] [1776442873.395347553] [rtabmap.rgbd_odometry]: Odom: quality=172, std dev=0.000996m|0.025017rad, update time=0.091443s delay=0.161634s[0m
[rgbd_odometry-1] [0m[INFO] [1776442873.524433315] [rtabmap.rgbd_odometry]: Odom: quality=192, std dev=0.000330m|0.013027rad, update time=0.086851s delay=0.157295s[0m
[rgbd_odometry-1] [0m[INFO] [1776442873.657303346] [rtabmap.rgbd_odometry]: Odom: quality=175, std dev=0.000940m|0.032679rad, update time=0.087195s delay=0.156736s[0m
[rtabmap-2] [0m[INFO] [1776442873.692141157] [rtabmap.rtabmap]: rtabmap (237): Rate=0.50s, Limit=0.000s, Conversion=0.0018s, RTAB-Map=0.0304s, Maps update=0.0001s pub=0.0011s delay=0.1916s (local map=1, WM=1)[0m
[rgbd_odometry-1] [0m[INFO] [1776442873.798552853] [rtabmap.rgbd_odometry]: Odom: quality=172, std dev=0.000104m|0.010360rad, update time=0.094542s delay=0.164559s[0m
[rgbd_odometry-1] [0m[INFO] [1776442873.930539147] [rtabmap.rgbd_odometry]: Odom: quality=172, std dev=0.000305m|0.016851rad, update time=0.090990s delay=0.163117s[0m
[rgbd_odometry-1] [0m[INFO] [1776442874.059575275] [rtabmap.rgbd_odometry]: Odom: quality=161, std dev=0.000204m|0.000173rad, update time=0.087730s delay=0.158728s[0m
[rgbd_odometry-1] [0m[INFO] [1776442874.194218190] [rtabmap.rgbd_odometry]: Odom: quality=156, std dev=0.000194m|0.008712rad, update time=0.089112s delay=0.159944s[0m
[rtabmap-2] [0m[INFO] [1776442874.238527924] [rtabmap.rtabmap]: rtabmap (238): Rate=0.50s, Limit=0.000s, Conversion=0.0020s, RTAB-Map=0.0390s, Maps update=0.0001s pub=0.0014s delay=0.2043s (local map=1, WM=1)[0m
[rgbd_odometry-1] [0m[INFO] [1776442874.336612018] [rtabmap.rgbd_odometry]: Odom: quality=171, std dev=0.000168m|0.013634rad, update time=0.098531s delay=0.168908s[0m
[rgbd_odometry-1] [0m[INFO] [1776442874.463105608] [rtabmap.rgbd_odometry]: Odom: quality=165, std dev=0.000841m|0.017423rad, update time=0.090445s delay=0.161976s[0m
[rgbd_odometry-1] [0m[INFO] [1776442874.595663695] [rtabmap.rgbd_odometry]: Odom: quality=180, std dev=0.001106m|0.018867rad, update time=0.090526s delay=0.161105s[0m
[rgbd_odometry-1] [0m[INFO] [1776442874.732169032] [rtabmap.rgbd_odometry]: Odom: quality=179, std dev=0.000795m|0.020556rad, update time=0.093315s delay=0.164186s[0m
[rtabmap-2] [0m[INFO] [1776442874.768788783] [rtabmap.rtabmap]: rtabmap (239): Rate=0.50s, Limit=0.000s, Conversion=0.0014s, RTAB-Map=0.0323s, Maps update=0.0001s pub=0.0014s delay=0.2008s (local map=1, WM=1)[0m
[rgbd_odometry-1] [0m[INFO] [1776442874.868377369] [rtabmap.rgbd_odometry]: Odom: quality=178, std dev=0.000253m|0.010360rad, update time=0.092479s delay=0.166967s[0m
[rgbd_odometry-1] [0m[INFO] [1776442875.001929308] [rtabmap.rgbd_odometry]: Odom: quality=168, std dev=0.000103m|0.008712rad, update time=0.093931s delay=0.167091s[0m
[rgbd_odometry-1] [0m[INFO] [1776442875.137006540] [rtabmap.rgbd_odometry]: Odom: quality=180, std dev=0.000104m|0.011465rad, update time=0.095521s delay=0.168737s[0m
[rgbd_odometry-1] [0m[INFO] [1776442875.262762445] [rtabmap.rgbd_odometry]: Odom: quality=172, std dev=0.000532m|0.031080rad, update time=0.089495s delay=0.161066s[0m
[rtabmap-2] [0m[INFO] [1776442875.300106217] [rtabmap.rtabmap]: rtabmap (240): Rate=0.50s, Limit=0.000s, Conversion=0.0016s, RTAB-Map=0.0332s, Maps update=0.0001s pub=0.0013s delay=0.1984s (local map=1, WM=1)[0m
[rgbd_odometry-1] [0m[INFO] [1776442875.399380874] [rtabmap.rgbd_odometry]: Odom: quality=167, std dev=0.000569m|0.030689rad, update time=0.092097s delay=0.164256s[0m
[rgbd_odometry-1] [0m[INFO] [1776442875.530867473] [rtabmap.rgbd_odometry]: Odom: quality=168, std dev=0.000686m|0.020040rad, update time=0.092400s delay=0.162313s[0m
[rgbd_odometry-1] [0m[INFO] [1776442875.663749313] [rtabmap.rgbd_odometry]: Odom: quality=166, std dev=0.000171m|0.011465rad, update time=0.091849s delay=0.161766s[0m
[rgbd_odometry-1] [0m[INFO] [1776442875.796325800] [rtabmap.rgbd_odometry]: Odom: quality=173, std dev=0.000110m|0.010360rad, update time=0.091113s delay=0.160916s[0m
[rtabmap-2] [0m[INFO] [1776442875.836677435] [rtabmap.rtabmap]: rtabmap (241): Rate=0.50s, Limit=0.000s, Conversion=0.0017s, RTAB-Map=0.0348s, Maps update=0.0001s pub=0.0022s delay=0.2013s (local map=1, WM=1)[0m
[rgbd_odometry-1] [0m[INFO] [1776442875.934053285] [rtabmap.rgbd_odometry]: Odom: quality=187, std dev=0.000131m|0.013634rad, update time=0.092273s delay=0.165217s[0m
[rgbd_odometry-1] [0m[INFO] [1776442876.068634759] [rtabmap.rgbd_odometry]: Odom: quality=172, std dev=0.000121m|0.012320rad, update time=0.092577s delay=0.166369s[0m
[rgbd_odometry-1] [0m[INFO] [1776442876.210618623] [rtabmap.rgbd_odometry]: Odom: quality=174, std dev=0.000174m|0.000173rad, update time=0.100739s delay=0.174927s[0m
[rgbd_odometry-1] [0m[INFO] [1776442876.328418969] [rtabmap.rgbd_odometry]: Odom: quality=165, std dev=0.000372m|0.015492rad, update time=0.087603s delay=0.159301s[0m
[rtabmap-2] [0m[INFO] [1776442876.361311988] [rtabmap.rtabmap]: rtabmap (242): Rate=0.50s, Limit=0.000s, Conversion=0.0015s, RTAB-Map=0.0287s, Maps update=0.0001s pub=0.0013s delay=0.1922s (local map=1, WM=1)[0m
[rgbd_odometry-1] [0m[INFO] [1776442876.470310991] [rtabmap.rgbd_odometry]: Odom: quality=165, std dev=0.000153m|0.010360rad, update time=0.097166s delay=0.167765s[0m
[rgbd_odometry-1] [0m[INFO] [1776442876.595866251] [rtabmap.rgbd_odometry]: Odom: quality=167, std dev=0.000128m|0.010360rad, update time=0.089600s delay=0.159894s[0m
[rgbd_odometry-1] [0m[INFO] [1776442876.729755256] [rtabmap.rgbd_odometry]: Odom: quality=164, std dev=0.000343m|0.013027rad, update time=0.089364s delay=0.160355s[0m
[rgbd_odometry-1] [0m[INFO] [1776442876.865044494] [rtabmap.rgbd_odometry]: Odom: quality=166, std dev=0.000183m|0.013027rad, update time=0.090389s delay=0.162218s[0m
[rtabmap-2] [0m[INFO] [1776442876.930831331] [rtabmap.rtabmap]: rtabmap (243): Rate=0.50s, Limit=0.000s, Conversion=0.0024s, RTAB-Map=0.0572s, Maps update=0.0001s pub=0.0012s delay=0.2280s (local map=1, WM=1)[0m
[rgbd_odometry-1] [0m[INFO] [1776442877.004893353] [rtabmap.rgbd_odometry]: Odom: quality=180, std dev=0.000109m|0.011465rad, update time=0.099573s delay=0.168639s[0m
[rgbd_odometry-1] [0m[INFO] [1776442877.127161509] [rtabmap.rgbd_odometry]: Odom: quality=187, std dev=0.000393m|0.015492rad, update time=0.087541s delay=0.157481s[0m
[rgbd_odometry-1] [0m[INFO] [1776442877.258977174] [rtabmap.rgbd_odometry]: Odom: quality=178, std dev=0.000250m|0.010360rad, update time=0.086338s delay=0.155869s[0m
[rgbd_odometry-1] [0m[INFO] [1776442877.397224290] [rtabmap.rgbd_odometry]: Odom: quality=173, std dev=0.000297m|0.013634rad, update time=0.090012s delay=0.160688s[0m
[rtabmap-2] [0m[INFO] [1776442877.434756644] [rtabmap.rtabmap]: rtabmap (244): Rate=0.50s, Limit=0.000s, Conversion=0.0018s, RTAB-Map=0.0322s, Maps update=0.0001s pub=0.0018s delay=0.1982s (local map=1, WM=1)[0m
[rgbd_odometry-1] [0m[INFO] [1776442877.530580448] [rtabmap.rgbd_odometry]: Odom: quality=176, std dev=0.000894m|0.026295rad, update time=0.090272s delay=0.160618s[0m
[rgbd_odometry-1] [0m[INFO] [1776442877.663774426] [rtabmap.rgbd_odometry]: Odom: quality=176, std dev=0.000253m|0.014651rad, update time=0.090324s delay=0.160386s[0m
[rgbd_odometry-1] [0m[INFO] [1776442877.796790958] [rtabmap.rgbd_odometry]: Odom: quality=180, std dev=0.000185m|0.000173rad, update time=0.088574s delay=0.159974s[0m
[rgbd_odometry-1] [0m[INFO] [1776442877.932586451] [rtabmap.rgbd_odometry]: Odom: quality=186, std dev=0.000115m|0.008712rad, update time=0.090986s delay=0.162343s[0m
[rtabmap-2] [0m[INFO] [1776442877.971175603] [rtabmap.rtabmap]: rtabmap (245): Rate=0.50s, Limit=0.000s, Conversion=0.0022s, RTAB-Map=0.0329s, Maps update=0.0001s pub=0.0013s delay=0.2009s (local map=1, WM=1)[0m
[rgbd_odometry-1] [0m[INFO] [1776442878.069427286] [rtabmap.rgbd_odometry]: Odom: quality=172, std dev=0.000124m|0.011465rad, update time=0.094291s delay=0.165756s[0m
[rgbd_odometry-1] [0m[INFO] [1776442878.197100976] [rtabmap.rgbd_odometry]: Odom: quality=172, std dev=0.000359m|0.017944rad, update time=0.090178s delay=0.160003s[0m
[rgbd_odometry-1] [0m[INFO] [1776442878.330463182] [rtabmap.rgbd_odometry]: Odom: quality=177, std dev=0.000223m|0.010360rad, update time=0.088526s delay=0.159939s[0m
[rgbd_odometry-1] [0m[INFO] [1776442878.461558827] [rtabmap.rgbd_odometry]: Odom: quality=176, std dev=0.000197m|0.015865rad, update time=0.086533s delay=0.157605s[0m
[rtabmap-2] [0m[INFO] [1776442878.532415283] [rtabmap.rtabmap]: rtabmap (246): Rate=0.50s, Limit=0.000s, Conversion=0.0027s, RTAB-Map=0.0634s, Maps update=0.0001s pub=0.0022s delay=0.2285s (local map=1, WM=1)[0m
[rgbd_odometry-1] [0m[INFO] [1776442878.605954441] [rtabmap.rgbd_odometry]: Odom: quality=168, std dev=0.000205m|0.012320rad, update time=0.096233s delay=0.168573s[0m
[rgbd_odometry-1] [0m[INFO] [1776442878.732871276] [rtabmap.rgbd_odometry]: Odom: quality=177, std dev=0.000155m|0.008712rad, update time=0.092492s delay=0.162065s[0m
[rgbd_odometry-1] [0m[INFO] [1776442878.861223001] [rtabmap.rgbd_odometry]: Odom: quality=179, std dev=0.000148m|0.000173rad, update time=0.087015s delay=0.156988s[0m
[rgbd_odometry-1] [0m[INFO] [1776442879.002433948] [rtabmap.rgbd_odometry]: Odom: quality=174, std dev=0.000780m|0.032428rad, update time=0.092311s delay=0.164772s[0m
[rtabmap-2] [0m[INFO] [1776442879.035651232] [rtabmap.rtabmap]: rtabmap (247): Rate=0.50s, Limit=0.000s, Conversion=0.0015s, RTAB-Map=0.0290s, Maps update=0.0001s pub=0.0012s delay=0.1980s (local map=1, WM=1)[0m
[rgbd_odometry-1] [0m[INFO] [1776442879.128883505] [rtabmap.rgbd_odometry]: Odom: quality=173, std dev=0.000213m|0.008712rad, update time=0.087482s delay=0.157796s[0m
[rgbd_odometry-1] [0m[INFO] [1776442879.264092614] [rtabmap.rgbd_odometry]: Odom: quality=186, std dev=0.000236m|0.015492rad, update time=0.088926s delay=0.159576s[0m
[rgbd_odometry-1] [0m[INFO] [1776442879.397884881] [rtabmap.rgbd_odometry]: Odom: quality=179, std dev=0.000427m|0.014170rad, update time=0.090376s delay=0.159942s[0m
[rgbd_odometry-1] [0m[INFO] [1776442879.544991934] [rtabmap.rgbd_odometry]: Odom: quality=171, std dev=0.000834m|0.032843rad, update time=0.102764s delay=0.173621s[0m
[rtabmap-2] [0m[INFO] [1776442879.581677415] [rtabmap.rtabmap]: rtabmap (248): Rate=0.50s, Limit=0.000s, Conversion=0.0016s, RTAB-Map=0.0324s, Maps update=0.0001s pub=0.0013s delay=0.2103s (local map=1, WM=1)[0m
[rgbd_odometry-1] [0m[INFO] [1776442879.687569416] [rtabmap.rgbd_odometry]: Odom: quality=174, std dev=0.000386m|0.014651rad, update time=0.113710s delay=0.182772s[0m
[rgbd_odometry-1] [0m[INFO] [1776442879.813799512] [rtabmap.rgbd_odometry]: Odom: quality=169, std dev=0.000292m|0.008712rad, update time=0.105705s delay=0.175494s[0m
[rgbd_odometry-1] [0m[INFO] [1776442879.942756342] [rtabmap.rgbd_odometry]: Odom: quality=165, std dev=0.000829m|0.022178rad, update time=0.101497s delay=0.170862s[0m
[rgbd_odometry-1] [0m[INFO] [1776442880.073828722] [rtabmap.rgbd_odometry]: Odom: quality=182, std dev=0.000280m|0.014651rad, update time=0.098308s delay=0.168343s[0m
[rtabmap-2] [0m[INFO] [1776442880.114369771] [rtabmap.rtabmap]: rtabmap (249): Rate=0.50s, Limit=0.000s, Conversion=0.0014s, RTAB-Map=0.0319s, Maps update=0.0001s pub=0.0055s delay=0.2089s (local map=1, WM=1)[0m
[rgbd_odometry-1] [0m[INFO] [1776442880.200943388] [rtabmap.rgbd_odometry]: Odom: quality=182, std dev=0.000106m|0.013027rad, update time=0.090871s delay=0.161858s[0m
[rgbd_odometry-1] [0m[INFO] [1776442880.330027422] [rtabmap.rgbd_odometry]: Odom: quality=187, std dev=0.000101m|0.008712rad, update time=0.088834s delay=0.157341s[0m
[rgbd_odometry-1] [0m[INFO] [1776442880.463882699] [rtabmap.rgbd_odometry]: Odom: quality=176, std dev=0.000217m|0.000173rad, update time=0.087275s delay=0.157590s[0m
[rgbd_odometry-1] [0m[INFO] [1776442880.586628790] [rtabmap.rgbd_odometry]: Odom: quality=166, std dev=0.000454m|0.021339rad, update time=0.077630s delay=0.146725s[0m
[rtabmap-2] [0m[INFO] [1776442880.623004789] [rtabmap.rtabmap]: rtabmap (250): Rate=0.50s, Limit=0.000s, Conversion=0.0017s, RTAB-Map=0.0319s, Maps update=0.0001s pub=0.0014s delay=0.1831s (local map=1, WM=1)[0m
[rgbd_odometry-1] [0m[INFO] [1776442880.735927875] [rtabmap.rgbd_odometry]: Odom: quality=182, std dev=0.000129m|0.011465rad, update time=0.093023s delay=0.162411s[0m
[rgbd_odometry-1] [0m[INFO] [1776442880.865658232] [rtabmap.rgbd_odometry]: Odom: quality=158, std dev=0.001206m|0.029750rad, update time=0.090311s delay=0.158722s[0m
[rgbd_odometry-1] [0m[INFO] [1776442880.998496615] [rtabmap.rgbd_odometry]: Odom: quality=169, std dev=0.000803m|0.034036rad, update time=0.088376s delay=0.158143s[0m
[rgbd_odometry-1] [0m[INFO] [1776442881.132620732] [rtabmap.rgbd_odometry]: Odom: quality=180, std dev=0.000772m|0.023616rad, update time=0.089537s delay=0.158846s[0m
[rtabmap-2] [0m[INFO] [1776442881.168545039] [rtabmap.rtabmap]: rtabmap (251): Rate=0.50s, Limit=0.000s, Conversion=0.0014s, RTAB-Map=0.0309s, Maps update=0.0001s pub=0.0021s delay=0.1948s (local map=1, WM=1)[0m
[rgbd_odometry-1] [0m[INFO] [1776442881.269142391] [rtabmap.rgbd_odometry]: Odom: quality=185, std dev=0.000358m|0.014170rad, update time=0.091703s delay=0.161950s[0m
[rgbd_odometry-1] [0m[INFO] [1776442881.397192603] [rtabmap.rgbd_odometry]: Odom: quality=173, std dev=0.000498m|0.018188rad, update time=0.087396s delay=0.156580s[0m
[rgbd_odometry-1] [0m[INFO] [1776442881.535451272] [rtabmap.rgbd_odometry]: Odom: quality=182, std dev=0.000418m|0.026215rad, update time=0.090100s delay=0.161421s[0m
[rgbd_odometry-1] [0m[INFO] [1776442881.673652883] [rtabmap.rgbd_odometry]: Odom: quality=187, std dev=0.000412m|0.015089rad, update time=0.096786s delay=0.166208s[0m
[rtabmap-2] [0m[INFO] [1776442881.719611049] [rtabmap.rtabmap]: rtabmap (252): Rate=0.50s, Limit=0.000s, Conversion=0.0017s, RTAB-Map=0.0412s, Maps update=0.0001s pub=0.0013s delay=0.2122s (local map=1, WM=1)[0m
[rgbd_odometry-1] [0m[INFO] [1776442881.803177315] [rtabmap.rgbd_odometry]: Odom: quality=173, std dev=0.000277m|0.013634rad, update time=0.091951s delay=0.162317s[0m
[rgbd_odometry-1] [0m[INFO] [1776442881.931713141] [rtabmap.rgbd_odometry]: Odom: quality=174, std dev=0.000552m|0.017689rad, update time=0.088702s delay=0.157441s[0m
[rgbd_odometry-1] [0m[INFO] [1776442882.067129488] [rtabmap.rgbd_odometry]: Odom: quality=172, std dev=0.000283m|0.015492rad, update time=0.090372s delay=0.159449s[0m
[rgbd_odometry-1] [0m[INFO] [1776442882.198761117] [rtabmap.rgbd_odometry]: Odom: quality=172, std dev=0.000816m|0.036406rad, update time=0.088678s delay=0.157669s[0m
[rtabmap-2] [0m[INFO] [1776442882.243675860] [rtabmap.rtabmap]: rtabmap (253): Rate=0.50s, Limit=0.000s, Conversion=0.0020s, RTAB-Map=0.0392s, Maps update=0.0001s pub=0.0018s delay=0.2026s (local map=1, WM=1)[0m
[rgbd_odometry-1] [0m[INFO] [1776442882.336982312] [rtabmap.rgbd_odometry]: Odom: quality=175, std dev=0.000173m|0.011465rad, update time=0.090901s delay=0.162482s[0m
[rgbd_odometry-1] [0m[INFO] [1776442882.465716929] [rtabmap.rgbd_odometry]: Odom: quality=190, std dev=0.000235m|0.019078rad, update time=0.087869s delay=0.157808s[0m
[rgbd_odometry-1] [0m[INFO] [1776442882.593770854] [rtabmap.rgbd_odometry]: Odom: quality=181, std dev=0.000733m|0.020040rad, update time=0.082901s delay=0.152453s[0m
[rgbd_odometry-1] [0m[INFO] [1776442882.732872715] [rtabmap.rgbd_odometry]: Odom: quality=171, std dev=0.000148m|0.011465rad, update time=0.087899s delay=0.158149s[0m
[rtabmap-2] [0m[INFO] [1776442882.769381583] [rtabmap.rtabmap]: rtabmap (254): Rate=0.50s, Limit=0.000s, Conversion=0.0014s, RTAB-Map=0.0325s, Maps update=0.0001s pub=0.0012s delay=0.1947s (local map=1, WM=1)[0m
[rgbd_odometry-1] [0m[INFO] [1776442882.864617371] [rtabmap.rgbd_odometry]: Odom: quality=165, std dev=0.000564m|0.022308rad, update time=0.085731s delay=0.156479s[0m
[rgbd_odometry-1] [0m[INFO] [1776442882.998539306] [rtabmap.rgbd_odometry]: Odom: quality=177, std dev=0.000232m|0.011465rad, update time=0.088137s delay=0.156987s[0m
[rgbd_odometry-1] [0m[INFO] [1776442883.128478822] [rtabmap.rgbd_odometry]: Odom: quality=184, std dev=0.000236m|0.008712rad, update time=0.084161s delay=0.153516s[0m
[rgbd_odometry-1] [0m[INFO] [1776442883.265854170] [rtabmap.rgbd_odometry]: Odom: quality=179, std dev=0.000525m|0.030788rad, update time=0.088081s delay=0.157479s[0m
[rtabmap-2] [0m[INFO] [1776442883.307094535] [rtabmap.rtabmap]: rtabmap (255): Rate=0.50s, Limit=0.000s, Conversion=0.0024s, RTAB-Map=0.0363s, Maps update=0.0001s pub=0.0012s delay=0.1987s (local map=1, WM=1)[0m
[rgbd_odometry-1] [0m[INFO] [1776442883.400932394] [rtabmap.rgbd_odometry]: Odom: quality=176, std dev=0.000257m|0.000173rad, update time=0.088242s delay=0.159147s[0m
[rgbd_odometry-1] [0m[INFO] [1776442883.531578971] [rtabmap.rgbd_odometry]: Odom: quality=170, std dev=0.000100m|0.010360rad, update time=0.088013s delay=0.156383s[0m
[rgbd_odometry-1] [0m[INFO] [1776442883.667718058] [rtabmap.rgbd_odometry]: Odom: quality=191, std dev=0.000102m|0.008712rad, update time=0.088110s delay=0.159110s[0m
[rgbd_odometry-1] [0m[INFO] [1776442883.799776387] [rtabmap.rgbd_odometry]: Odom: quality=171, std dev=0.000144m|0.012320rad, update time=0.088701s delay=0.157756s[0m
[rtabmap-2] [0m[INFO] [1776442883.839793645] [rtabmap.rtabmap]: rtabmap (256): Rate=0.50s, Limit=0.000s, Conversion=0.0015s, RTAB-Map=0.0354s, Maps update=0.0001s pub=0.0015s delay=0.1978s (local map=1, WM=1)[0m
[rgbd_odometry-1] [0m[INFO] [1776442883.932757463] [rtabmap.rgbd_odometry]: Odom: quality=173, std dev=0.000521m|0.015492rad, update time=0.088468s delay=0.157326s[0m
[rgbd_odometry-1] [0m[INFO] [1776442884.069740383] [rtabmap.rgbd_odometry]: Odom: quality=171, std dev=0.000281m|0.010360rad, update time=0.090621s delay=0.160899s[0m
[rgbd_odometry-1] [0m[INFO] [1776442884.200798108] [rtabmap.rgbd_odometry]: Odom: quality=189, std dev=0.000295m|0.014170rad, update time=0.088344s delay=0.158544s[0m
[rgbd_odometry-1] [0m[INFO] [1776442884.335390943] [rtabmap.rgbd_odometry]: Odom: quality=178, std dev=0.000279m|0.019078rad, update time=0.088593s delay=0.159729s[0m
[rtabmap-2] [0m[INFO] [1776442884.370762945] [rtabmap.rtabmap]: rtabmap (257): Rate=0.50s, Limit=0.000s, Conversion=0.0015s, RTAB-Map=0.0310s, Maps update=0.0001s pub=0.0014s delay=0.1951s (local map=1, WM=1)[0m
[rgbd_odometry-1] [0m[INFO] [1776442884.474688074] [rtabmap.rgbd_odometry]: Odom: quality=179, std dev=0.000351m|0.013634rad, update time=0.095294s delay=0.165616s[0m
[rgbd_odometry-1] [0m[INFO] [1776442884.605231479] [rtabmap.rgbd_odometry]: Odom: quality=189, std dev=0.000255m|0.011465rad, update time=0.090736s delay=0.162750s[0m
[rgbd_odometry-1] [0m[INFO] [1776442884.746485403] [rtabmap.rgbd_odometry]: Odom: quality=174, std dev=0.000120m|0.012320rad, update time=0.098202s delay=0.170596s[0m
[rgbd_odometry-1] [0m[INFO] [1776442884.876185488] [rtabmap.rgbd_odometry]: Odom: quality=181, std dev=0.000561m|0.017423rad, update time=0.098215s delay=0.166883s[0m
[rtabmap-2] [0m[INFO] [1776442884.913183298] [rtabmap.rtabmap]: rtabmap (258): Rate=0.50s, Limit=0.000s, Conversion=0.0014s, RTAB-Map=0.0322s, Maps update=0.0001s pub=0.0020s delay=0.2039s (local map=1, WM=1)[0m
[rgbd_odometry-1] [0m[INFO] [1776442885.025885002] [rtabmap.rgbd_odometry]: Odom: quality=178, std dev=0.000199m|0.015492rad, update time=0.107328s delay=0.183173s[0m
[rgbd_odometry-1] [0m[INFO] [1776442885.151232512] [rtabmap.rgbd_odometry]: Odom: quality=173, std dev=0.000286m|0.008712rad, update time=0.101949s delay=0.175109s[0m
[rgbd_odometry-1] [0m[INFO] [1776442885.276653529] [rtabmap.rgbd_odometry]: Odom: quality=182, std dev=0.000699m|0.023724rad, update time=0.096689s delay=0.167118s[0m
[rgbd_odometry-1] [0m[INFO] [1776442885.399276225] [rtabmap.rgbd_odometry]: Odom: quality=189, std dev=0.000271m|0.012320rad, update time=0.087657s delay=0.156327s[0m
[rtabmap-2] [0m[INFO] [1776442885.444273339] [rtabmap.rtabmap]: rtabmap (259): Rate=0.50s, Limit=0.000s, Conversion=0.0022s, RTAB-Map=0.0393s, Maps update=0.0001s pub=0.0014s delay=0.2013s (local map=1, WM=1)[0m
[rgbd_odometry-1] [0m[INFO] [1776442885.542457309] [rtabmap.rgbd_odometry]: Odom: quality=174, std dev=0.000184m|0.000173rad, update time=0.095211s delay=0.166100s[0m
[rgbd_odometry-1] [0m[INFO] [1776442885.670260475] [rtabmap.rgbd_odometry]: Odom: quality=174, std dev=0.000257m|0.016214rad, update time=0.090276s delay=0.160494s[0m
[rgbd_odometry-1] [0m[INFO] [1776442885.802134319] [rtabmap.rgbd_odometry]: Odom: quality=184, std dev=0.000195m|0.012320rad, update time=0.088947s delay=0.158958s[0m
[rgbd_odometry-1] [0m[INFO] [1776442885.937685069] [rtabmap.rgbd_odometry]: Odom: quality=177, std dev=0.000309m|0.016851rad, update time=0.091332s delay=0.161099s[0m
[rtabmap-2] [0m[INFO] [1776442885.972174871] [rtabmap.rtabmap]: rtabmap (260): Rate=0.50s, Limit=0.000s, Conversion=0.0013s, RTAB-Map=0.0310s, Maps update=0.0001s pub=0.0014s delay=0.1956s (local map=1, WM=1)[0m
[rgbd_odometry-1] [0m[INFO] [1776442886.063969023] [rtabmap.rgbd_odometry]: Odom: quality=184, std dev=0.001180m|0.022930rad, update time=0.084932s delay=0.153972s[0m
[rgbd_odometry-1] [0m[INFO] [1776442886.198285882] [rtabmap.rgbd_odometry]: Odom: quality=175, std dev=0.000510m|0.020388rad, update time=0.085817s delay=0.154879s[0m
[rgbd_odometry-1] [0m[INFO] [1776442886.331422515] [rtabmap.rgbd_odometry]: Odom: quality=177, std dev=0.000260m|0.012320rad, update time=0.086020s delay=0.154605s[0m
[rgbd_odometry-1] [0m[INFO] [1776442886.471205869] [rtabmap.rgbd_odometry]: Odom: quality=184, std dev=0.000154m|0.016214rad, update time=0.089805s delay=0.160978s[0m
[rtabmap-2] [0m[INFO] [1776442886.521117014] [rtabmap.rtabmap]: rtabmap (261): Rate=0.50s, Limit=0.000s, Conversion=0.0018s, RTAB-Map=0.0437s, Maps update=0.0001s pub=0.0026s delay=0.2109s (local map=1, WM=1)[0m
[rgbd_odometry-1] [0m[INFO] [1776442886.608472766] [rtabmap.rgbd_odometry]: Odom: quality=176, std dev=0.000127m|0.008712rad, update time=0.093978s delay=0.164839s[0m
[rgbd_odometry-1] [0m[INFO] [1776442886.731918141] [rtabmap.rgbd_odometry]: Odom: quality=169, std dev=0.000205m|0.010360rad, update time=0.086176s delay=0.154874s[0m
[rgbd_odometry-1] [0m[INFO] [1776442886.872629298] [rtabmap.rgbd_odometry]: Odom: quality=176, std dev=0.000407m|0.023394rad, update time=0.091101s delay=0.162173s[0m
[rgbd_odometry-1] [0m[INFO] [1776442887.005610374] [rtabmap.rgbd_odometry]: Odom: quality=163, std dev=0.000356m|0.016214rad, update time=0.090169s delay=0.161743s[0m
[rtabmap-2] [0m[INFO] [1776442887.060609251] [rtabmap.rtabmap]: rtabmap (262): Rate=0.50s, Limit=0.000s, Conversion=0.0017s, RTAB-Map=0.0493s, Maps update=0.0001s pub=0.0017s delay=0.2168s (local map=1, WM=1)[0m
[rgbd_odometry-1] [0m[INFO] [1776442887.136978348] [rtabmap.rgbd_odometry]: Odom: quality=181, std dev=0.000518m|0.021909rad, update time=0.088981s delay=0.159698s[0m
[rgbd_odometry-1] [0m[INFO] [1776442887.270370764] [rtabmap.rgbd_odometry]: Odom: quality=183, std dev=0.000306m|0.010360rad, update time=0.088481s delay=0.159680s[0m
[rgbd_odometry-1] [0m[INFO] [1776442887.404535011] [rtabmap.rgbd_odometry]: Odom: quality=184, std dev=0.000374m|0.013634rad, update time=0.089284s delay=0.160435s[0m
[rgbd_odometry-1] [0m[INFO] [1776442887.538337903] [rtabmap.rgbd_odometry]: Odom: quality=172, std dev=0.000161m|0.011465rad, update time=0.090206s delay=0.160829s[0m
[rtabmap-2] [0m[INFO] [1776442887.592569014] [rtabmap.rtabmap]: rtabmap (263): Rate=0.50s, Limit=0.000s, Conversion=0.0019s, RTAB-Map=0.0477s, Maps update=0.0004s pub=0.0019s delay=0.2151s (local map=1, WM=1)[0m
[rgbd_odometry-1] [0m[INFO] [1776442887.676959207] [rtabmap.rgbd_odometry]: Odom: quality=167, std dev=0.001172m|0.023831rad, update time=0.093477s delay=0.166040s[0m
[rgbd_odometry-1] [0m[INFO] [1776442887.804104242] [rtabmap.rgbd_odometry]: Odom: quality=175, std dev=0.000859m|0.018423rad, update time=0.089250s delay=0.159774s[0m
[rgbd_odometry-1] [0m[INFO] [1776442887.939147011] [rtabmap.rgbd_odometry]: Odom: quality=172, std dev=0.000879m|0.019282rad, update time=0.090871s delay=0.161404s[0m
[rgbd_odometry-1] [0m[INFO] [1776442888.068101282] [rtabmap.rgbd_odometry]: Odom: quality=184, std dev=0.000147m|0.013634rad, update time=0.086641s delay=0.156950s[0m
[rtabmap-2] [0m[INFO] [1776442888.105637220] [rtabmap.rtabmap]: rtabmap (264): Rate=0.50s, Limit=0.000s, Conversion=0.0017s, RTAB-Map=0.0326s, Maps update=0.0001s pub=0.0012s delay=0.1945s (local map=1, WM=1)[0m
[rgbd_odometry-1] [0m[INFO] [1776442888.205752991] [rtabmap.rgbd_odometry]: Odom: quality=180, std dev=0.000249m|0.014651rad, update time=0.090149s delay=0.161191s[0m
[rgbd_odometry-1] [0m[INFO] [1776442888.336626070] [rtabmap.rgbd_odometry]: Odom: quality=192, std dev=0.000306m|0.016542rad, update time=0.089080s delay=0.158652s[0m
[rgbd_odometry-1] [0m[INFO] [1776442888.468760754] [rtabmap.rgbd_odometry]: Odom: quality=178, std dev=0.000336m|0.014170rad, update time=0.086493s delay=0.157377s[0m
[rgbd_odometry-1] [0m[INFO] [1776442888.606059012] [rtabmap.rgbd_odometry]: Odom: quality=167, std dev=0.000551m|0.021486rad, update time=0.090843s delay=0.161266s[0m
[rtabmap-2] [0m[INFO] [1776442888.661886360] [rtabmap.rtabmap]: rtabmap (265): Rate=0.50s, Limit=0.000s, Conversion=0.0025s, RTAB-Map=0.0504s, Maps update=0.0001s pub=0.0013s delay=0.2171s (local map=1, WM=1)[0m
[rgbd_odometry-1] [0m[INFO] [1776442888.743331637] [rtabmap.rgbd_odometry]: Odom: quality=169, std dev=0.000415m|0.019282rad, update time=0.093753s delay=0.165133s[0m
[rgbd_odometry-1] [0m[INFO] [1776442888.871838056] [rtabmap.rgbd_odometry]: Odom: quality=177, std dev=0.000280m|0.017144rad, update time=0.088672s delay=0.160223s[0m
[rgbd_odometry-1] [0m[INFO] [1776442889.006234437] [rtabmap.rgbd_odometry]: Odom: quality=178, std dev=0.000261m|0.015865rad, update time=0.090883s delay=0.161211s[0m
[rgbd_odometry-1] [0m[INFO] [1776442889.138266014] [rtabmap.rgbd_odometry]: Odom: quality=170, std dev=0.000153m|0.014170rad, update time=0.089735s delay=0.159831s[0m
[rtabmap-2] [0m[INFO] [1776442889.180126174] [rtabmap.rtabmap]: rtabmap (266): Rate=0.50s, Limit=0.000s, Conversion=0.0026s, RTAB-Map=0.0362s, Maps update=0.0001s pub=0.0014s delay=0.2017s (local map=1, WM=1)[0m
[rgbd_odometry-1] [0m[INFO] [1776442889.277927669] [rtabmap.rgbd_odometry]: Odom: quality=181, std dev=0.000176m|0.011465rad, update time=0.093652s delay=0.166084s[0m
[rgbd_odometry-1] [0m[INFO] [1776442889.405544846] [rtabmap.rgbd_odometry]: Odom: quality=174, std dev=0.000523m|0.026135rad, update time=0.088475s delay=0.160290s[0m
[rgbd_odometry-1] [0m[INFO] [1776442889.540711682] [rtabmap.rgbd_odometry]: Odom: quality=170, std dev=0.001202m|0.024831rad, update time=0.091806s delay=0.162045s[0m
[rgbd_odometry-1] [0m[INFO] [1776442889.675885238] [rtabmap.rgbd_odometry]: Odom: quality=177, std dev=0.000108m|0.008712rad, update time=0.093299s delay=0.163810s[0m
[rtabmap-2] [0m[INFO] [1776442889.726195723] [rtabmap.rtabmap]: rtabmap (267): Rate=0.50s, Limit=0.000s, Conversion=0.0041s, RTAB-Map=0.0432s, Maps update=0.0001s pub=0.0014s delay=0.2141s (local map=1, WM=1)[0m
[rgbd_odometry-1] [0m[INFO] [1776442889.808809449] [rtabmap.rgbd_odometry]: Odom: quality=172, std dev=0.000664m|0.035540rad, update time=0.089996s delay=0.163322s[0m
[rgbd_odometry-1] [0m[INFO] [1776442889.937868332] [rtabmap.rgbd_odometry]: Odom: quality=168, std dev=0.000349m|0.015865rad, update time=0.089359s delay=0.158965s[0m
[rgbd_odometry-1] [0m[INFO] [1776442890.070905411] [rtabmap.rgbd_odometry]: Odom: quality=184, std dev=0.000144m|0.010360rad, update time=0.087790s delay=0.158586s[0m
[rgbd_odometry-1] [0m[INFO] [1776442890.205313473] [rtabmap.rgbd_odometry]: Odom: quality=173, std dev=0.000271m|0.016542rad, update time=0.088921s delay=0.159581s[0m
[rtabmap-2] [0m[INFO] [1776442890.255521458] [rtabmap.rtabmap]: rtabmap (268): Rate=0.50s, Limit=0.000s, Conversion=0.0027s, RTAB-Map=0.0435s, Maps update=0.0001s pub=0.0017s delay=0.2098s (local map=1, WM=1)[0m
[rgbd_odometry-1] [0m[INFO] [1776442890.342859610] [rtabmap.rgbd_odometry]: Odom: quality=169, std dev=0.000122m|0.008712rad, update time=0.094279s delay=0.163712s[0m
[rgbd_odometry-1] [0m[INFO] [1776442890.475027927] [rtabmap.rgbd_odometry]: Odom: quality=173, std dev=0.000311m|0.010360rad, update time=0.093035s delay=0.162466s[0m
[rgbd_odometry-1] [0m[INFO] [1776442890.604899730] [rtabmap.rgbd_odometry]: Odom: quality=167, std dev=0.000106m|0.008712rad, update time=0.089927s delay=0.158925s[0m
[rgbd_odometry-1] [0m[INFO] [1776442890.734190299] [rtabmap.rgbd_odometry]: Odom: quality=178, std dev=0.000245m|0.015492rad, update time=0.084494s delay=0.154802s[0m
[rtabmap-2] [0m[INFO] [1776442890.813661023] [rtabmap.rtabmap]: rtabmap (269): Rate=0.50s, Limit=0.000s, Conversion=0.0021s, RTAB-Map=0.0741s, Maps update=0.0001s pub=0.0013s delay=0.2343s (local map=1, WM=1)[0m
[rgbd_odometry-1] [0m[INFO] [1776442890.887221110] [rtabmap.rgbd_odometry]: Odom: quality=170, std dev=0.000183m|0.014170rad, update time=0.104196s delay=0.174420s[0m
[rgbd_odometry-1] [0m[INFO] [1776442891.006831495] [rtabmap.rgbd_odometry]: Odom: quality=172, std dev=0.000410m|0.015865rad, update time=0.089055s delay=0.160619s[0m
[rgbd_odometry-1] [0m[INFO] [1776442891.139353903] [rtabmap.rgbd_odometry]: Odom: quality=175, std dev=0.000214m|0.010360rad, update time=0.088654s delay=0.159733s[0m
[rgbd_odometry-1] [0m[INFO] [1776442891.271048862] [rtabmap.rgbd_odometry]: Odom: quality=169, std dev=0.000175m|0.000173rad, update time=0.087168s delay=0.158015s[0m
[rtabmap-2] [0m[INFO] [1776442891.309586365] [rtabmap.rtabmap]: rtabmap (270): Rate=0.50s, Limit=0.000s, Conversion=0.0014s, RTAB-Map=0.0343s, Maps update=0.0001s pub=0.0012s delay=0.1966s (local map=1, WM=1)[0m
[rgbd_odometry-1] [0m[INFO] [1776442891.410610642] [rtabmap.rgbd_odometry]: Odom: quality=171, std dev=0.000659m|0.019672rad, update time=0.093639s delay=0.164172s[0m
[rgbd_odometry-1] [0m[INFO] [1776442891.539355532] [rtabmap.rgbd_odometry]: Odom: quality=181, std dev=0.000160m|0.011465rad, update time=0.090363s delay=0.159506s[0m
[rgbd_odometry-1] [0m[INFO] [1776442891.671331364] [rtabmap.rgbd_odometry]: Odom: quality=180, std dev=0.000231m|0.008712rad, update time=0.087425s delay=0.158075s[0m
[rgbd_odometry-1] [0m[INFO] [1776442891.806936805] [rtabmap.rgbd_odometry]: Odom: quality=185, std dev=0.000267m|0.010360rad, update time=0.089425s delay=0.160270s[0m
[rtabmap-2] [0m[INFO] [1776442891.850171692] [rtabmap.rtabmap]: rtabmap (271): Rate=0.50s, Limit=0.000s, Conversion=0.0020s, RTAB-Map=0.0352s, Maps update=0.0001s pub=0.0045s delay=0.2035s (local map=1, WM=1)[0m
[rgbd_odometry-1] [0m[INFO] [1776442891.943250747] [rtabmap.rgbd_odometry]: Odom: quality=173, std dev=0.000230m|0.012320rad, update time=0.089950s delay=0.163173s[0m
[rgbd_odometry-1] [0m[INFO] [1776442892.075387607] [rtabmap.rgbd_odometry]: Odom: quality=174, std dev=0.000131m|0.013027rad, update time=0.089988s delay=0.161900s[0m
[rgbd_odometry-1] [0m[INFO] [1776442892.209386890] [rtabmap.rgbd_odometry]: Odom: quality=175, std dev=0.000276m|0.012320rad, update time=0.092333s delay=0.162489s[0m
[rgbd_odometry-1] [0m[INFO] [1776442892.335993638] [rtabmap.rgbd_odometry]: Odom: quality=177, std dev=0.000675m|0.021770rad, update time=0.085178s delay=0.155686s[0m
[rtabmap-2] [0m[INFO] [1776442892.372481129] [rtabmap.rtabmap]: rtabmap (272): Rate=0.50s, Limit=0.000s, Conversion=0.0013s, RTAB-Map=0.0323s, Maps update=0.0001s pub=0.0013s delay=0.1922s (local map=1, WM=1)[0m
[rgbd_odometry-1] [0m[INFO] [1776442892.480247362] [rtabmap.rgbd_odometry]: Odom: quality=184, std dev=0.000210m|0.011465rad, update time=0.095041s delay=0.166531s[0m
[rgbd_odometry-1] [0m[INFO] [1776442892.606892063] [rtabmap.rgbd_odometry]: Odom: quality=175, std dev=0.000312m|0.019078rad, update time=0.088455s delay=0.159768s[0m
[rgbd_odometry-1] [0m[INFO] [1776442892.752689128] [rtabmap.rgbd_odometry]: Odom: quality=171, std dev=0.000190m|0.000173rad, update time=0.098745s delay=0.172159s[0m
[rgbd_odometry-1] [0m[INFO] [1776442892.886178892] [rtabmap.rgbd_odometry]: Odom: quality=186, std dev=0.000179m|0.013027rad, update time=0.098286s delay=0.172235s[0m
[rtabmap-2] [0m[INFO] [1776442892.937340953] [rtabmap.rtabmap]: rtabmap (273): Rate=0.50s, Limit=0.000s, Conversion=0.0021s, RTAB-Map=0.0454s, Maps update=0.0001s pub=0.0013s delay=0.2234s (local map=1, WM=1)[0m
[rgbd_odometry-1] [0m[INFO] [1776442893.004602714] [rtabmap.rgbd_odometry]: Odom: quality=177, std dev=0.000139m|0.012320rad, update time=0.086742s delay=0.157249s[0m
[rgbd_odometry-1] [0m[INFO] [1776442893.141500929] [rtabmap.rgbd_odometry]: Odom: quality=171, std dev=0.000103m|0.010360rad, update time=0.087734s delay=0.160737s[0m
[rgbd_odometry-1] [0m[INFO] [1776442893.276608148] [rtabmap.rgbd_odometry]: Odom: quality=185, std dev=0.000607m|0.029416rad, update time=0.091896s delay=0.162434s[0m
[rgbd_odometry-1] [0m[INFO] [1776442893.405225611] [rtabmap.rgbd_odometry]: Odom: quality=176, std dev=0.000265m|0.011465rad, update time=0.086194s delay=0.157641s[0m
[rtabmap-2] [0m[INFO] [1776442893.453751628] [rtabmap.rtabmap]: rtabmap (274): Rate=0.50s, Limit=0.000s, Conversion=0.0029s, RTAB-Map=0.0418s, Maps update=0.0001s pub=0.0019s delay=0.2062s (local map=1, WM=1)[0m
[rgbd_odometry-1] [0m[INFO] [1776442893.538371396] [rtabmap.rgbd_odometry]: Odom: quality=168, std dev=0.000241m|0.020216rad, update time=0.086857s delay=0.157379s[0m
[rgbd_odometry-1] [0m[INFO] [1776442893.672920775] [rtabmap.rgbd_odometry]: Odom: quality=182, std dev=0.000218m|0.010360rad, update time=0.088441s delay=0.158516s[0m
[rgbd_odometry-1] [0m[INFO] [1776442893.808528489] [rtabmap.rgbd_odometry]: Odom: quality=178, std dev=0.000804m|0.022308rad, update time=0.090157s delay=0.160716s[0m
[rgbd_odometry-1] [0m[INFO] [1776442893.940767112] [rtabmap.rgbd_odometry]: Odom: quality=172, std dev=0.000239m|0.013634rad, update time=0.090029s delay=0.159545s[0m
[rtabmap-2] [0m[INFO] [1776442893.980114591] [rtabmap.rtabmap]: rtabmap (275): Rate=0.50s, Limit=0.000s, Conversion=0.0021s, RTAB-Map=0.0343s, Maps update=0.0001s pub=0.0015s delay=0.1989s (local map=1, WM=1)[0m
[rgbd_odometry-1] [0m[INFO] [1776442894.080623589] [rtabmap.rgbd_odometry]: Odom: quality=177, std dev=0.000212m|0.008712rad, update time=0.096027s delay=0.165988s[0m
[rgbd_odometry-1] [0m[INFO] [1776442894.204670743] [rtabmap.rgbd_odometry]: Odom: quality=165, std dev=0.000297m|0.011465rad, update time=0.086561s delay=0.156626s[0m
[rgbd_odometry-1] [0m[INFO] [1776442894.342102541] [rtabmap.rgbd_odometry]: Odom: quality=171, std dev=0.000298m|0.013634rad, update time=0.088144s delay=0.160649s[0m
[rgbd_odometry-1] [0m[INFO] [1776442894.475254792] [rtabmap.rgbd_odometry]: Odom: quality=165, std dev=0.000189m|0.008712rad, update time=0.088705s delay=0.160390s[0m
[rtabmap-2] [0m[INFO] [1776442894.522821197] [rtabmap.rtabmap]: rtabmap (276): Rate=0.50s, Limit=0.000s, Conversion=0.0027s, RTAB-Map=0.0416s, Maps update=0.0001s pub=0.0013s delay=0.2080s (local map=1, WM=1)[0m
[rgbd_odometry-1] [0m[INFO] [1776442894.614441553] [rtabmap.rgbd_odometry]: Odom: quality=166, std dev=0.000380m|0.017944rad, update time=0.094204s delay=0.166169s[0m
[rgbd_odometry-1] [0m[INFO] [1776442894.741392471] [rtabmap.rgbd_odometry]: Odom: quality=170, std dev=0.000250m|0.008712rad, update time=0.088987s delay=0.159713s[0m
[rgbd_odometry-1] [0m[INFO] [1776442894.874421166] [rtabmap.rgbd_odometry]: Odom: quality=176, std dev=0.000380m|0.021339rad, update time=0.087994s delay=0.159328s[0m
[rgbd_odometry-1] [0m[INFO] [1776442895.008227803] [rtabmap.rgbd_odometry]: Odom: quality=173, std dev=0.000107m|0.010360rad, update time=0.089429s delay=0.159724s[0m
[rtabmap-2] [0m[INFO] [1776442895.044886372] [rtabmap.rtabmap]: rtabmap (277): Rate=0.50s, Limit=0.000s, Conversion=0.0018s, RTAB-Map=0.0320s, Maps update=0.0001s pub=0.0013s delay=0.1964s (local map=1, WM=1)[0m
[rgbd_odometry-1] [0m[INFO] [1776442895.148287134] [rtabmap.rgbd_odometry]: Odom: quality=168, std dev=0.000570m|0.032802rad, update time=0.092070s delay=0.166375s[0m
[rgbd_odometry-1] [0m[INFO] [1776442895.276998392] [rtabmap.rgbd_odometry]: Odom: quality=171, std dev=0.000654m|0.017423rad, update time=0.090070s delay=0.161676s[0m
[rgbd_odometry-1] [0m[INFO] [1776442895.402103592] [rtabmap.rgbd_odometry]: Odom: quality=169, std dev=0.000212m|0.000173rad, update time=0.083725s delay=0.153372s[0m
[rgbd_odometry-1] [0m[INFO] [1776442895.540340246] [rtabmap.rgbd_odometry]: Odom: quality=178, std dev=0.000797m|0.034948rad, update time=0.087360s delay=0.158200s[0m
[rtabmap-2] [0m[INFO] [1776442895.577522542] [rtabmap.rtabmap]: rtabmap (278): Rate=0.50s, Limit=0.000s, Conversion=0.0020s, RTAB-Map=0.0313s, Maps update=0.0001s pub=0.0017s delay=0.1954s (local map=1, WM=1)[0m
[rgbd_odometry-1] [0m[INFO] [1776442895.681133071] [rtabmap.rgbd_odometry]: Odom: quality=172, std dev=0.001051m|0.028652rad, update time=0.094031s delay=0.165587s[0m
[rgbd_odometry-1] [0m[INFO] [1776442895.811151598] [rtabmap.rgbd_odometry]: Odom: quality=178, std dev=0.000217m|0.008712rad, update time=0.090166s delay=0.162151s[0m
[rgbd_odometry-1] [0m[INFO] [1776442895.952580473] [rtabmap.rgbd_odometry]: Odom: quality=190, std dev=0.000191m|0.014651rad, update time=0.099395s delay=0.170077s[0m
[rgbd_odometry-1] [0m[INFO] [1776442896.074765621] [rtabmap.rgbd_odometry]: Odom: quality=189, std dev=0.000169m|0.015089rad, update time=0.088695s delay=0.158760s[0m
[rtabmap-2] [0m[INFO] [1776442896.109516358] [rtabmap.rtabmap]: rtabmap (279): Rate=0.50s, Limit=0.000s, Conversion=0.0015s, RTAB-Map=0.0304s, Maps update=0.0001s pub=0.0013s delay=0.1935s (local map=1, WM=1)[0m
[rgbd_odometry-1] [0m[INFO] [1776442896.215992282] [rtabmap.rgbd_odometry]: Odom: quality=162, std dev=0.000445m|0.014651rad, update time=0.096322s delay=0.166475s[0m
[rgbd_odometry-1] [0m[INFO] [1776442896.340561883] [rtabmap.rgbd_odometry]: Odom: quality=167, std dev=0.000260m|0.020216rad, update time=0.087294s delay=0.157530s[0m
[rgbd_odometry-1] [0m[INFO] [1776442896.480907270] [rtabmap.rgbd_odometry]: Odom: quality=168, std dev=0.000483m|0.025806rad, update time=0.093762s delay=0.164359s[0m
[rgbd_odometry-1] [0m[INFO] [1776442896.607683719] [rtabmap.rgbd_odometry]: Odom: quality=175, std dev=0.000220m|0.008712rad, update time=0.085705s delay=0.157613s[0m
[rtabmap-2] [0m[INFO] [1776442896.644603864] [rtabmap.rtabmap]: rtabmap (280): Rate=0.50s, Limit=0.000s, Conversion=0.0019s, RTAB-Map=0.0323s, Maps update=0.0001s pub=0.0013s delay=0.1945s (local map=1, WM=1)[0m
[rgbd_odometry-1] [0m[INFO] [1776442896.741668090] [rtabmap.rgbd_odometry]: Odom: quality=186, std dev=0.000119m|0.014170rad, update time=0.088410s delay=0.158076s[0m
[rgbd_odometry-1] [0m[INFO] [1776442896.878293177] [rtabmap.rgbd_odometry]: Odom: quality=184, std dev=0.000128m|0.011465rad, update time=0.091323s delay=0.161268s[0m
[rgbd_odometry-1] [0m[INFO] [1776442897.011557879] [rtabmap.rgbd_odometry]: Odom: quality=170, std dev=0.000196m|0.017944rad, update time=0.090726s delay=0.161101s[0m
[rgbd_odometry-1] [0m[INFO] [1776442897.145430791] [rtabmap.rgbd_odometry]: Odom: quality=165, std dev=0.000530m|0.020556rad, update time=0.091349s delay=0.161542s[0m
[rtabmap-2] [0m[INFO] [1776442897.211381570] [rtabmap.rtabmap]: rtabmap (281): Rate=0.50s, Limit=0.000s, Conversion=0.0021s, RTAB-Map=0.0574s, Maps update=0.0001s pub=0.0046s delay=0.2275s (local map=1, WM=1)[0m
[rgbd_odometry-1] [0m[INFO] [1776442897.289064626] [rtabmap.rgbd_odometry]: Odom: quality=174, std dev=0.000189m|0.015492rad, update time=0.100316s delay=0.171745s[0m
[rgbd_odometry-1] [0m[INFO] [1776442897.411558423] [rtabmap.rgbd_odometry]: Odom: quality=160, std dev=0.000386m|0.019282rad, update time=0.090206s delay=0.160807s[0m
[rgbd_odometry-1] [0m[INFO] [1776442897.540573593] [rtabmap.rgbd_odometry]: Odom: quality=168, std dev=0.000214m|0.013634rad, update time=0.086827s delay=0.156393s[0m
[rgbd_odometry-1] [0m[INFO] [1776442897.678321049] [rtabmap.rgbd_odometry]: Odom: quality=184, std dev=0.000133m|0.008712rad, update time=0.090629s delay=0.160707s[0m
[rtabmap-2] [0m[INFO] [1776442897.749326471] [rtabmap.rtabmap]: rtabmap (282): Rate=0.50s, Limit=0.000s, Conversion=0.0022s, RTAB-Map=0.0644s, Maps update=0.0001s pub=0.0023s delay=0.2317s (local map=1, WM=1)[0m
[rgbd_odometry-1] [0m[INFO] [1776442897.818492864] [rtabmap.rgbd_odometry]: Odom: quality=172, std dev=0.000134m|0.010360rad, update time=0.096607s delay=0.167448s[0m
[rgbd_odometry-1] [0m[INFO] [1776442897.946131802] [rtabmap.rgbd_odometry]: Odom: quality=172, std dev=0.001348m|0.025199rad, update time=0.090531s delay=0.161656s[0m
[rgbd_odometry-1] [0m[INFO] [1776442898.077068981] [rtabmap.rgbd_odometry]: Odom: quality=183, std dev=0.000273m|0.008712rad, update time=0.089217s delay=0.159164s[0m
[rgbd_odometry-1] [0m[INFO] [1776442898.208835143] [rtabmap.rgbd_odometry]: Odom: quality=178, std dev=0.000211m|0.012320rad, update time=0.087601s delay=0.157502s[0m
[rtabmap-2] [0m[INFO] [1776442898.245035650] [rtabmap.rtabmap]: rtabmap (283): Rate=0.50s, Limit=0.000s, Conversion=0.0013s, RTAB-Map=0.0323s, Maps update=0.0001s pub=0.0013s delay=0.1937s (local map=1, WM=1)[0m
[rgbd_odometry-1] [0m[INFO] [1776442898.348118036] [rtabmap.rgbd_odometry]: Odom: quality=174, std dev=0.000908m|0.022563rad, update time=0.092855s delay=0.163355s[0m
[rgbd_odometry-1] [0m[INFO] [1776442898.476524293] [rtabmap.rgbd_odometry]: Odom: quality=172, std dev=0.000304m|0.013634rad, update time=0.086815s delay=0.158331s[0m
[rgbd_odometry-1] [0m[INFO] [1776442898.612419887] [rtabmap.rgbd_odometry]: Odom: quality=185, std dev=0.000125m|0.010360rad, update time=0.091305s delay=0.160794s[0m
[rgbd_odometry-1] [0m[INFO] [1776442898.741436274] [rtabmap.rgbd_odometry]: Odom: quality=172, std dev=0.000342m|0.024543rad, update time=0.087183s delay=0.156382s[0m
[rtabmap-2] [0m[INFO] [1776442898.788579403] [rtabmap.rtabmap]: rtabmap (284): Rate=0.50s, Limit=0.000s, Conversion=0.0014s, RTAB-Map=0.0408s, Maps update=0.0002s pub=0.0035s delay=0.2035s (local map=1, WM=1)[0m
[rgbd_odometry-1] [0m[INFO] [1776442898.881224749] [rtabmap.rgbd_odometry]: Odom: quality=184, std dev=0.000170m|0.000173rad, update time=0.090194s delay=0.162738s[0m
[rgbd_odometry-1] [0m[INFO] [1776442899.006541284] [rtabmap.rgbd_odometry]: Odom: quality=181, std dev=0.000471m|0.016214rad, update time=0.085623s delay=0.154620s[0m
[rgbd_odometry-1] [0m[INFO] [1776442899.150353781] [rtabmap.rgbd_odometry]: Odom: quality=178, std dev=0.000182m|0.015089rad, update time=0.093726s delay=0.165003s[0m
[rgbd_odometry-1] [0m[INFO] [1776442899.281188492] [rtabmap.rgbd_odometry]: Odom: quality=172, std dev=0.000226m|0.000173rad, update time=0.090378s delay=0.162405s[0m
[rtabmap-2] [0m[INFO] [1776442899.330017398] [rtabmap.rtabmap]: rtabmap (285): Rate=0.50s, Limit=0.000s, Conversion=0.0022s, RTAB-Map=0.0424s, Maps update=0.0001s pub=0.0022s delay=0.2112s (local map=1, WM=1)[0m
[rgbd_odometry-1] [0m[INFO] [1776442899.408223670] [rtabmap.rgbd_odometry]: Odom: quality=172, std dev=0.000107m|0.013027rad, update time=0.086217s delay=0.156009s[0m
[rgbd_odometry-1] [0m[INFO] [1776442899.547004532] [rtabmap.rgbd_odometry]: Odom: quality=175, std dev=0.000176m|0.012320rad, update time=0.088940s delay=0.161357s[0m
[rgbd_odometry-1] [0m[INFO] [1776442899.680753408] [rtabmap.rgbd_odometry]: Odom: quality=185, std dev=0.000567m|0.022308rad, update time=0.089027s delay=0.161673s[0m
[rgbd_odometry-1] [0m[INFO] [1776442899.810121261] [rtabmap.rgbd_odometry]: Odom: quality=173, std dev=0.000150m|0.010360rad, update time=0.085396s delay=0.157610s[0m
[rtabmap-2] [0m[INFO] [1776442899.845111013] [rtabmap.rtabmap]: rtabmap (286): Rate=0.50s, Limit=0.000s, Conversion=0.0022s, RTAB-Map=0.0292s, Maps update=0.0001s pub=0.0012s delay=0.1926s (local map=1, WM=1)[0m
[rgbd_odometry-1] [0m[INFO] [1776442899.947204346] [rtabmap.rgbd_odometry]: Odom: quality=182, std dev=0.000411m|0.015492rad, update time=0.090627s delay=0.161265s[0m
[rgbd_odometry-1] [0m[INFO] [1776442900.079262869] [rtabmap.rgbd_odometry]: Odom: quality=175, std dev=0.000981m|0.033084rad, update time=0.088741s delay=0.159898s[0m
[rgbd_odometry-1] [0m[INFO] [1776442900.212133416] [rtabmap.rgbd_odometry]: Odom: quality=183, std dev=0.000793m|0.019672rad, update time=0.089156s delay=0.159342s[0m
[rgbd_odometry-1] [0m[INFO] [1776442900.347748714] [rtabmap.rgbd_odometry]: Odom: quality=183, std dev=0.000276m|0.013027rad, update time=0.092583s delay=0.161529s[0m
[rtabmap-2] [0m[INFO] [1776442900.382621471] [rtabmap.rtabmap]: rtabmap (287): Rate=0.50s, Limit=0.000s, Conversion=0.0014s, RTAB-Map=0.0299s, Maps update=0.0001s pub=0.0013s delay=0.1964s (local map=1, WM=1)[0m
[rgbd_odometry-1] [0m[INFO] [1776442900.485830005] [rtabmap.rgbd_odometry]: Odom: quality=166, std dev=0.000130m|0.008712rad, update time=0.093566s delay=0.166183s[0m
[rgbd_odometry-1] [0m[INFO] [1776442900.609838438] [rtabmap.rgbd_odometry]: Odom: quality=176, std dev=0.000117m|0.010360rad, update time=0.087253s delay=0.156764s[0m
[rgbd_odometry-1] [0m[INFO] [1776442900.745015356] [rtabmap.rgbd_odometry]: Odom: quality=182, std dev=0.000115m|0.012320rad, update time=0.089175s delay=0.158514s[0m
[rgbd_odometry-1] [0m[INFO] [1776442900.876861521] [rtabmap.rgbd_odometry]: Odom: quality=181, std dev=0.000288m|0.018423rad, update time=0.087569s delay=0.156933s[0m
[rtabmap-2] [0m[INFO] [1776442900.910350653] [rtabmap.rtabmap]: rtabmap (288): Rate=0.50s, Limit=0.000s, Conversion=0.0014s, RTAB-Map=0.0293s, Maps update=0.0001s pub=0.0016s delay=0.1904s (local map=1, WM=1)[0m
[rgbd_odometry-1] [0m[INFO] [1776442901.025847480] [rtabmap.rgbd_odometry]: Odom: quality=171, std dev=0.000337m|0.015492rad, update time=0.103009s delay=0.172493s[0m
[rgbd_odometry-1] [0m[INFO] [1776442901.149186774] [rtabmap.rgbd_odometry]: Odom: quality=183, std dev=0.000108m|0.011465rad, update time=0.090707s delay=0.162406s[0m
[rgbd_odometry-1] [0m[INFO] [1776442901.278301627] [rtabmap.rgbd_odometry]: Odom: quality=169, std dev=0.000135m|0.011465rad, update time=0.087885s delay=0.158090s[0m
[rgbd_odometry-1] [0m[INFO] [1776442901.416850291] [rtabmap.rgbd_odometry]: Odom: quality=176, std dev=0.000242m|0.016214rad, update time=0.091532s delay=0.163214s[0m
[rtabmap-2] [0m[INFO] [1776442901.451108630] [rtabmap.rtabmap]: rtabmap (289): Rate=0.50s, Limit=0.000s, Conversion=0.0016s, RTAB-Map=0.0297s, Maps update=0.0001s pub=0.0013s delay=0.1975s (local map=1, WM=1)[0m
[rgbd_odometry-1] [0m[INFO] [1776442901.543020676] [rtabmap.rgbd_odometry]: Odom: quality=173, std dev=0.000706m|0.029187rad, update time=0.086548s delay=0.155958s[0m
[rgbd_odometry-1] [0m[INFO] [1776442901.678611429] [rtabmap.rgbd_odometry]: Odom: quality=169, std dev=0.000138m|0.013027rad, update time=0.086189s delay=0.158122s[0m
[rgbd_odometry-1] [0m[INFO] [1776442901.813517428] [rtabmap.rgbd_odometry]: Odom: quality=182, std dev=0.000258m|0.012320rad, update time=0.089067s delay=0.159600s[0m
[rgbd_odometry-1] [0m[INFO] [1776442901.939795047] [rtabmap.rgbd_odometry]: Odom: quality=179, std dev=0.000483m|0.016851rad, update time=0.082664s delay=0.152452s[0m
[rtabmap-2] [0m[INFO] [1776442901.974653467] [rtabmap.rtabmap]: rtabmap (290): Rate=0.50s, Limit=0.000s, Conversion=0.0015s, RTAB-Map=0.0304s, Maps update=0.0001s pub=0.0013s delay=0.1873s (local map=1, WM=1)[0m
[rgbd_odometry-1] [0m[INFO] [1776442902.080976395] [rtabmap.rgbd_odometry]: Odom: quality=172, std dev=0.000405m|0.016851rad, update time=0.090481s delay=0.160206s[0m
[rgbd_odometry-1] [0m[INFO] [1776442902.214160007] [rtabmap.rgbd_odometry]: Odom: quality=180, std dev=0.000751m|0.020388rad, update time=0.090622s delay=0.159962s[0m
[rgbd_odometry-1] [0m[INFO] [1776442902.352923526] [rtabmap.rgbd_odometry]: Odom: quality=175, std dev=0.000419m|0.024831rad, update time=0.093831s delay=0.165298s[0m
[rgbd_odometry-1] [0m[INFO] [1776442902.478993427] [rtabmap.rgbd_odometry]: Odom: quality=176, std dev=0.000178m|0.011465rad, update time=0.086190s delay=0.157942s[0m
[rtabmap-2] [0m[INFO] [1776442902.532503525] [rtabmap.rtabmap]: rtabmap (291): Rate=0.50s, Limit=0.000s, Conversion=0.0020s, RTAB-Map=0.0480s, Maps update=0.0001s pub=0.0014s delay=0.2115s (local map=1, WM=1)[0m
[rgbd_odometry-1] [0m[INFO] [1776442902.614830300] [rtabmap.rgbd_odometry]: Odom: quality=173, std dev=0.000519m|0.018867rad, update time=0.089968s delay=0.160353s[0m
[rgbd_odometry-1] [0m[INFO] [1776442902.747046620] [rtabmap.rgbd_odometry]: Odom: quality=177, std dev=0.000230m|0.015492rad, update time=0.089297s delay=0.159142s[0m
[rgbd_odometry-1] [0m[INFO] [1776442902.881093105] [rtabmap.rgbd_odometry]: Odom: quality=175, std dev=0.000133m|0.013634rad, update time=0.089076s delay=0.159763s[0m
[rgbd_odometry-1] [0m[INFO] [1776442903.010514464] [rtabmap.rgbd_odometry]: Odom: quality=193, std dev=0.000315m|0.010360rad, update time=0.085638s delay=0.155755s[0m
[rtabmap-2] [0m[INFO] [1776442903.060490188] [rtabmap.rtabmap]: rtabmap (292): Rate=0.50s, Limit=0.000s, Conversion=0.0017s, RTAB-Map=0.0452s, Maps update=0.0001s pub=0.0015s delay=0.2057s (local map=1, WM=1)[0m
[rgbd_odometry-1] [0m[INFO] [1776442903.150986704] [rtabmap.rgbd_odometry]: Odom: quality=168, std dev=0.000276m|0.012320rad, update time=0.092384s delay=0.162802s[0m
[rgbd_odometry-1] [0m[INFO] [1776442903.281336218] [rtabmap.rgbd_odometry]: Odom: quality=180, std dev=0.000278m|0.018649rad, update time=0.086914s delay=0.159724s[0m
[rgbd_odometry-1] [0m[INFO] [1776442903.414785342] [rtabmap.rgbd_odometry]: Odom: quality=183, std dev=0.000147m|0.011465rad, update time=0.088169s delay=0.159748s[0m
[rgbd_odometry-1] [0m[INFO] [1776442903.550549925] [rtabmap.rgbd_odometry]: Odom: quality=182, std dev=0.000356m|0.018649rad, update time=0.091428s delay=0.162086s[0m
[rtabmap-2] [0m[INFO] [1776442903.602466761] [rtabmap.rtabmap]: rtabmap (293): Rate=0.50s, Limit=0.000s, Conversion=0.0029s, RTAB-Map=0.0431s, Maps update=0.0001s pub=0.0041s delay=0.2140s (local map=1, WM=1)[0m
[rgbd_odometry-1] [0m[INFO] [1776442903.684906276] [rtabmap.rgbd_odometry]: Odom: quality=174, std dev=0.000181m|0.014651rad, update time=0.089819s delay=0.163018s[0m
[rgbd_odometry-1] [0m[INFO] [1776442903.812999148] [rtabmap.rgbd_odometry]: Odom: quality=172, std dev=0.000788m|0.020040rad, update time=0.087931s delay=0.157683s[0m
[rgbd_odometry-1] [0m[INFO] [1776442903.950289439] [rtabmap.rgbd_odometry]: Odom: quality=180, std dev=0.000513m|0.019078rad, update time=0.090018s delay=0.161547s[0m
[rgbd_odometry-1] [0m[INFO] [1776442904.080145531] [rtabmap.rgbd_odometry]: Odom: quality=175, std dev=0.000182m|0.016542rad, update time=0.088497s delay=0.157978s[0m
[rtabmap-2] [0m[INFO] [1776442904.126283639] [rtabmap.rtabmap]: rtabmap (294): Rate=0.50s, Limit=0.000s, Conversion=0.0017s, RTAB-Map=0.0403s, Maps update=0.0001s pub=0.0023s delay=0.2041s (local map=1, WM=1)[0m
[rgbd_odometry-1] [0m[INFO] [1776442904.212133301] [rtabmap.rgbd_odometry]: Odom: quality=171, std dev=0.000208m|0.016214rad, update time=0.083982s delay=0.156538s[0m
[rgbd_odometry-1] [0m[INFO] [1776442904.349594189] [rtabmap.rgbd_odometry]: Odom: quality=169, std dev=0.000173m|0.014170rad, update time=0.089828s delay=0.160573s[0m
[rgbd_odometry-1] [0m[INFO] [1776442904.481272542] [rtabmap.rgbd_odometry]: Odom: quality=181, std dev=0.000221m|0.012320rad, update time=0.089544s delay=0.158823s[0m
[rgbd_odometry-1] [0m[INFO] [1776442904.610459142] [rtabmap.rgbd_odometry]: Odom: quality=176, std dev=0.000300m|0.011465rad, update time=0.084455s delay=0.154582s[0m
[rtabmap-2] [0m[INFO] [1776442904.646381049] [rtabmap.rtabmap]: rtabmap (295): Rate=0.50s, Limit=0.000s, Conversion=0.0015s, RTAB-Map=0.0312s, Maps update=0.0001s pub=0.0016s delay=0.1905s (local map=1, WM=1)[0m
[rgbd_odometry-1] [0m[INFO] [1776442904.748696437] [rtabmap.rgbd_odometry]: Odom: quality=169, std dev=0.000105m|0.008712rad, update time=0.089556s delay=0.159395s[0m
[rgbd_odometry-1] [0m[INFO] [1776442904.882588646] [rtabmap.rgbd_odometry]: Odom: quality=176, std dev=0.000104m|0.008712rad, update time=0.088037s delay=0.159860s[0m
[rgbd_odometry-1] [0m[INFO] [1776442905.013193176] [rtabmap.rgbd_odometry]: Odom: quality=176, std dev=0.000306m|0.014170rad, update time=0.087416s delay=0.157037s[0m
[rgbd_odometry-1] [0m[INFO] [1776442905.150596079] [rtabmap.rgbd_odometry]: Odom: quality=171, std dev=0.000327m|0.014170rad, update time=0.091297s delay=0.161014s[0m
[rtabmap-2] [0m[INFO] [1776442905.218607366] [rtabmap.rtabmap]: rtabmap (296): Rate=0.50s, Limit=0.000s, Conversion=0.0018s, RTAB-Map=0.0623s, Maps update=0.0001s pub=0.0022s delay=0.2290s (local map=1, WM=1)[0m
[rgbd_odometry-1] [0m[INFO] [1776442905.282953043] [rtabmap.rgbd_odometry]: Odom: quality=171, std dev=0.000273m|0.016542rad, update time=0.090304s delay=0.159942s[0m
[rgbd_odometry-1] [0m[INFO] [1776442905.416117935] [rtabmap.rgbd_odometry]: Odom: quality=175, std dev=0.000275m|0.008712rad, update time=0.090612s delay=0.159681s[0m
[rgbd_odometry-1] [0m[INFO] [1776442905.552223488] [rtabmap.rgbd_odometry]: Odom: quality=176, std dev=0.000390m|0.025890rad, update time=0.093242s delay=0.162360s[0m
[rgbd_odometry-1] [0m[INFO] [1776442905.681500843] [rtabmap.rgbd_odometry]: Odom: quality=175, std dev=0.000181m|0.017144rad, update time=0.087991s delay=0.158208s[0m
[rtabmap-2] [0m[INFO] [1776442905.732074760] [rtabmap.rtabmap]: rtabmap (297): Rate=0.50s, Limit=0.000s, Conversion=0.0017s, RTAB-Map=0.0442s, Maps update=0.0001s pub=0.0015s delay=0.2088s (local map=1, WM=1)[0m
[rgbd_odometry-1] [0m[INFO] [1776442905.818405076] [rtabmap.rgbd_odometry]: Odom: quality=178, std dev=0.000481m|0.015492rad, update time=0.091591s delay=0.161686s[0m
[rgbd_odometry-1] [0m[INFO] [1776442905.952236099] [rtabmap.rgbd_odometry]: Odom: quality=164, std dev=0.000662m|0.030334rad, update time=0.092033s delay=0.162089s[0m
[rgbd_odometry-1] [0m[INFO] [1776442906.086084787] [rtabmap.rgbd_odometry]: Odom: quality=179, std dev=0.000238m|0.011465rad, update time=0.091448s delay=0.162507s[0m
[rgbd_odometry-1] [0m[INFO] [1776442906.224306530] [rtabmap.rgbd_odometry]: Odom: quality=187, std dev=0.000248m|0.008712rad, update time=0.095123s delay=0.167296s[0m
[rtabmap-2] [0m[INFO] [1776442906.262803456] [rtabmap.rtabmap]: rtabmap (298): Rate=0.50s, Limit=0.000s, Conversion=0.0014s, RTAB-Map=0.0337s, Maps update=0.0001s pub=0.0015s delay=0.2058s (local map=1, WM=1)[0m
[rgbd_odometry-1] [0m[INFO] [1776442906.355873872] [rtabmap.rgbd_odometry]: Odom: quality=162, std dev=0.000191m|0.010360rad, update time=0.091869s delay=0.165440s[0m
[rgbd_odometry-1] [0m[INFO] [1776442906.482573360] [rtabmap.rgbd_odometry]: Odom: quality=166, std dev=0.000203m|0.008712rad, update time=0.087083s delay=0.158707s[0m
[rgbd_odometry-1] [0m[INFO] [1776442906.617861705] [rtabmap.rgbd_odometry]: Odom: quality=184, std dev=0.000200m|0.012320rad, update time=0.090674s delay=0.160569s[0m
[rgbd_odometry-1] [0m[INFO] [1776442906.745308031] [rtabmap.rgbd_odometry]: Odom: quality=177, std dev=0.000154m|0.015089rad, update time=0.085078s delay=0.154584s[0m
[rtabmap-2] [0m[INFO] [1776442906.782057419] [rtabmap.rtabmap]: rtabmap (299): Rate=0.50s, Limit=0.000s, Conversion=0.0016s, RTAB-Map=0.0323s, Maps update=0.0001s pub=0.0015s delay=0.1913s (local map=1, WM=1)[0m
[rgbd_odometry-1] [0m[INFO] [1776442906.880099627] [rtabmap.rgbd_odometry]: Odom: quality=176, std dev=0.000119m|0.008712rad, update time=0.084873s delay=0.155949s[0m
[rgbd_odometry-1] [0m[INFO] [1776442907.016705835] [rtabmap.rgbd_odometry]: Odom: quality=181, std dev=0.000189m|0.016851rad, update time=0.089070s delay=0.159128s[0m
[rgbd_odometry-1] [0m[INFO] [1776442907.149625312] [rtabmap.rgbd_odometry]: Odom: quality=177, std dev=0.000306m|0.014170rad, update time=0.088148s delay=0.158621s[0m
[rgbd_odometry-1] [0m[INFO] [1776442907.280466904] [rtabmap.rgbd_odometry]: Odom: quality=172, std dev=0.000395m|0.016214rad, update time=0.086936s delay=0.156032s[0m
[rtabmap-2] [0m[INFO] [1776442907.333154995] [rtabmap.rtabmap]: rtabmap (300): Rate=0.50s, Limit=0.000s, Conversion=0.0023s, RTAB-Map=0.0466s, Maps update=0.0001s pub=0.0016s delay=0.2087s (local map=1, WM=1)[0m
[rgbd_odometry-1] [0m[INFO] [1776442907.419141813] [rtabmap.rgbd_odometry]: Odom: quality=175, std dev=0.000433m|0.018867rad, update time=0.092202s delay=0.161282s[0m
[rgbd_odometry-1] [0m[INFO] [1776442907.554486320] [rtabmap.rgbd_odometry]: Odom: quality=177, std dev=0.000289m|0.017423rad, update time=0.091855s delay=0.163200s[0m
[rgbd_odometry-1] [0m[INFO] [1776442907.687525737] [rtabmap.rgbd_odometry]: Odom: quality=177, std dev=0.000250m|0.015492rad, update time=0.090687s delay=0.162813s[0m
[rgbd_odometry-1] [0m[INFO] [1776442907.815883193] [rtabmap.rgbd_odometry]: Odom: quality=184, std dev=0.000389m|0.018867rad, update time=0.085959s delay=0.157742s[0m
[rtabmap-2] [0m[INFO] [1776442907.855576826] [rtabmap.rtabmap]: rtabmap (301): Rate=0.50s, Limit=0.000s, Conversion=0.0026s, RTAB-Map=0.0335s, Maps update=0.0001s pub=0.0017s delay=0.1974s (local map=1, WM=1)[0m
[rgbd_odometry-1] [0m[INFO] [1776442907.958675149] [rtabmap.rgbd_odometry]: Odom: quality=179, std dev=0.000114m|0.008712rad, update time=0.097564s delay=0.167107s[0m
[rgbd_odometry-1] [0m[INFO] [1776442908.086676627] [rtabmap.rgbd_odometry]: Odom: quality=174, std dev=0.000274m|0.010360rad, update time=0.088140s delay=0.161684s[0m
[rgbd_odometry-1] [0m[INFO] [1776442908.219515910] [rtabmap.rgbd_odometry]: Odom: quality=188, std dev=0.000686m|0.017944rad, update time=0.090371s delay=0.161096s[0m
[rgbd_odometry-1] [0m[INFO] [1776442908.352880520] [rtabmap.rgbd_odometry]: Odom: quality=177, std dev=0.000269m|0.008712rad, update time=0.090238s delay=0.161033s[0m
[rtabmap-2] [0m[INFO] [1776442908.395442268] [rtabmap.rtabmap]: rtabmap (302): Rate=0.50s, Limit=0.000s, Conversion=0.0018s, RTAB-Map=0.0364s, Maps update=0.0001s pub=0.0019s delay=0.2036s (local map=1, WM=1)[0m
[rgbd_odometry-1] [0m[INFO] [1776442908.485588599] [rtabmap.rgbd_odometry]: Odom: quality=188, std dev=0.001100m|0.025551rad, update time=0.086139s delay=0.160313s[0m
[rgbd_odometry-1] [0m[INFO] [1776442908.618046367] [rtabmap.rgbd_odometry]: Odom: quality=181, std dev=0.000172m|0.013634rad, update time=0.088882s delay=0.159343s[0m
[rgbd_odometry-1] [0m[INFO] [1776442908.753099378] [rtabmap.rgbd_odometry]: Odom: quality=181, std dev=0.000125m|0.010360rad, update time=0.090103s delay=0.160971s[0m
[rgbd_odometry-1] [0m[INFO] [1776442908.883835688] [rtabmap.rgbd_odometry]: Odom: quality=188, std dev=0.000551m|0.015492rad, update time=0.087616s delay=0.158280s[0m
[rtabmap-2] [0m[INFO] [1776442908.931501936] [rtabmap.rtabmap]: rtabmap (303): Rate=0.50s, Limit=0.000s, Conversion=0.0017s, RTAB-Map=0.0429s, Maps update=0.0001s pub=0.0015s delay=0.2060s (local map=1, WM=1)[0m
[rgbd_odometry-1] [0m[INFO] [1776442909.029857273] [rtabmap.rgbd_odometry]: Odom: quality=174, std dev=0.000280m|0.008712rad, update time=0.100011s delay=0.170874s[0m
[rgbd_odometry-1] [0m[INFO] [1776442909.157792318] [rtabmap.rgbd_odometry]: Odom: quality=180, std dev=0.000249m|0.019078rad, update time=0.091693s delay=0.165381s[0m
[rgbd_odometry-1] [0m[INFO] [1776442909.281991030] [rtabmap.rgbd_odometry]: Odom: quality=182, std dev=0.000133m|0.014651rad, update time=0.087091s delay=0.156153s[0m
[rgbd_odometry-1] [0m[INFO] [1776442909.415877383] [rtabmap.rgbd_odometry]: Odom: quality=172, std dev=0.000274m|0.008712rad, update time=0.086527s delay=0.156611s[0m
[rtabmap-2] [0m[INFO] [1776442909.450565175] [rtabmap.rtabmap]: rtabmap (304): Rate=0.50s, Limit=0.000s, Conversion=0.0018s, RTAB-Map=0.0302s, Maps update=0.0001s pub=0.0013s delay=0.1913s (local map=1, WM=1)[0m
[rgbd_odometry-1] [0m[INFO] [1776442909.551637615] [rtabmap.rgbd_odometry]: Odom: quality=179, std dev=0.000169m|0.000173rad, update time=0.087116s delay=0.158943s[0m
[rgbd_odometry-1] [0m[INFO] [1776442909.684504099] [rtabmap.rgbd_odometry]: Odom: quality=178, std dev=0.000321m|0.012320rad, update time=0.087622s delay=0.158380s[0m
[rgbd_odometry-1] [0m[INFO] [1776442909.816194516] [rtabmap.rgbd_odometry]: Odom: quality=187, std dev=0.000525m|0.021630rad, update time=0.086649s delay=0.156644s[0m
[rgbd_odometry-1] [0m[INFO] [1776442909.955857229] [rtabmap.rgbd_odometry]: Odom: quality=166, std dev=0.000457m|0.015865rad, update time=0.091131s delay=0.162877s[0m
[rtabmap-2] [0m[INFO] [1776442910.011863240] [rtabmap.rtabmap]: rtabmap (305): Rate=0.50s, Limit=0.000s, Conversion=0.0019s, RTAB-Map=0.0496s, Maps update=0.0001s pub=0.0013s delay=0.2189s (local map=1, WM=1)[0m
[rgbd_odometry-1] [0m[INFO] [1776442910.090022471] [rtabmap.rgbd_odometry]: Odom: quality=175, std dev=0.000221m|0.014651rad, update time=0.091277s delay=0.163614s[0m
[rgbd_odometry-1] [0m[INFO] [1776442910.218483419] [rtabmap.rgbd_odometry]: Odom: quality=175, std dev=0.000164m|0.011465rad, update time=0.089332s delay=0.158649s[0m
[rgbd_odometry-1] [0m[INFO] [1776442910.355063866] [rtabmap.rgbd_odometry]: Odom: quality=165, std dev=0.000333m|0.023281rad, update time=0.091826s delay=0.161803s[0m
[rgbd_odometry-1] [0m[INFO] [1776442910.484378727] [rtabmap.rgbd_odometry]: Odom: quality=181, std dev=0.000745m|0.019282rad, update time=0.083968s delay=0.157688s[0m
[rtabmap-2] [0m[INFO] [1776442910.528414726] [rtabmap.rtabmap]: rtabmap (306): Rate=0.50s, Limit=0.000s, Conversion=0.0023s, RTAB-Map=0.0379s, Maps update=0.0001s pub=0.0017s delay=0.2017s (local map=1, WM=1)[0m
[rgbd_odometry-1] [0m[INFO] [1776442910.630230740] [rtabmap.rgbd_odometry]: Odom: quality=178, std dev=0.000133m|0.013027rad, update time=0.097186s delay=0.170115s[0m
[rgbd_odometry-1] [0m[INFO] [1776442910.756309123] [rtabmap.rgbd_odometry]: Odom: quality=174, std dev=0.000296m|0.008712rad, update time=0.090166s delay=0.162763s[0m
[rgbd_odometry-1] [0m[INFO] [1776442910.889173143] [rtabmap.rgbd_odometry]: Odom: quality=181, std dev=0.000235m|0.008712rad, update time=0.090942s delay=0.162197s[0m
[rgbd_odometry-1] [0m[INFO] [1776442911.021416664] [rtabmap.rgbd_odometry]: Odom: quality=179, std dev=0.000309m|0.008712rad, update time=0.091304s delay=0.161016s[0m
[rtabmap-2] [0m[INFO] [1776442911.056105896] [rtabmap.rtabmap]: rtabmap (307): Rate=0.50s, Limit=0.000s, Conversion=0.0014s, RTAB-Map=0.0301s, Maps update=0.0001s pub=0.0014s delay=0.1957s (local map=1, WM=1)[0m
[rgbd_odometry-1] [0m[INFO] [1776442911.156066752] [rtabmap.rgbd_odometry]: Odom: quality=161, std dev=0.000170m|0.000173rad, update time=0.091506s delay=0.162238s[0m
[rgbd_odometry-1] [0m[INFO] [1776442911.287289892] [rtabmap.rgbd_odometry]: Odom: quality=179, std dev=0.000299m|0.010360rad, update time=0.090815s delay=0.160034s[0m
[rgbd_odometry-1] [0m[INFO] [1776442911.418948373] [rtabmap.rgbd_odometry]: Odom: quality=173, std dev=0.001173m|0.023394rad, update time=0.088005s delay=0.158264s[0m
[rgbd_odometry-1] [0m[INFO] [1776442911.551028914] [rtabmap.rgbd_odometry]: Odom: quality=166, std dev=0.000751m|0.035668rad, update time=0.087294s delay=0.156918s[0m
[rtabmap-2] [0m[INFO] [1776442911.583811115] [rtabmap.rtabmap]: rtabmap (308): Rate=0.50s, Limit=0.000s, Conversion=0.0014s, RTAB-Map=0.0283s, Maps update=0.0001s pub=0.0017s delay=0.1897s (local map=1, WM=1)[0m
[rgbd_odometry-1] [0m[INFO] [1776442911.685473780] [rtabmap.rgbd_odometry]: Odom: quality=173, std dev=0.000599m|0.033852rad, update time=0.088281s delay=0.157935s[0m
[rgbd_odometry-1] [0m[INFO] [1776442911.823035824] [rtabmap.rgbd_odometry]: Odom: quality=177, std dev=0.000193m|0.000173rad, update time=0.092092s delay=0.162070s[0m
[rgbd_odometry-1] [0m[INFO] [1776442911.953007920] [rtabmap.rgbd_odometry]: Odom: quality=179, std dev=0.000425m|0.018188rad, update time=0.088817s delay=0.158615s[0m
[rgbd_odometry-1] [0m[INFO] [1776442912.083980429] [rtabmap.rgbd_odometry]: Odom: quality=175, std dev=0.000104m|0.010360rad, update time=0.085591s delay=0.156160s[0m
[rtabmap-2] [0m[INFO] [1776442912.124766510] [rtabmap.rtabmap]: rtabmap (309): Rate=0.50s, Limit=0.000s, Conversion=0.0016s, RTAB-Map=0.0357s, Maps update=0.0001s pub=0.0018s delay=0.1970s (local map=1, WM=1)[0m
[rgbd_odometry-1] [0m[INFO] [1776442912.221282210] [rtabmap.rgbd_odometry]: Odom: quality=176, std dev=0.000319m|0.018867rad, update time=0.090046s delay=0.160036s[0m
[rgbd_odometry-1] [0m[INFO] [1776442912.356524955] [rtabmap.rgbd_odometry]: Odom: quality=170, std dev=0.000300m|0.014651rad, update time=0.087867s delay=0.161851s[0m
[rgbd_odometry-1] [0m[INFO] [1776442912.485196949] [rtabmap.rgbd_odometry]: Odom: quality=182, std dev=0.000292m|0.000173rad, update time=0.085653s delay=0.157097s[0m
[rgbd_odometry-1] [0m[INFO] [1776442912.626961420] [rtabmap.rgbd_odometry]: Odom: quality=174, std dev=0.000937m|0.019480rad, update time=0.091163s delay=0.165434s[0m
[rtabmap-2] [0m[INFO] [1776442912.679275100] [rtabmap.rtabmap]: rtabmap (310): Rate=0.50s, Limit=0.000s, Conversion=0.0017s, RTAB-Map=0.0473s, Maps update=0.0001s pub=0.0017s delay=0.2178s (local map=1, WM=1)[0m
[rgbd_odometry-1] [0m[INFO] [1776442912.758186832] [rtabmap.rgbd_odometry]: Odom: quality=179, std dev=0.000181m|0.012320rad, update time=0.090686s delay=0.163233s[0m
[rgbd_odometry-1] [0m[INFO] [1776442912.882693522] [rtabmap.rgbd_odometry]: Odom: quality=175, std dev=0.000148m|0.011465rad, update time=0.084340s delay=0.154313s[0m
[rgbd_odometry-1] [0m[INFO] [1776442913.020926178] [rtabmap.rgbd_odometry]: Odom: quality=183, std dev=0.000130m|0.011465rad, update time=0.088484s delay=0.159117s[0m
[rgbd_odometry-1] [0m[INFO] [1776442913.154112895] [rtabmap.rgbd_odometry]: Odom: quality=181, std dev=0.000118m|0.010360rad, update time=0.086967s delay=0.158877s[0m
[rtabmap-2] [0m[INFO] [1776442913.187559403] [rtabmap.rtabmap]: rtabmap (311): Rate=0.50s, Limit=0.000s, Conversion=0.0015s, RTAB-Map=0.0291s, Maps update=0.0001s pub=0.0016s delay=0.1923s (local map=1, WM=1)[0m
[rgbd_odometry-1] [0m[INFO] [1776442913.290973671] [rtabmap.rgbd_odometry]: Odom: quality=169, std dev=0.000447m|0.016851rad, update time=0.090599s delay=0.162309s[0m
[rgbd_odometry-1] [0m[INFO] [1776442913.421728542] [rtabmap.rgbd_odometry]: Odom: quality=175, std dev=0.000721m|0.016214rad, update time=0.089837s delay=0.159634s[0m
[rgbd_odometry-1] [0m[INFO] [1776442913.558556709] [rtabmap.rgbd_odometry]: Odom: quality=175, std dev=0.000645m|0.016851rad, update time=0.093247s delay=0.163036s[0m
[rgbd_odometry-1] [0m[INFO] [1776442913.690519391] [rtabmap.rgbd_odometry]: Odom: quality=177, std dev=0.001021m|0.021909rad, update time=0.089122s delay=0.161571s[0m
[rtabmap-2] [0m[INFO] [1776442913.730059324] [rtabmap.rtabmap]: rtabmap (312): Rate=0.50s, Limit=0.000s, Conversion=0.0021s, RTAB-Map=0.0339s, Maps update=0.0001s pub=0.0014s delay=0.2011s (local map=1, WM=1)[0m
[rgbd_odometry-1] [0m[INFO] [1776442913.822027948] [rtabmap.rgbd_odometry]: Odom: quality=168, std dev=0.001361m|0.034881rad, update time=0.088772s delay=0.159655s[0m
[rgbd_odometry-1] [0m[INFO] [1776442913.956507247] [rtabmap.rgbd_odometry]: Odom: quality=180, std dev=0.000263m|0.008712rad, update time=0.089785s delay=0.160705s[0m
[rgbd_odometry-1] [0m[INFO] [1776442914.086270121] [rtabmap.rgbd_odometry]: Odom: quality=163, std dev=0.000149m|0.011465rad, update time=0.085028s delay=0.157039s[0m
[rgbd_odometry-1] [0m[INFO] [1776442914.221479138] [rtabmap.rgbd_odometry]: Odom: quality=174, std dev=0.000232m|0.013027rad, update time=0.088672s delay=0.158818s[0m
[rtabmap-2] [0m[INFO] [1776442914.279114732] [rtabmap.rtabmap]: rtabmap (313): Rate=0.50s, Limit=0.000s, Conversion=0.0024s, RTAB-Map=0.0517s, Maps update=0.0001s pub=0.0017s delay=0.2165s (local map=1, WM=1)[0m
[rgbd_odometry-1] [0m[INFO] [1776442914.367241997] [rtabmap.rgbd_odometry]: Odom: quality=175, std dev=0.000252m|0.014651rad, update time=0.099394s delay=0.171154s[0m
[rgbd_odometry-1] [0m[INFO] [1776442914.490913046] [rtabmap.rgbd_odometry]: Odom: quality=168, std dev=0.000453m|0.021036rad, update time=0.089942s delay=0.161396s[0m
[rgbd_odometry-1] [0m[INFO] [1776442914.619392939] [rtabmap.rgbd_odometry]: Odom: quality=180, std dev=0.000242m|0.010360rad, update time=0.085698s delay=0.156447s[0m
[rgbd_odometry-1] [0m[INFO] [1776442914.766732003] [rtabmap.rgbd_odometry]: Odom: quality=165, std dev=0.000377m|0.022810rad, update time=0.100563s delay=0.170357s[0m
[rtabmap-2] [0m[INFO] [1776442914.832255923] [rtabmap.rtabmap]: rtabmap (314): Rate=0.50s, Limit=0.000s, Conversion=0.0025s, RTAB-Map=0.0587s, Maps update=0.0001s pub=0.0023s delay=0.2359s (local map=1, WM=1)[0m
[rgbd_odometry-1] [0m[INFO] [1776442914.895138326] [rtabmap.rgbd_odometry]: Odom: quality=165, std dev=0.000301m|0.015492rad, update time=0.095729s delay=0.165335s[0m
[rgbd_odometry-1] [0m[INFO] [1776442915.027693569] [rtabmap.rgbd_odometry]: Odom: quality=167, std dev=0.001131m|0.033242rad, update time=0.095496s delay=0.164460s[0m
[rgbd_odometry-1] [0m[INFO] [1776442915.151573585] [rtabmap.rgbd_odometry]: Odom: quality=194, std dev=0.000539m|0.019858rad, update time=0.085615s delay=0.154912s[0m
[rgbd_odometry-1] [0m[INFO] [1776442915.290526902] [rtabmap.rgbd_odometry]: Odom: quality=181, std dev=0.000391m|0.017144rad, update time=0.091166s delay=0.160433s[0m
[rtabmap-2] [0m[INFO] [1776442915.336280199] [rtabmap.rtabmap]: rtabmap (315): Rate=0.50s, Limit=0.000s, Conversion=0.0020s, RTAB-Map=0.0406s, Maps update=0.0001s pub=0.0014s delay=0.2062s (local map=1, WM=1)[0m
[rgbd_odometry-1] [0m[INFO] [1776442915.432643255] [rtabmap.rgbd_odometry]: Odom: quality=182, std dev=0.000136m|0.011465rad, update time=0.099112s delay=0.169119s[0m
[rgbd_odometry-1] [0m[INFO] [1776442915.557591077] [rtabmap.rgbd_odometry]: Odom: quality=178, std dev=0.001340m|0.021770rad, update time=0.089754s delay=0.160638s[0m
[rgbd_odometry-1] [0m[INFO] [1776442915.692224109] [rtabmap.rgbd_odometry]: Odom: quality=180, std dev=0.000219m|0.008712rad, update time=0.090810s delay=0.161840s[0m
[rgbd_odometry-1] [0m[INFO] [1776442915.824850203] [rtabmap.rgbd_odometry]: Odom: quality=167, std dev=0.000200m|0.015089rad, update time=0.087119s delay=0.161037s[0m
[rtabmap-2] [0m[INFO] [1776442915.871828112] [rtabmap.rtabmap]: rtabmap (316): Rate=0.50s, Limit=0.000s, Conversion=0.0015s, RTAB-Map=0.0421s, Maps update=0.0001s pub=0.0018s delay=0.2080s (local map=1, WM=1)[0m
[rgbd_odometry-1] [0m[INFO] [1776442915.958752141] [rtabmap.rgbd_odometry]: Odom: quality=167, std dev=0.000943m|0.021339rad, update time=0.091380s delay=0.161511s[0m
[rgbd_odometry-1] [0m[INFO] [1776442916.092886502] [rtabmap.rgbd_odometry]: Odom: quality=167, std dev=0.000159m|0.010360rad, update time=0.090635s delay=0.162218s[0m
[rgbd_odometry-1] [0m[INFO] [1776442916.229944149] [rtabmap.rgbd_odometry]: Odom: quality=185, std dev=0.000156m|0.010360rad, update time=0.095924s delay=0.165847s[0m
[rgbd_odometry-1] [0m[INFO] [1776442916.359244130] [rtabmap.rgbd_odometry]: Odom: quality=184, std dev=0.001055m|0.021630rad, update time=0.088379s delay=0.161721s[0m
[rtabmap-2] [0m[INFO] [1776442916.404323967] [rtabmap.rtabmap]: rtabmap (317): Rate=0.50s, Limit=0.000s, Conversion=0.0014s, RTAB-Map=0.0398s, Maps update=0.0001s pub=0.0022s delay=0.2068s (local map=1, WM=1)[0m
[rgbd_odometry-1] [0m[INFO] [1776442916.502189019] [rtabmap.rgbd_odometry]: Odom: quality=179, std dev=0.000961m|0.028713rad, update time=0.094635s delay=0.171236s[0m
[rgbd_odometry-1] [0m[INFO] [1776442916.626257040] [rtabmap.rgbd_odometry]: Odom: quality=169, std dev=0.000790m|0.019282rad, update time=0.090376s delay=0.161876s[0m
[rgbd_odometry-1] [0m[INFO] [1776442916.758078694] [rtabmap.rgbd_odometry]: Odom: quality=181, std dev=0.000113m|0.011465rad, update time=0.090499s delay=0.160269s[0m
[rgbd_odometry-1] [0m[INFO] [1776442916.891261764] [rtabmap.rgbd_odometry]: Odom: quality=176, std dev=0.000257m|0.019672rad, update time=0.089031s delay=0.160026s[0m
[rtabmap-2] [0m[INFO] [1776442916.933963004] [rtabmap.rtabmap]: rtabmap (318): Rate=0.50s, Limit=0.000s, Conversion=0.0020s, RTAB-Map=0.0367s, Maps update=0.0001s pub=0.0026s delay=0.2027s (local map=1, WM=1)[0m
[rgbd_odometry-1] [0m[INFO] [1776442917.026602784] [rtabmap.rgbd_odometry]: Odom: quality=170, std dev=0.000888m|0.021909rad, update time=0.092149s delay=0.161937s[0m
[rgbd_odometry-1] [0m[INFO] [1776442917.155205081] [rtabmap.rgbd_odometry]: Odom: quality=169, std dev=0.000188m|0.012320rad, update time=0.087952s delay=0.157111s[0m
[rgbd_odometry-1] [0m[INFO] [1776442917.290922816] [rtabmap.rgbd_odometry]: Odom: quality=173, std dev=0.000283m|0.000173rad, update time=0.089559s delay=0.159402s[0m
[rgbd_odometry-1] [0m[INFO] [1776442917.426502148] [rtabmap.rgbd_odometry]: Odom: quality=179, std dev=0.000168m|0.010360rad, update time=0.090758s delay=0.161551s[0m
[rtabmap-2] [0m[INFO] [1776442917.462887429] [rtabmap.rtabmap]: rtabmap (319): Rate=0.50s, Limit=0.000s, Conversion=0.0016s, RTAB-Map=0.0319s, Maps update=0.0001s pub=0.0013s delay=0.1979s (local map=1, WM=1)[0m
[rgbd_odometry-1] [0m[INFO] [1776442917.575477357] [rtabmap.rgbd_odometry]: Odom: quality=183, std dev=0.000228m|0.000173rad, update time=0.102772s delay=0.177100s[0m
[rgbd_odometry-1] [0m[INFO] [1776442917.694546384] [rtabmap.rgbd_odometry]: Odom: quality=179, std dev=0.000126m|0.012320rad, update time=0.091975s delay=0.162741s[0m
[rgbd_odometry-1] [0m[INFO] [1776442917.826321253] [rtabmap.rgbd_odometry]: Odom: quality=177, std dev=0.000239m|0.015089rad, update time=0.091331s delay=0.161087s[0m
[rgbd_odometry-1] [0m[INFO] [1776442917.956565422] [rtabmap.rgbd_odometry]: Odom: quality=179, std dev=0.000184m|0.016851rad, update time=0.087504s delay=0.157903s[0m
[rtabmap-2] [0m[INFO] [1776442917.991223997] [rtabmap.rtabmap]: rtabmap (320): Rate=0.50s, Limit=0.000s, Conversion=0.0014s, RTAB-Map=0.0293s, Maps update=0.0001s pub=0.0013s delay=0.1926s (local map=1, WM=1)[0m
[rgbd_odometry-1] [0m[INFO] [1776442918.093707871] [rtabmap.rgbd_odometry]: Odom: quality=177, std dev=0.000306m|0.012320rad, update time=0.092032s delay=0.161617s[0m
[rgbd_odometry-1] [0m[INFO] [1776442918.225469907] [rtabmap.rgbd_odometry]: Odom: quality=179, std dev=0.000432m|0.024831rad, update time=0.089928s delay=0.159950s[0m
[rgbd_odometry-1] [0m[INFO] [1776442918.366524054] [rtabmap.rgbd_odometry]: Odom: quality=170, std dev=0.000298m|0.010360rad, update time=0.095205s delay=0.167577s[0m
[rgbd_odometry-1] [0m[INFO] [1776442918.493452254] [rtabmap.rgbd_odometry]: Odom: quality=181, std dev=0.000281m|0.019480rad, update time=0.088290s delay=0.161077s[0m
[rtabmap-2] [0m[INFO] [1776442918.548548799] [rtabmap.rtabmap]: rtabmap (321): Rate=0.50s, Limit=0.000s, Conversion=0.0014s, RTAB-Map=0.0508s, Maps update=0.0001s pub=0.0014s delay=0.2162s (local map=1, WM=1)[0m
[rgbd_odometry-1] [0m[INFO] [1776442918.631340837] [rtabmap.rgbd_odometry]: Odom: quality=191, std dev=0.000269m|0.014651rad, update time=0.091446s delay=0.165538s[0m
[rgbd_odometry-1] [0m[INFO] [1776442918.759676342] [rtabmap.rgbd_odometry]: Odom: quality=176, std dev=0.000348m|0.013634rad, update time=0.090845s delay=0.160445s[0m
[rgbd_odometry-1] [0m[INFO] [1776442918.894980946] [rtabmap.rgbd_odometry]: Odom: quality=182, std dev=0.000417m|0.014651rad, update time=0.091125s delay=0.162321s[0m
[rgbd_odometry-1] [0m[INFO] [1776442919.026852681] [rtabmap.rgbd_odometry]: Odom: quality=181, std dev=0.000140m|0.012320rad, update time=0.088619s delay=0.160765s[0m
[rtabmap-2] [0m[INFO] [1776442919.080126709] [rtabmap.rtabmap]: rtabmap (322): Rate=0.50s, Limit=0.000s, Conversion=0.0019s, RTAB-Map=0.0466s, Maps update=0.0001s pub=0.0014s delay=0.2140s (local map=1, WM=1)[0m
[rgbd_odometry-1] [0m[INFO] [1776442919.162316522] [rtabmap.rgbd_odometry]: Odom: quality=163, std dev=0.001696m|0.024831rad, update time=0.091287s delay=0.162802s[0m
[rgbd_odometry-1] [0m[INFO] [1776442919.292445071] [rtabmap.rgbd_odometry]: Odom: quality=173, std dev=0.000148m|0.010360rad, update time=0.090156s delay=0.159503s[0m
[rgbd_odometry-1] [0m[INFO] [1776442919.424401001] [rtabmap.rgbd_odometry]: Odom: quality=177, std dev=0.000109m|0.008712rad, update time=0.087353s delay=0.158030s[0m
[rgbd_odometry-1] [0m[INFO] [1776442919.558416736] [rtabmap.rgbd_odometry]: Odom: quality=166, std dev=0.000138m|0.010360rad, update time=0.088879s delay=0.158619s[0m
[rtabmap-2] [0m[INFO] [1776442919.593836933] [rtabmap.rtabmap]: rtabmap (323): Rate=0.50s, Limit=0.000s, Conversion=0.0014s, RTAB-Map=0.0306s, Maps update=0.0001s pub=0.0016s delay=0.1940s (local map=1, WM=1)[0m
[rgbd_odometry-1] [0m[INFO] [1776442919.689345916] [rtabmap.rgbd_odometry]: Odom: quality=176, std dev=0.000156m|0.000173rad, update time=0.084705s delay=0.156120s[0m
[rgbd_odometry-1] [0m[INFO] [1776442919.826211461] [rtabmap.rgbd_odometry]: Odom: quality=182, std dev=0.000887m|0.036730rad, update time=0.090229s delay=0.159559s[0m
[rgbd_odometry-1] [0m[INFO] [1776442919.961485088] [rtabmap.rgbd_odometry]: Odom: quality=172, std dev=0.000520m|0.023616rad, update time=0.088850s delay=0.161404s[0m
[rgbd_odometry-1] [0m[INFO] [1776442920.092403645] [rtabmap.rgbd_odometry]: Odom: quality=175, std dev=0.000774m|0.022930rad, update time=0.086607s delay=0.158895s[0m
[rtabmap-2] [0m[INFO] [1776442920.129731513] [rtabmap.rtabmap]: rtabmap (324): Rate=0.50s, Limit=0.000s, Conversion=0.0022s, RTAB-Map=0.0321s, Maps update=0.0001s pub=0.0013s delay=0.1962s (local map=1, WM=1)[0m
[rgbd_odometry-1] [0m[INFO] [1776442920.230445832] [rtabmap.rgbd_odometry]: Odom: quality=169, std dev=0.000451m|0.026980rad, update time=0.091510s delay=0.163508s[0m
[rgbd_odometry-1] [0m[INFO] [1776442920.356001961] [rtabmap.rgbd_odometry]: Odom: quality=174, std dev=0.000394m|0.015492rad, update time=0.085831s delay=0.155638s[0m
[rgbd_odometry-1] [0m[INFO] [1776442920.492493703] [rtabmap.rgbd_odometry]: Odom: quality=185, std dev=0.000246m|0.011465rad, update time=0.086557s delay=0.158701s[0m
[rgbd_odometry-1] [0m[INFO] [1776442920.629264109] [rtabmap.rgbd_odometry]: Odom: quality=173, std dev=0.000242m|0.008712rad, update time=0.089058s delay=0.162046s[0m
[rtabmap-2] [0m[INFO] [1776442920.681318486] [rtabmap.rtabmap]: rtabmap (325): Rate=0.50s, Limit=0.000s, Conversion=0.0023s, RTAB-Map=0.0458s, Maps update=0.0001s pub=0.0017s delay=0.2141s (local map=1, WM=1)[0m
[rgbd_odometry-1] [0m[INFO] [1776442920.771511539] [rtabmap.rgbd_odometry]: Odom: quality=173, std dev=0.000111m|0.010360rad, update time=0.097618s delay=0.170865s[0m
[rgbd_odometry-1] [0m[INFO] [1776442920.888636318] [rtabmap.rgbd_odometry]: Odom: quality=188, std dev=0.000259m|0.014651rad, update time=0.083539s delay=0.154561s[0m
[rgbd_odometry-1] [0m[INFO] [1776442921.027527778] [rtabmap.rgbd_odometry]: Odom: quality=181, std dev=0.000395m|0.017144rad, update time=0.088152s delay=0.160023s[0m
[rgbd_odometry-1] [0m[INFO] [1776442921.162134666] [rtabmap.rgbd_odometry]: Odom: quality=164, std dev=0.000929m|0.035182rad, update time=0.090846s delay=0.161202s[0m
[rtabmap-2] [0m[INFO] [1776442921.195901791] [rtabmap.rtabmap]: rtabmap (326): Rate=0.50s, Limit=0.000s, Conversion=0.0015s, RTAB-Map=0.0296s, Maps update=0.0001s pub=0.0013s delay=0.1950s (local map=1, WM=1)[0m
[rgbd_odometry-1] [0m[INFO] [1776442921.294356365] [rtabmap.rgbd_odometry]: Odom: quality=165, std dev=0.000262m|0.008712rad, update time=0.090721s delay=0.159994s[0m
[rgbd_odometry-1] [0m[INFO] [1776442921.427740337] [rtabmap.rgbd_odometry]: Odom: quality=177, std dev=0.000198m|0.000173rad, update time=0.088546s delay=0.159947s[0m
[rgbd_odometry-1] [0m[INFO] [1776442921.562037039] [rtabmap.rgbd_odometry]: Odom: quality=187, std dev=0.000172m|0.015492rad, update time=0.090930s delay=0.160815s[0m
[rgbd_odometry-1] [0m[INFO] [1776442921.700575017] [rtabmap.rgbd_odometry]: Odom: quality=175, std dev=0.000611m|0.027126rad, update time=0.093678s delay=0.165925s[0m
[rtabmap-2] [0m[INFO] [1776442921.745852333] [rtabmap.rtabmap]: rtabmap (327): Rate=0.50s, Limit=0.000s, Conversion=0.0014s, RTAB-Map=0.0410s, Maps update=0.0001s pub=0.0015s delay=0.2112s (local map=1, WM=1)[0m
[rgbd_odometry-1] [0m[INFO] [1776442921.837504692] [rtabmap.rgbd_odometry]: Odom: quality=172, std dev=0.000380m|0.020880rad, update time=0.099522s delay=0.169425s[0m
[rgbd_odometry-1] [0m[INFO] [1776442921.963431744] [rtabmap.rgbd_odometry]: Odom: quality=170, std dev=0.000244m|0.012320rad, update time=0.092421s delay=0.161925s[0m
[rgbd_odometry-1] [0m[INFO] [1776442922.096636223] [rtabmap.rgbd_odometry]: Odom: quality=183, std dev=0.000287m|0.014170rad, update time=0.090444s delay=0.161700s[0m
[rgbd_odometry-1] [0m[INFO] [1776442922.231281800] [rtabmap.rgbd_odometry]: Odom: quality=163, std dev=0.000345m|0.013027rad, update time=0.093586s delay=0.162919s[0m
[rtabmap-2] [0m[INFO] [1776442922.303451513] [rtabmap.rtabmap]: rtabmap (328): Rate=0.50s, Limit=0.000s, Conversion=0.0016s, RTAB-Map=0.0674s, Maps update=0.0001s pub=0.0017s delay=0.2351s (local map=1, WM=1)[0m
[rgbd_odometry-1] [0m[INFO] [1776442922.364450182] [rtabmap.rgbd_odometry]: Odom: quality=168, std dev=0.000284m|0.016851rad, update time=0.092814s delay=0.162657s[0m
[rgbd_odometry-1] [0m[INFO] [1776442922.494227873] [rtabmap.rgbd_odometry]: Odom: quality=173, std dev=0.000522m|0.020040rad, update time=0.089506s delay=0.159007s[0m
[rgbd_odometry-1] [0m[INFO] [1776442922.629242165] [rtabmap.rgbd_odometry]: Odom: quality=180, std dev=0.000190m|0.015865rad, update time=0.091166s delay=0.160592s[0m
[rgbd_odometry-1] [0m[INFO] [1776442922.763317133] [rtabmap.rgbd_odometry]: Odom: quality=178, std dev=0.000313m|0.012320rad, update time=0.091788s delay=0.161241s[0m
[rtabmap-2] [0m[INFO] [1776442922.821085692] [rtabmap.rtabmap]: rtabmap (329): Rate=0.50s, Limit=0.000s, Conversion=0.0014s, RTAB-Map=0.0535s, Maps update=0.0001s pub=0.0014s delay=0.2190s (local map=1, WM=1)[0m
[rgbd_odometry-1] [0m[INFO] [1776442922.895073378] [rtabmap.rgbd_odometry]: Odom: quality=166, std dev=0.000256m|0.013027rad, update time=0.089200s delay=0.159567s[0m
[rgbd_odometry-1] [0m[INFO] [1776442923.030269915] [rtabmap.rgbd_odometry]: Odom: quality=168, std dev=0.000562m|0.020216rad, update time=0.090733s delay=0.161334s[0m
[rgbd_odometry-1] [0m[INFO] [1776442923.160815693] [rtabmap.rgbd_odometry]: Odom: quality=177, std dev=0.000143m|0.011465rad, update time=0.088888s delay=0.158456s[0m
[rgbd_odometry-1] [0m[INFO] [1776442923.294512922] [rtabmap.rgbd_odometry]: Odom: quality=171, std dev=0.000173m|0.010360rad, update time=0.087344s delay=0.158724s[0m
[rtabmap-2] [0m[INFO] [1776442923.335347453] [rtabmap.rtabmap]: rtabmap (330): Rate=0.50s, Limit=0.000s, Conversion=0.0024s, RTAB-Map=0.0349s, Maps update=0.0001s pub=0.0015s delay=0.1996s (local map=1, WM=1)[0m
[rgbd_odometry-1] [0m[INFO] [1776442923.434248183] [rtabmap.rgbd_odometry]: Odom: quality=167, std dev=0.000310m|0.010360rad, update time=0.092051s delay=0.165032s[0m
[rgbd_odometry-1] [0m[INFO] [1776442923.563765067] [rtabmap.rgbd_odometry]: Odom: quality=176, std dev=0.000160m|0.000173rad, update time=0.090765s delay=0.161120s[0m
[rgbd_odometry-1] [0m[INFO] [1776442923.695987534] [rtabmap.rgbd_odometry]: Odom: quality=174, std dev=0.000595m|0.017423rad, update time=0.089354s delay=0.159916s[0m
[rgbd_odometry-1] [0m[INFO] [1776442923.830433329] [rtabmap.rgbd_odometry]: Odom: quality=174, std dev=0.000217m|0.015865rad, update time=0.091010s delay=0.160934s[0m
[rtabmap-2] [0m[INFO] [1776442923.866254370] [rtabmap.rtabmap]: rtabmap (331): Rate=0.50s, Limit=0.000s, Conversion=0.0015s, RTAB-Map=0.0317s, Maps update=0.0001s pub=0.0013s delay=0.1968s (local map=1, WM=1)[0m
[rgbd_odometry-1] [0m[INFO] [1776442923.969577213] [rtabmap.rgbd_odometry]: Odom: quality=171, std dev=0.000180m|0.011465rad, update time=0.092832s delay=0.166649s[0m
[rgbd_odometry-1] [0m[INFO] [1776442924.101018281] [rtabmap.rgbd_odometry]: Odom: quality=181, std dev=0.000544m|0.019282rad, update time=0.093839s delay=0.164660s[0m
[rgbd_odometry-1] [0m[INFO] [1776442924.227731307] [rtabmap.rgbd_odometry]: Odom: quality=179, std dev=0.000125m|0.011465rad, update time=0.087882s delay=0.157944s[0m
[rgbd_odometry-1] [0m[INFO] [1776442924.359305787] [rtabmap.rgbd_odometry]: Odom: quality=184, std dev=0.000171m|0.015865rad, update time=0.086365s delay=0.156089s[0m
[rtabmap-2] [0m[INFO] [1776442924.394844452] [rtabmap.rtabmap]: rtabmap (332): Rate=0.50s, Limit=0.000s, Conversion=0.0014s, RTAB-Map=0.0316s, Maps update=0.0001s pub=0.0013s delay=0.1916s (local map=1, WM=1)[0m
[rgbd_odometry-1] [0m[INFO] [1776442924.501307194] [rtabmap.rgbd_odometry]: Odom: quality=179, std dev=0.000162m|0.012320rad, update time=0.093010s delay=0.164661s[0m
[rgbd_odometry-1] [0m[INFO] [1776442924.629150846] [rtabmap.rgbd_odometry]: Odom: quality=176, std dev=0.000197m|0.015492rad, update time=0.088139s delay=0.159075s[0m
[rgbd_odometry-1] [0m[INFO] [1776442924.764821061] [rtabmap.rgbd_odometry]: Odom: quality=167, std dev=0.000129m|0.012320rad, update time=0.089741s delay=0.161316s[0m
[rgbd_odometry-1] [0m[INFO] [1776442924.898105190] [rtabmap.rgbd_odometry]: Odom: quality=163, std dev=0.000194m|0.011465rad, update time=0.088268s delay=0.161172s[0m
[rtabmap-2] [0m[INFO] [1776442924.936208058] [rtabmap.rtabmap]: rtabmap (333): Rate=0.50s, Limit=0.000s, Conversion=0.0018s, RTAB-Map=0.0313s, Maps update=0.0001s pub=0.0034s delay=0.1993s (local map=1, WM=1)[0m
[rgbd_odometry-1] [0m[INFO] [1776442925.031532012] [rtabmap.rgbd_odometry]: Odom: quality=176, std dev=0.000141m|0.013027rad, update time=0.090863s delay=0.161170s[0m
[rgbd_odometry-1] [0m[INFO] [1776442925.160836058] [rtabmap.rgbd_odometry]: Odom: quality=173, std dev=0.000168m|0.000173rad, update time=0.086158s delay=0.157047s[0m
[rgbd_odometry-1] [0m[INFO] [1776442925.295097880] [rtabmap.rgbd_odometry]: Odom: quality=175, std dev=0.000368m|0.023166rad, update time=0.087988s delay=0.157881s[0m
[rgbd_odometry-1] [0m[INFO] [1776442925.430263216] [rtabmap.rgbd_odometry]: Odom: quality=191, std dev=0.000290m|0.014170rad, update time=0.086665s delay=0.159617s[0m
[rtabmap-2] [0m[INFO] [1776442925.465632596] [rtabmap.rtabmap]: rtabmap (334): Rate=0.50s, Limit=0.000s, Conversion=0.0019s, RTAB-Map=0.0304s, Maps update=0.0001s pub=0.0014s delay=0.1950s (local map=1, WM=1)[0m
[rgbd_odometry-1] [0m[INFO] [1776442925.565876982] [rtabmap.rgbd_odometry]: Odom: quality=175, std dev=0.000101m|0.011465rad, update time=0.090603s delay=0.161804s[0m
[rgbd_odometry-1] [0m[INFO] [1776442925.700330906] [rtabmap.rgbd_odometry]: Odom: quality=168, std dev=0.000490m|0.018188rad, update time=0.092457s delay=0.162830s[0m
[rgbd_odometry-1] [0m[INFO] [1776442925.823736156] [rtabmap.rgbd_odometry]: Odom: quality=191, std dev=0.000139m|0.012320rad, update time=0.082800s delay=0.152806s[0m
[rgbd_odometry-1] [0m[INFO] [1776442925.967056129] [rtabmap.rgbd_odometry]: Odom: quality=174, std dev=0.000338m|0.021036rad, update time=0.092408s delay=0.162695s[0m
[rtabmap-2] [0m[INFO] [1776442926.013707053] [rtabmap.rtabmap]: rtabmap (335): Rate=0.50s, Limit=0.000s, Conversion=0.0016s, RTAB-Map=0.0364s, Maps update=0.0001s pub=0.0062s delay=0.2094s (local map=1, WM=1)[0m
[rgbd_odometry-1] [0m[INFO] [1776442926.098332521] [rtabmap.rgbd_odometry]: Odom: quality=171, std dev=0.000305m|0.017423rad, update time=0.090315s delay=0.160545s[0m
[rgbd_odometry-1] [0m[INFO] [1776442926.228709718] [rtabmap.rgbd_odometry]: Odom: quality=173, std dev=0.000226m|0.018188rad, update time=0.088185s delay=0.157491s[0m
[rgbd_odometry-1] [0m[INFO] [1776442926.361420007] [rtabmap.rgbd_odometry]: Odom: quality=171, std dev=0.000236m|0.008712rad, update time=0.084676s delay=0.156773s[0m
[rgbd_odometry-1] [0m[INFO] [1776442926.493692268] [rtabmap.rgbd_odometry]: Odom: quality=178, std dev=0.000214m|0.014651rad, update time=0.085789s delay=0.155618s[0m
[rtabmap-2] [0m[INFO] [1776442926.533557778] [rtabmap.rtabmap]: rtabmap (336): Rate=0.50s, Limit=0.000s, Conversion=0.0015s, RTAB-Map=0.0346s, Maps update=0.0001s pub=0.0019s delay=0.1955s (local map=1, WM=1)[0m
[rgbd_odometry-1] [0m[INFO] [1776442926.631981951] [rtabmap.rgbd_odometry]: Odom: quality=169, std dev=0.000433m|0.016542rad, update time=0.090969s delay=0.160480s[0m
[rgbd_odometry-1] [0m[INFO] [1776442926.765936820] [rtabmap.rgbd_odometry]: Odom: quality=173, std dev=0.000272m|0.008712rad, update time=0.090288s delay=0.161006s[0m
[rgbd_odometry-1] [0m[INFO] [1776442926.903436209] [rtabmap.rgbd_odometry]: Odom: quality=174, std dev=0.000115m|0.013634rad, update time=0.092546s delay=0.165076s[0m
[rgbd_odometry-1] [0m[INFO] [1776442927.038928115] [rtabmap.rgbd_odometry]: Odom: quality=181, std dev=0.000691m|0.026980rad, update time=0.094600s delay=0.167139s[0m
[rtabmap-2] [0m[INFO] [1776442927.090353865] [rtabmap.rtabmap]: rtabmap (337): Rate=0.50s, Limit=0.000s, Conversion=0.0020s, RTAB-Map=0.0450s, Maps update=0.0001s pub=0.0014s delay=0.2186s (local map=1, WM=1)[0m
[rgbd_odometry-1] [0m[INFO] [1776442927.173077038] [rtabmap.rgbd_odometry]: Odom: quality=180, std dev=0.000286m|0.012320rad, update time=0.096225s delay=0.167862s[0m
[rgbd_odometry-1] [0m[INFO] [1776442927.297082754] [rtabmap.rgbd_odometry]: Odom: quality=186, std dev=0.000136m|0.011465rad, update time=0.089246s delay=0.158439s[0m
[rgbd_odometry-1] [0m[INFO] [1776442927.434487900] [rtabmap.rgbd_odometry]: Odom: quality=176, std dev=0.000150m|0.014170rad, update time=0.090659s delay=0.162417s[0m
[rgbd_odometry-1] [0m[INFO] [1776442927.566461783] [rtabmap.rgbd_odometry]: Odom: quality=173, std dev=0.000114m|0.013027rad, update time=0.089991s delay=0.160963s[0m
[rtabmap-2] [0m[INFO] [1776442927.617795691] [rtabmap.rtabmap]: rtabmap (338): Rate=0.50s, Limit=0.000s, Conversion=0.0024s, RTAB-Map=0.0408s, Maps update=0.0002s pub=0.0032s delay=0.2123s (local map=1, WM=1)[0m
[rgbd_odometry-1] [0m[INFO] [1776442927.705778537] [rtabmap.rgbd_odometry]: Odom: quality=172, std dev=0.000555m|0.016214rad, update time=0.097042s delay=0.166849s[0m
[rgbd_odometry-1] [0m[INFO] [1776442927.851762908] [rtabmap.rgbd_odometry]: Odom: quality=135, std dev=0.000598m|0.023506rad, update time=0.106117s delay=0.179406s[0m
[rgbd_odometry-1] [0m[INFO] [1776442927.970921091] [rtabmap.rgbd_odometry]: Odom: quality=147, std dev=0.000372m|0.015089rad, update time=0.095281s delay=0.165139s[0m
[rgbd_odometry-1] [0m[INFO] [1776442928.094545100] [rtabmap.rgbd_odometry]: Odom: quality=135, std dev=0.000137m|0.013027rad, update time=0.084370s delay=0.155333s[0m
[rtabmap-2] [0m[INFO] [1776442928.138635822] [rtabmap.rtabmap]: rtabmap (339): Rate=0.50s, Limit=0.000s, Conversion=0.0017s, RTAB-Map=0.0392s, Maps update=0.0001s pub=0.0015s delay=0.1994s (local map=1, WM=1)[0m
[rgbd_odometry-1] [0m[INFO] [1776442928.234756024] [rtabmap.rgbd_odometry]: Odom: quality=159, std dev=0.000581m|0.031909rad, update time=0.091638s delay=0.162117s[0m
[rgbd_odometry-1] [0m[INFO] [1776442928.360678852] [rtabmap.rgbd_odometry]: Odom: quality=173, std dev=0.000152m|0.010360rad, update time=0.084911s delay=0.154611s[0m
[rgbd_odometry-1] [0m[INFO] [1776442928.503735010] [rtabmap.rgbd_odometry]: Odom: quality=149, std dev=0.001531m|0.032924rad, update time=0.089258s delay=0.164240s[0m
[rgbd_odometry-1] [0m[INFO] [1776442928.632163447] [rtabmap.rgbd_odometry]: Odom: quality=185, std dev=0.000103m|0.010360rad, update time=0.085174s delay=0.159240s[0m
[rtabmap-2] [0m[INFO] [1776442928.700603644] [rtabmap.rtabmap]: rtabmap (340): Rate=0.50s, Limit=0.000s, Conversion=0.0055s, RTAB-Map=0.0590s, Maps update=0.0001s pub=0.0014s delay=0.2277s (local map=1, WM=1)[0m
[rgbd_odometry-1] [0m[INFO] [1776442928.788313041] [rtabmap.rgbd_odometry]: Odom: quality=176, std dev=0.000310m|0.010360rad, update time=0.096513s delay=0.181960s[0m
[rgbd_odometry-1] [0m[INFO] [1776442928.898072488] [rtabmap.rgbd_odometry]: Odom: quality=178, std dev=0.000176m|0.017423rad, update time=0.085440s delay=0.158292s[0m
[rgbd_odometry-1] [0m[INFO] [1776442929.036637699] [rtabmap.rgbd_odometry]: Odom: quality=202, std dev=0.000187m|0.010360rad, update time=0.088418s delay=0.163429s[0m
[rgbd_odometry-1] [0m[INFO] [1776442929.164831761] [rtabmap.rgbd_odometry]: Odom: quality=189, std dev=0.000241m|0.008712rad, update time=0.084129s delay=0.158195s[0m
[rtabmap-2] [0m[INFO] [1776442929.200388795] [rtabmap.rtabmap]: rtabmap (341): Rate=0.50s, Limit=0.000s, Conversion=0.0015s, RTAB-Map=0.0310s, Maps update=0.0001s pub=0.0017s delay=0.1938s (local map=1, WM=1)[0m
[rgbd_odometry-1] [0m[INFO] [1776442929.296070232] [rtabmap.rgbd_odometry]: Odom: quality=180, std dev=0.000618m|0.023394rad, update time=0.084619s delay=0.156005s[0m
[rgbd_odometry-1] [0m[INFO] [1776442929.423669493] [rtabmap.rgbd_odometry]: Odom: quality=175, std dev=0.000106m|0.011465rad, update time=0.080002s delay=0.150176s[0m
[rgbd_odometry-1] [0m[INFO] [1776442929.563424019] [rtabmap.rgbd_odometry]: Odom: quality=192, std dev=0.000561m|0.023049rad, update time=0.086548s delay=0.156502s[0m
[rgbd_odometry-1] [0m[INFO] [1776442929.693859138] [rtabmap.rgbd_odometry]: Odom: quality=16, std dev=0.005921m|0.031457rad, update time=0.082562s delay=0.153510s[0m
[rtabmap-2] [0m[INFO] [1776442929.734971021] [rtabmap.rtabmap]: rtabmap (342): Rate=0.50s, Limit=0.000s, Conversion=0.0016s, RTAB-Map=0.0316s, Maps update=0.0002s pub=0.0059s delay=0.1946s (local map=1, WM=1)[0m
[rgbd_odometry-1] [0m[INFO] [1776442929.819609418] [rtabmap.rgbd_odometry]: Odom: quality=65, std dev=0.000842m|0.029187rad, update time=0.076435s delay=0.145833s[0m
[rgbd_odometry-1] [0m[INFO] [1776442929.951347103] [rtabmap.rgbd_odometry]: Odom: quality=22, std dev=0.003670m|0.033436rad, update time=0.073450s delay=0.144137s[0m
[rgbd_odometry-1] [0m[INFO] [1776442930.092152284] [rtabmap.rgbd_odometry]: Odom: quality=62, std dev=0.000471m|0.023506rad, update time=0.077767s delay=0.151512s[0m
[rgbd_odometry-1] [0m[INFO] [1776442930.218133482] [rtabmap.rgbd_odometry]: Odom: quality=97, std dev=0.000394m|0.022810rad, update time=0.070777s delay=0.144061s[0m
[rtabmap-2] [0m[INFO] [1776442930.249587068] [rtabmap.rtabmap]: rtabmap (343): Rate=0.50s, Limit=0.000s, Conversion=0.0021s, RTAB-Map=0.0265s, Maps update=0.0001s pub=0.0016s delay=0.1755s (local map=1, WM=1)[0m
[rgbd_odometry-1] [0m[INFO] [1776442930.364709966] [rtabmap.rgbd_odometry]: Odom: quality=67, std dev=0.000578m|0.016851rad, update time=0.077925s delay=0.157206s[0m
[rgbd_odometry-1] [0m[INFO] [1776442930.491622455] [rtabmap.rgbd_odometry]: Odom: quality=70, std dev=0.000260m|0.017144rad, update time=0.080547s delay=0.150687s[0m
[rgbd_odometry-1] [0m[INFO] [1776442930.626324451] [rtabmap.rgbd_odometry]: Odom: quality=86, std dev=0.000555m|0.017944rad, update time=0.078399s delay=0.151956s[0m
[rgbd_odometry-1] [0m[INFO] [1776442930.761339383] [rtabmap.rgbd_odometry]: Odom: quality=93, std dev=0.000260m|0.017689rad, update time=0.080356s delay=0.153540s[0m
[rtabmap-2] [0m[INFO] [1776442930.792884300] [rtabmap.rtabmap]: rtabmap (344): Rate=0.50s, Limit=0.000s, Conversion=0.0019s, RTAB-Map=0.0257s, Maps update=0.0005s pub=0.0022s delay=0.1851s (local map=1, WM=1)[0m
[rgbd_odometry-1] [0m[INFO] [1776442930.895325646] [rtabmap.rgbd_odometry]: Odom: quality=76, std dev=0.001947m|0.023724rad, update time=0.083636s delay=0.154097s[0m
[rgbd_odometry-1] [0m[INFO] [1776442931.025350289] [rtabmap.rgbd_odometry]: Odom: quality=25, std dev=0.001010m|0.037947rad, update time=0.076455s delay=0.150695s[0m
[rgbd_odometry-1] [0m[INFO] [1776442931.159571151] [rtabmap.rgbd_odometry]: Odom: quality=34, std dev=0.000973m|0.031640rad, update time=0.078346s delay=0.151488s[0m
[rgbd_odometry-1] [0m[INFO] [1776442931.294624549] [rtabmap.rgbd_odometry]: Odom: quality=49, std dev=0.000490m|0.025551rad, update time=0.080558s delay=0.153116s[0m
[rtabmap-2] [0m[INFO] [1776442931.352900483] [rtabmap.rtabmap]: rtabmap (345): Rate=0.50s, Limit=0.000s, Conversion=0.0015s, RTAB-Map=0.0533s, Maps update=0.0001s pub=0.0019s delay=0.2114s (local map=1, WM=1)[0m
[rgbd_odometry-1] [0m[INFO] [1776442931.431097092] [rtabmap.rgbd_odometry]: Odom: quality=59, std dev=0.000848m|0.032843rad, update time=0.086463s delay=0.156160s[0m
[rgbd_odometry-1] [0m[INFO] [1776442931.558985609] [rtabmap.rgbd_odometry]: Odom: quality=39, std dev=0.000902m|0.025890rad, update time=0.080500s delay=0.150621s[0m
[rgbd_odometry-1] [0m[INFO] [1776442931.693110308] [rtabmap.rgbd_odometry]: Odom: quality=45, std dev=0.000702m|0.024246rad, update time=0.082261s delay=0.151322s[0m
[rgbd_odometry-1] [0m[INFO] [1776442931.820664256] [rtabmap.rgbd_odometry]: Odom: quality=18, std dev=0.001152m|0.031731rad, update time=0.074783s delay=0.145446s[0m
[rtabmap-2] [0m[INFO] [1776442931.851165879] [rtabmap.rtabmap]: rtabmap (346): Rate=0.50s, Limit=0.000s, Conversion=0.0016s, RTAB-Map=0.0261s, Maps update=0.0001s pub=0.0012s delay=0.1760s (local map=1, WM=1)[0m
[rgbd_odometry-1] [0m[INFO] [1776442931.953710715] [rtabmap.rgbd_odometry]: Odom: quality=13, std dev=0.000838m|0.032924rad, update time=0.074526s delay=0.145068s[0m
[rgbd_odometry-1] [33m[ WARN] (2026-04-18 01:22:12.074) OdometryF2M.cpp:626::computeTransform() Registration failed: "Too low inliers after bundle adjustment: 5<10" (guess=xyz=0.002697,-0.008290,-0.000155 rpy=0.027795,-0.022310,-0.015481)[0m
[rgbd_odometry-1] [33m[ WARN] (2026-04-18 01:22:12.075) OdometryF2M.cpp:319::computeTransform() Failed to find a transformation with the provided guess (xyz=0.002697,-0.008290,-0.000155 rpy=0.027795,-0.022310,-0.015481), trying again without a guess.[0m
[rgbd_odometry-1] [33m[ WARN] (2026-04-18 01:22:12.207) OdometryF2M.cpp:636::computeTransform() Trial with no guess succeeded![0m
[rgbd_odometry-1] [0m[INFO] [1776442932.212058257] [rtabmap.rgbd_odometry]: Odom: quality=15, std dev=0.004800m|0.036074rad, update time=0.196976s delay=0.269965s[0m
[rgbd_odometry-1] [0m[INFO] [1776442932.341564070] [rtabmap.rgbd_odometry]: Odom: quality=13, std dev=0.001339m|0.035049rad, update time=0.058841s delay=0.132638s[0m
[rtabmap-2] [0m[INFO] [1776442932.405057116] [rtabmap.rtabmap]: rtabmap (347): Rate=0.50s, Limit=0.000s, Conversion=0.0027s, RTAB-Map=0.0561s, Maps update=0.0001s pub=0.0013s delay=0.1961s (local map=1, WM=1)[0m
[rgbd_odometry-1] [0m[INFO] [1776442932.409867335] [rtabmap.rgbd_odometry]: Odom: quality=41, std dev=0.001132m|0.036226rad, update time=0.064256s delay=0.134228s[0m
[rgbd_odometry-1] [0m[INFO] [1776442932.473551811] [rtabmap.rgbd_odometry]: Odom: quality=49, std dev=0.002053m|0.030282rad, update time=0.060940s delay=0.131199s[0m
[rgbd_odometry-1] [0m[INFO] [1776442932.539277369] [rtabmap.rgbd_odometry]: Odom: quality=36, std dev=0.000956m|0.031731rad, update time=0.061323s delay=0.130214s[0m
[rgbd_odometry-1] [0m[INFO] [1776442932.607774464] [rtabmap.rgbd_odometry]: Odom: quality=53, std dev=0.000988m|0.030386rad, update time=0.063074s delay=0.131996s[0m
[rgbd_odometry-1] [0m[INFO] [1776442932.672818179] [rtabmap.rgbd_odometry]: Odom: quality=49, std dev=0.001181m|0.025288rad, update time=0.060270s delay=0.130328s[0m
[rgbd_odometry-1] [0m[INFO] [1776442932.742505421] [rtabmap.rgbd_odometry]: Odom: quality=51, std dev=0.002982m|0.027753rad, update time=0.064244s delay=0.133302s[0m
[rgbd_odometry-1] [0m[INFO] [1776442932.815857569] [rtabmap.rgbd_odometry]: Odom: quality=71, std dev=0.001122m|0.024736rad, update time=0.069053s delay=0.139939s[0m
[rgbd_odometry-1] [0m[INFO] [1776442932.943612995] [rtabmap.rgbd_odometry]: Odom: quality=31, std dev=0.004559m|0.033359rad, update time=0.060952s delay=0.134264s[0m
[rtabmap-2] [0m[INFO] [1776442932.992536881] [rtabmap.rtabmap]: rtabmap (348): Rate=0.50s, Limit=0.000s, Conversion=0.0017s, RTAB-Map=0.0443s, Maps update=0.0000s pub=0.0015s delay=0.1832s (local map=2, WM=2)[0m
[rgbd_odometry-1] [0m[INFO] [1776442933.012976323] [rtabmap.rgbd_odometry]: Odom: quality=61, std dev=0.001009m|0.025806rad, update time=0.066087s delay=0.136918s[0m
[rgbd_odometry-1] [0m[INFO] [1776442933.078395281] [rtabmap.rgbd_odometry]: Odom: quality=69, std dev=0.000549m|0.024041rad, update time=0.061922s delay=0.135620s[0m
[rgbd_odometry-1] [0m[INFO] [1776442933.142355636] [rtabmap.rgbd_odometry]: Odom: quality=58, std dev=0.001201m|0.023616rad, update time=0.060768s delay=0.132868s[0m
[rgbd_odometry-1] [0m[INFO] [1776442933.208486967] [rtabmap.rgbd_odometry]: Odom: quality=65, std dev=0.000655m|0.025017rad, update time=0.058419s delay=0.132288s[0m
[rgbd_odometry-1] [0m[INFO] [1776442933.256929015] [rtabmap.rgbd_odometry]: Odom: quality=101, std dev=0.000750m|0.023831rad, update time=0.042548s delay=0.114015s[0m
[rgbd_odometry-1] [0m[INFO] [1776442933.322460936] [rtabmap.rgbd_odometry]: Odom: quality=106, std dev=0.000955m|0.022437rad, update time=0.038522s delay=0.112834s[0m
[rgbd_odometry-1] [0m[INFO] [1776442933.390850348] [rtabmap.rgbd_odometry]: Odom: quality=113, std dev=0.000442m|0.016214rad, update time=0.041448s delay=0.114511s[0m
[rgbd_odometry-1] [0m[INFO] [1776442933.457992236] [rtabmap.rgbd_odometry]: Odom: quality=112, std dev=0.000859m|0.023281rad, update time=0.041040s delay=0.114938s[0m
[rtabmap-2] [0m[INFO] [1776442933.497654733] [rtabmap.rtabmap]: rtabmap (349): Rate=0.50s, Limit=0.000s, Conversion=0.0015s, RTAB-Map=0.0357s, Maps update=0.0001s pub=0.0012s delay=0.1546s (local map=3, WM=3)[0m
[rgbd_odometry-1] [0m[INFO] [1776442933.530384517] [rtabmap.rgbd_odometry]: Odom: quality=127, std dev=0.000422m|0.017689rad, update time=0.047510s delay=0.120615s[0m
[rgbd_odometry-1] [0m[INFO] [1776442933.587710215] [rtabmap.rgbd_odometry]: Odom: quality=132, std dev=0.000607m|0.019282rad, update time=0.040829s delay=0.111227s[0m
[rgbd_odometry-1] [0m[INFO] [1776442933.656212142] [rtabmap.rgbd_odometry]: Odom: quality=130, std dev=0.000751m|0.023281rad, update time=0.043311s delay=0.113016s[0m
[rgbd_odometry-1] [0m[INFO] [1776442933.724858586] [rtabmap.rgbd_odometry]: Odom: quality=111, std dev=0.000884m|0.029071rad, update time=0.044681s delay=0.114947s[0m
[rgbd_odometry-1] [0m[INFO] [1776442933.794625894] [rtabmap.rgbd_odometry]: Odom: quality=94, std dev=0.000647m|0.018867rad, update time=0.048151s delay=0.118003s[0m
[rgbd_odometry-1] [0m[INFO] [1776442933.857701040] [rtabmap.rgbd_odometry]: Odom: quality=120, std dev=0.000507m|0.016214rad, update time=0.044435s delay=0.114365s[0m
[rgbd_odometry-1] [0m[INFO] [1776442933.923730799] [rtabmap.rgbd_odometry]: Odom: quality=144, std dev=0.000533m|0.019282rad, update time=0.043752s delay=0.113681s[0m
[rgbd_odometry-1] [0m[INFO] [1776442933.989723310] [rtabmap.rgbd_odometry]: Odom: quality=131, std dev=0.000462m|0.019672rad, update time=0.042341s delay=0.112960s[0m
[rtabmap-2] [0m[INFO] [1776442934.048942631] [rtabmap.rtabmap]: rtabmap (350): Rate=0.50s, Limit=0.000s, Conversion=0.0015s, RTAB-Map=0.0546s, Maps update=0.0001s pub=0.0016s delay=0.1722s (local map=4, WM=4)[0m
[rgbd_odometry-1] [0m[INFO] [1776442934.063616434] [rtabmap.rgbd_odometry]: Odom: quality=138, std dev=0.000710m|0.021036rad, update time=0.048272s delay=0.120136s[0m
[rgbd_odometry-1] [0m[INFO] [1776442934.126024872] [rtabmap.rgbd_odometry]: Odom: quality=147, std dev=0.000507m|0.018423rad, update time=0.045949s delay=0.115833s[0m
[rgbd_odometry-1] [0m[INFO] [1776442934.196849267] [rtabmap.rgbd_odometry]: Odom: quality=190, std dev=0.000402m|0.013634rad, update time=0.050579s delay=0.119944s[0m
[rgbd_odometry-1] [0m[INFO] [1776442934.257968324] [rtabmap.rgbd_odometry]: Odom: quality=166, std dev=0.000514m|0.020388rad, update time=0.044629s delay=0.114348s[0m
[rgbd_odometry-1] [0m[INFO] [1776442934.324371278] [rtabmap.rgbd_odometry]: Odom: quality=127, std dev=0.001125m|0.018867rad, update time=0.044164s delay=0.114039s[0m
[rgbd_odometry-1] [0m[INFO] [1776442934.391531054] [rtabmap.rgbd_odometry]: Odom: quality=162, std dev=0.000821m|0.020720rad, update time=0.044114s delay=0.114485s[0m
[rgbd_odometry-1] [0m[INFO] [1776442934.457645584] [rtabmap.rgbd_odometry]: Odom: quality=138, std dev=0.000803m|0.023394rad, update time=0.043577s delay=0.113886s[0m
[rgbd_odometry-1] [0m[INFO] [1776442934.526991696] [rtabmap.rgbd_odometry]: Odom: quality=174, std dev=0.000625m|0.019672rad, update time=0.046179s delay=0.116518s[0m
[rtabmap-2] [0m[INFO] [1776442934.591260029] [rtabmap.rtabmap]: rtabmap (351): Rate=0.50s, Limit=0.000s, Conversion=0.0023s, RTAB-Map=0.0571s, Maps update=0.0001s pub=0.0021s delay=0.1808s (local map=5, WM=5)[0m
[rgbd_odometry-1] [0m[INFO] [1776442934.597454961] [rtabmap.rgbd_odometry]: Odom: quality=137, std dev=0.001195m|0.020388rad, update time=0.050423s delay=0.120267s[0m
[rgbd_odometry-1] [0m[INFO] [1776442934.659144498] [rtabmap.rgbd_odometry]: Odom: quality=149, std dev=0.000660m|0.015492rad, update time=0.045684s delay=0.115243s[0m
[rgbd_odometry-1] [0m[INFO] [1776442934.724896458] [rtabmap.rgbd_odometry]: Odom: quality=173, std dev=0.000872m|0.027953rad, update time=0.044823s delay=0.114282s[0m
[rgbd_odometry-1] [0m[INFO] [1776442934.789078548] [rtabmap.rgbd_odometry]: Odom: quality=169, std dev=0.000759m|0.020880rad, update time=0.041820s delay=0.111751s[0m
[rgbd_odometry-1] [0m[INFO] [1776442934.857331348] [rtabmap.rgbd_odometry]: Odom: quality=138, std dev=0.000721m|0.021486rad, update time=0.043393s delay=0.113288s[0m
[rgbd_odometry-1] [0m[INFO] [1776442934.925874300] [rtabmap.rgbd_odometry]: Odom: quality=168, std dev=0.001779m|0.023049rad, update time=0.044962s delay=0.115118s[0m
[rgbd_odometry-1] [0m[INFO] [1776442934.991891484] [rtabmap.rgbd_odometry]: Odom: quality=147, std dev=0.000712m|0.018423rad, update time=0.043990s delay=0.114422s[0m
[rgbd_odometry-1] [0m[INFO] [1776442935.058058687] [rtabmap.rgbd_odometry]: Odom: quality=107, std dev=0.000869m|0.023616rad, update time=0.043402s delay=0.113878s[0m
[rtabmap-2] [0m[INFO] [1776442935.118060975] [rtabmap.rtabmap]: rtabmap (352): Rate=0.50s, Limit=0.000s, Conversion=0.0026s, RTAB-Map=0.0539s, Maps update=0.0001s pub=0.0014s delay=0.1739s (local map=5, WM=5)[0m
[rgbd_odometry-1] [0m[INFO] [1776442935.130061068] [rtabmap.rgbd_odometry]: Odom: quality=131, std dev=0.001012m|0.023616rad, update time=0.047560s delay=0.119165s[0m
[rgbd_odometry-1] [0m[INFO] [1776442935.191768398] [rtabmap.rgbd_odometry]: Odom: quality=116, std dev=0.000834m|0.021036rad, update time=0.043170s delay=0.114159s[0m
[rgbd_odometry-1] [0m[INFO] [1776442935.258770474] [rtabmap.rgbd_odometry]: Odom: quality=113, std dev=0.001030m|0.025017rad, update time=0.044872s delay=0.114447s[0m
[rgbd_odometry-1] [0m[INFO] [1776442935.324739304] [rtabmap.rgbd_odometry]: Odom: quality=117, std dev=0.000564m|0.020720rad, update time=0.044302s delay=0.113701s[0m
[rgbd_odometry-1] [0m[INFO] [1776442935.402967338] [rtabmap.rgbd_odometry]: Odom: quality=74, std dev=0.001728m|0.028466rad, update time=0.055194s delay=0.125217s[0m
[rgbd_odometry-1] [0m[INFO] [1776442935.459826815] [rtabmap.rgbd_odometry]: Odom: quality=112, std dev=0.000770m|0.017944rad, update time=0.045847s delay=0.115361s[0m
[rgbd_odometry-1] [0m[INFO] [1776442935.528388840] [rtabmap.rgbd_odometry]: Odom: quality=107, std dev=0.000812m|0.023281rad, update time=0.046631s delay=0.117211s[0m
[rgbd_odometry-1] [0m[INFO] [1776442935.592922301] [rtabmap.rgbd_odometry]: Odom: quality=113, std dev=0.000766m|0.019672rad, update time=0.045395s delay=0.115030s[0m
[rgbd_odometry-1] [0m[INFO] [1776442935.658745398] [rtabmap.rgbd_odometry]: Odom: quality=153, std dev=0.000487m|0.017144rad, update time=0.043891s delay=0.114139s[0m
[rtabmap-2] [0m[INFO] [1776442935.661112091] [rtabmap.rtabmap]: rtabmap (353): Rate=0.50s, Limit=0.000s, Conversion=0.0024s, RTAB-Map=0.0621s, Maps update=0.0001s pub=0.0016s delay=0.1832s (local map=6, WM=6)[0m
[rgbd_odometry-1] [0m[INFO] [1776442935.724562704] [rtabmap.rgbd_odometry]: Odom: quality=111, std dev=0.001345m|0.022437rad, update time=0.042670s delay=0.113244s[0m
[rgbd_odometry-1] [0m[INFO] [1776442935.790681682] [rtabmap.rgbd_odometry]: Odom: quality=115, std dev=0.000739m|0.019672rad, update time=0.042355s delay=0.112650s[0m
[rgbd_odometry-1] [0m[INFO] [1776442935.866889369] [rtabmap.rgbd_odometry]: Odom: quality=107, std dev=0.000965m|0.025806rad, update time=0.052208s delay=0.122142s[0m
[rgbd_odometry-1] [0m[INFO] [1776442935.927222579] [rtabmap.rgbd_odometry]: Odom: quality=145, std dev=0.000654m|0.022437rad, update time=0.046270s delay=0.115763s[0m
[rgbd_odometry-1] [0m[INFO] [1776442936.003441051] [rtabmap.rgbd_odometry]: Odom: quality=99, std dev=0.000458m|0.015865rad, update time=0.055076s delay=0.125267s[0m
[rgbd_odometry-1] [0m[INFO] [1776442936.063033280] [rtabmap.rgbd_odometry]: Odom: quality=122, std dev=0.001084m|0.024640rad, update time=0.048836s delay=0.118143s[0m
[rgbd_odometry-1] [0m[INFO] [1776442936.130712111] [rtabmap.rgbd_odometry]: Odom: quality=164, std dev=0.000322m|0.014170rad, update time=0.049092s delay=0.119108s[0m
[rtabmap-2] [0m[INFO] [1776442936.186884944] [rtabmap.rtabmap]: rtabmap (354): Rate=0.50s, Limit=0.000s, Conversion=0.0026s, RTAB-Map=0.0469s, Maps update=0.0001s pub=0.0048s delay=0.1753s (local map=7, WM=7)[0m
[rgbd_odometry-1] [0m[INFO] [1776442936.203154505] [rtabmap.rgbd_odometry]: Odom: quality=154, std dev=0.000666m|0.018188rad, update time=0.054868s delay=0.124837s[0m
[rgbd_odometry-1] [0m[INFO] [1776442936.264380221] [rtabmap.rgbd_odometry]: Odom: quality=176, std dev=0.000552m|0.017944rad, update time=0.049715s delay=0.119349s[0m
[rgbd_odometry-1] [0m[INFO] [1776442936.347390347] [rtabmap.rgbd_odometry]: Odom: quality=92, std dev=0.000726m|0.021909rad, update time=0.066217s delay=0.135647s[0m
[rgbd_odometry-1] [0m[INFO] [1776442936.406343612] [rtabmap.rgbd_odometry]: Odom: quality=194, std dev=0.000622m|0.020388rad, update time=0.055808s delay=0.127887s[0m
[rgbd_odometry-1] [0m[INFO] [1776442936.476501044] [rtabmap.rgbd_odometry]: Odom: quality=166, std dev=0.000990m|0.021339rad, update time=0.059500s delay=0.131330s[0m
[rgbd_odometry-1] [0m[INFO] [1776442936.541501206] [rtabmap.rgbd_odometry]: Odom: quality=219, std dev=0.000648m|0.023616rad, update time=0.055781s delay=0.129616s[0m
[rgbd_odometry-1] [0m[INFO] [1776442936.605578909] [rtabmap.rgbd_odometry]: Odom: quality=115, std dev=0.001755m|0.031549rad, update time=0.057476s delay=0.126978s[0m
[rgbd_odometry-1] [0m[INFO] [1776442936.669966669] [rtabmap.rgbd_odometry]: Odom: quality=171, std dev=0.001069m|0.027820rad, update time=0.055035s delay=0.124653s[0m
[rgbd_odometry-1] [0m[INFO] [1776442936.745184599] [rtabmap.rgbd_odometry]: Odom: quality=147, std dev=0.001458m|0.027269rad, update time=0.062024s delay=0.133159s[0m
[rtabmap-2] [0m[INFO] [1776442936.791092206] [rtabmap.rtabmap]: rtabmap (355): Rate=0.50s, Limit=0.000s, Conversion=0.0025s, RTAB-Map=0.1139s, Maps update=0.0001s pub=0.0027s delay=0.2458s (local map=8, WM=8)[0m
[rgbd_odometry-1] [0m[INFO] [1776442936.813778818] [rtabmap.rgbd_odometry]: Odom: quality=175, std dev=0.001305m|0.031410rad, update time=0.061690s delay=0.135030s[0m
[rgbd_odometry-1] [0m[INFO] [1776442936.876695335] [rtabmap.rgbd_odometry]: Odom: quality=169, std dev=0.000707m|0.023394rad, update time=0.059195s delay=0.131242s[0m
[rgbd_odometry-1] [0m[INFO] [1776442936.962945778] [rtabmap.rgbd_odometry]: Odom: quality=95, std dev=0.001934m|0.035379rad, update time=0.078581s delay=0.150780s[0m
[rgbd_odometry-1] [0m[INFO] [1776442937.082491686] [rtabmap.rgbd_odometry]: Odom: quality=120, std dev=0.002062m|0.034915rad, update time=0.063347s delay=0.136897s[0m
[rgbd_odometry-1] [0m[INFO] [1776442937.148899793] [rtabmap.rgbd_odometry]: Odom: quality=224, std dev=0.000664m|0.021909rad, update time=0.062388s delay=0.136590s[0m
[rgbd_odometry-1] [0m[INFO] [1776442937.216386683] [rtabmap.rgbd_odometry]: Odom: quality=158, std dev=0.001064m|0.025890rad, update time=0.063080s delay=0.137364s[0m
[rgbd_odometry-1] [0m[INFO] [1776442937.282969835] [rtabmap.rgbd_odometry]: Odom: quality=184, std dev=0.001334m|0.031686rad, update time=0.062404s delay=0.137233s[0m
[rtabmap-2] [0m[INFO] [1776442937.297094789] [rtabmap.rtabmap]: rtabmap (356): Rate=0.50s, Limit=0.000s, Conversion=0.0032s, RTAB-Map=0.0728s, Maps update=0.0001s pub=0.0020s delay=0.2181s (local map=8, WM=8)[0m
[rgbd_odometry-1] [0m[INFO] [1776442937.349068748] [rtabmap.rgbd_odometry]: Odom: quality=145, std dev=0.001624m|0.035379rad, update time=0.064903s delay=0.136619s[0m
[rgbd_odometry-1] [0m[INFO] [1776442937.415743551] [rtabmap.rgbd_odometry]: Odom: quality=207, std dev=0.001040m|0.028833rad, update time=0.063394s delay=0.136580s[0m
[rgbd_odometry-1] [0m[INFO] [1776442937.564430178] [rtabmap.rgbd_odometry]: Odom: quality=74, std dev=0.001476m|0.031457rad, update time=0.079404s delay=0.151836s[0m
[rgbd_odometry-1] [0m[INFO] [1776442937.694819888] [rtabmap.rgbd_odometry]: Odom: quality=82, std dev=0.001069m|0.030073rad, update time=0.078503s delay=0.148798s[0m
[rgbd_odometry-1] [0m[INFO] [1776442937.817939276] [rtabmap.rgbd_odometry]: Odom: quality=131, std dev=0.001277m|0.033203rad, update time=0.067660s delay=0.138491s[0m
[rtabmap-2] [0m[INFO] [1776442937.895462586] [rtabmap.rtabmap]: rtabmap (357): Rate=0.50s, Limit=0.000s, Conversion=0.0026s, RTAB-Map=0.0700s, Maps update=0.0001s pub=0.0015s delay=0.2160s (local map=9, WM=9)[0m
[rgbd_odometry-1] [0m[INFO] [1776442937.906211218] [rtabmap.rgbd_odometry]: Odom: quality=146, std dev=0.001189m|0.030788rad, update time=0.086748s delay=0.160048s[0m
[rgbd_odometry-1] [0m[INFO] [1776442938.040719897] [rtabmap.rgbd_odometry]: Odom: quality=100, std dev=0.001850m|0.038960rad, update time=0.087744s delay=0.161130s[0m
[rgbd_odometry-1] [0m[INFO] [1776442938.145885515] [rtabmap.rgbd_odometry]: Odom: quality=131, std dev=0.001920m|0.040079rad, update time=0.062958s delay=0.132869s[0m
[rgbd_odometry-1] [0m[INFO] [1776442938.231684521] [rtabmap.rgbd_odometry]: Odom: quality=99, std dev=0.001828m|0.042641rad, update time=0.077299s delay=0.151954s[0m
[rgbd_odometry-1] [0m[INFO] [1776442938.346447698] [rtabmap.rgbd_odometry]: Odom: quality=118, std dev=0.001172m|0.033436rad, update time=0.060246s delay=0.133289s[0m
[rgbd_odometry-1] [0m[INFO] [1776442938.406062423] [rtabmap.rgbd_odometry]: Odom: quality=163, std dev=0.002005m|0.042567rad, update time=0.056310s delay=0.126190s[0m
[rtabmap-2] [0m[INFO] [1776442938.422781693] [rtabmap.rtabmap]: rtabmap (358): Rate=0.50s, Limit=0.000s, Conversion=0.0029s, RTAB-Map=0.0688s, Maps update=0.0001s pub=0.0023s delay=0.2096s (local map=10, WM=10)[0m
[rgbd_odometry-1] [0m[INFO] [1776442938.482356801] [rtabmap.rgbd_odometry]: Odom: quality=140, std dev=0.001466m|0.039296rad, update time=0.066150s delay=0.135772s[0m
[rgbd_odometry-1] [0m[INFO] [1776442938.552294963] [rtabmap.rgbd_odometry]: Odom: quality=123, std dev=0.001850m|0.039033rad, update time=0.068886s delay=0.138996s[0m
[rgbd_odometry-1] [0m[INFO] [1776442938.692356507] [rtabmap.rgbd_odometry]: Odom: quality=81, std dev=0.002182m|0.048718rad, update time=0.071973s delay=0.145630s[0m
[rgbd_odometry-1] [0m[INFO] [1776442938.803891366] [rtabmap.rgbd_odometry]: Odom: quality=125, std dev=0.002208m|0.041621rad, update time=0.050047s delay=0.123736s[0m
[rgbd_odometry-1] [0m[INFO] [1776442938.873791926] [rtabmap.rgbd_odometry]: Odom: quality=169, std dev=0.001372m|0.032679rad, update time=0.055871s delay=0.126923s[0m
[rgbd_odometry-1] [0m[INFO] [1776442938.939435434] [rtabmap.rgbd_odometry]: Odom: quality=129, std dev=0.001974m|0.037074rad, update time=0.050086s delay=0.125851s[0m
[rtabmap-2] [0m[INFO] [1776442938.994671600] [rtabmap.rtabmap]: rtabmap (359): Rate=0.50s, Limit=0.000s, Conversion=0.0025s, RTAB-Map=0.1149s, Maps update=0.0001s pub=0.0014s delay=0.2478s (local map=11, WM=11)[0m
[rgbd_odometry-1] [0m[INFO] [1776442939.000317653] [rtabmap.rgbd_odometry]: Odom: quality=109, std dev=0.001531m|0.041298rad, update time=0.050577s delay=0.120019s[0m
[rgbd_odometry-1] [0m[INFO] [1776442939.070495757] [rtabmap.rgbd_odometry]: Odom: quality=159, std dev=0.000935m|0.032085rad, update time=0.050950s delay=0.123485s[0m
[rgbd_odometry-1] [0m[INFO] [1776442939.135948028] [rtabmap.rgbd_odometry]: Odom: quality=155, std dev=0.001170m|0.033589rad, update time=0.052019s delay=0.122222s[0m
[rgbd_odometry-1] [0m[INFO] [1776442939.208164816] [rtabmap.rgbd_odometry]: Odom: quality=132, std dev=0.001380m|0.034847rad, update time=0.053760s delay=0.127724s[0m
[rgbd_odometry-1] [0m[INFO] [1776442939.271289755] [rtabmap.rgbd_odometry]: Odom: quality=173, std dev=0.000961m|0.031820rad, update time=0.049011s delay=0.124137s[0m
[rgbd_odometry-1] [0m[INFO] [1776442939.336027637] [rtabmap.rgbd_odometry]: Odom: quality=183, std dev=0.001416m|0.036196rad, update time=0.049015s delay=0.122161s[0m
[rgbd_odometry-1] [0m[INFO] [1776442939.404919912] [rtabmap.rgbd_odometry]: Odom: quality=161, std dev=0.001175m|0.036074rad, update time=0.050595s delay=0.124340s[0m
[rgbd_odometry-1] [0m[INFO] [1776442939.473810395] [rtabmap.rgbd_odometry]: Odom: quality=129, std dev=0.001378m|0.034606rad, update time=0.052784s delay=0.126517s[0m
[rgbd_odometry-1] [0m[INFO] [1776442939.535402234] [rtabmap.rgbd_odometry]: Odom: quality=193, std dev=0.000894m|0.031595rad, update time=0.049210s delay=0.121396s[0m
[rtabmap-2] [0m[INFO] [1776442939.536269075] [rtabmap.rtabmap]: rtabmap (360): Rate=0.50s, Limit=0.000s, Conversion=0.0020s, RTAB-Map=0.1260s, Maps update=0.0001s pub=0.0016s delay=0.2557s (local map=12, WM=12)[0m
[rgbd_odometry-1] [0m[INFO] [1776442939.599315932] [rtabmap.rgbd_odometry]: Odom: quality=165, std dev=0.001230m|0.036701rad, update time=0.048241s delay=0.118592s[0m
[rgbd_odometry-1] [0m[INFO] [1776442939.667360503] [rtabmap.rgbd_odometry]: Odom: quality=136, std dev=0.001317m|0.038539rad, update time=0.049148s delay=0.119925s[0m
[rgbd_odometry-1] [0m[INFO] [1776442939.736672214] [rtabmap.rgbd_odometry]: Odom: quality=160, std dev=0.000959m|0.030073rad, update time=0.048599s delay=0.122523s[0m
[rgbd_odometry-1] [0m[INFO] [1776442939.800978564] [rtabmap.rgbd_odometry]: Odom: quality=144, std dev=0.002749m|0.043134rad, update time=0.046148s delay=0.120116s[0m
[rgbd_odometry-1] [0m[INFO] [1776442939.866337232] [rtabmap.rgbd_odometry]: Odom: quality=143, std dev=0.001492m|0.034181rad, update time=0.044510s delay=0.118759s[0m
[rgbd_odometry-1] [0m[INFO] [1776442939.933046500] [rtabmap.rgbd_odometry]: Odom: quality=158, std dev=0.000634m|0.025806rad, update time=0.045091s delay=0.118756s[0m
[rgbd_odometry-1] [0m[INFO] [1776442939.998166121] [rtabmap.rgbd_odometry]: Odom: quality=108, std dev=0.001774m|0.035508rad, update time=0.042838s delay=0.117161s[0m
[rtabmap-2] [0m[INFO] [1776442940.060106802] [rtabmap.rtabmap]: rtabmap (361): Rate=0.50s, Limit=0.000s, Conversion=0.0027s, RTAB-Map=0.1208s, Maps update=0.0001s pub=0.0013s delay=0.2458s (local map=13, WM=13)[0m
[rgbd_odometry-1] [0m[INFO] [1776442940.063166411] [rtabmap.rgbd_odometry]: Odom: quality=125, std dev=0.002780m|0.036012rad, update time=0.043759s delay=0.115446s[0m
[rgbd_odometry-1] [0m[INFO] [1776442940.131794006] [rtabmap.rgbd_odometry]: Odom: quality=96, std dev=0.001617m|0.033084rad, update time=0.045314s delay=0.115587s[0m
[rgbd_odometry-1] [0m[INFO] [1776442940.195870590] [rtabmap.rgbd_odometry]: Odom: quality=111, std dev=0.001914m|0.034000rad, update time=0.040906s delay=0.114722s[0m
[rgbd_odometry-1] [0m[INFO] [1776442940.264277315] [rtabmap.rgbd_odometry]: Odom: quality=115, std dev=0.002285m|0.039008rad, update time=0.043146s delay=0.116415s[0m
[rgbd_odometry-1] [0m[INFO] [1776442940.329933816] [rtabmap.rgbd_odometry]: Odom: quality=117, std dev=0.001553m|0.030488rad, update time=0.041177s delay=0.115358s[0m
[rgbd_odometry-1] [0m[INFO] [1776442940.395261507] [rtabmap.rgbd_odometry]: Odom: quality=110, std dev=0.003504m|0.039344rad, update time=0.039635s delay=0.113970s[0m
[rgbd_odometry-1] [0m[INFO] [1776442940.459222823] [rtabmap.rgbd_odometry]: Odom: quality=119, std dev=0.002854m|0.035016rad, update time=0.038010s delay=0.111216s[0m
[rgbd_odometry-1] [0m[INFO] [1776442940.523133385] [rtabmap.rgbd_odometry]: Odom: quality=99, std dev=0.001661m|0.031080rad, update time=0.036464s delay=0.108413s[0m
[rtabmap-2] [0m[INFO] [1776442940.538528809] [rtabmap.rtabmap]: rtabmap (362): Rate=0.50s, Limit=0.000s, Conversion=0.0023s, RTAB-Map=0.0735s, Maps update=0.0001s pub=0.0016s delay=0.1905s (local map=13, WM=13)[0m
[rgbd_odometry-1] [0m[INFO] [1776442940.593429765] [rtabmap.rgbd_odometry]: Odom: quality=109, std dev=0.001403m|0.031457rad, update time=0.040225s delay=0.111995s[0m
[rgbd_odometry-1] [0m[INFO] [1776442940.658082013] [rtabmap.rgbd_odometry]: Odom: quality=101, std dev=0.002111m|0.028833rad, update time=0.039453s delay=0.109933s[0m
[rgbd_odometry-1] [0m[INFO] [1776442940.728931817] [rtabmap.rgbd_odometry]: Odom: quality=116, std dev=0.002318m|0.024041rad, update time=0.040030s delay=0.114070s[0m
[rgbd_odometry-1] [0m[INFO] [1776442940.793802823] [rtabmap.rgbd_odometry]: Odom: quality=105, std dev=0.002047m|0.031503rad, update time=0.038466s delay=0.112225s[0m
[rgbd_odometry-1] [0m[INFO] [1776442940.860721601] [rtabmap.rgbd_odometry]: Odom: quality=108, std dev=0.001113m|0.030984rad, update time=0.038575s delay=0.112432s[0m
[rgbd_odometry-1] [0m[INFO] [1776442940.924533824] [rtabmap.rgbd_odometry]: Odom: quality=125, std dev=0.001342m|0.028340rad, update time=0.037953s delay=0.109531s[0m
[rgbd_odometry-1] [0m[INFO] [1776442940.991358359] [rtabmap.rgbd_odometry]: Odom: quality=112, std dev=0.002048m|0.035248rad, update time=0.037420s delay=0.109641s[0m
[rtabmap-2] [0m[INFO] [1776442941.060546355] [rtabmap.rtabmap]: rtabmap (363): Rate=0.50s, Limit=0.000s, Conversion=0.0018s, RTAB-Map=0.0648s, Maps update=0.0001s pub=0.0012s delay=0.1788s (local map=13, WM=13)[0m
[rgbd_odometry-1] [0m[INFO] [1776442941.065879118] [rtabmap.rgbd_odometry]: Odom: quality=122, std dev=0.002394m|0.029129rad, update time=0.044174s delay=0.117448s[0m
[rgbd_odometry-1] [0m[INFO] [1776442941.137667189] [rtabmap.rgbd_odometry]: Odom: quality=149, std dev=0.003384m|0.028652rad, update time=0.044667s delay=0.122520s[0m
[rgbd_odometry-1] [0m[INFO] [1776442941.195006904] [rtabmap.rgbd_odometry]: Odom: quality=129, std dev=0.002254m|0.028713rad, update time=0.042986s delay=0.113148s[0m
[rgbd_odometry-1] [0m[INFO] [1776442941.270538317] [rtabmap.rgbd_odometry]: Odom: quality=101, std dev=0.002251m|0.030437rad, update time=0.050638s delay=0.121967s[0m
[rgbd_odometry-1] [0m[INFO] [1776442941.338746476] [rtabmap.rgbd_odometry]: Odom: quality=116, std dev=0.003560m|0.029187rad, update time=0.051804s delay=0.123460s[0m
[rgbd_odometry-1] [0m[INFO] [1776442941.395012176] [rtabmap.rgbd_odometry]: Odom: quality=94, std dev=0.004665m|0.029859rad, update time=0.043702s delay=0.113013s[0m
[rgbd_odometry-1] [0m[INFO] [1776442941.467286149] [rtabmap.rgbd_odometry]: Odom: quality=131, std dev=0.003388m|0.024924rad, update time=0.049423s delay=0.118573s[0m
[rgbd_odometry-1] [0m[INFO] [1776442941.529476118] [rtabmap.rgbd_odometry]: Odom: quality=121, std dev=0.004905m|0.026529rad, update time=0.044245s delay=0.114051s[0m
[rgbd_odometry-1] [0m[INFO] [1776442941.599934390] [rtabmap.rgbd_odometry]: Odom: quality=125, std dev=0.002393m|0.022563rad, update time=0.046368s delay=0.117794s[0m
[rtabmap-2] [0m[INFO] [1776442941.648266804] [rtabmap.rtabmap]: rtabmap (364): Rate=0.50s, Limit=0.000s, Conversion=0.0016s, RTAB-Map=0.1144s, Maps update=0.0001s pub=0.0015s delay=0.2328s (local map=14, WM=14)[0m
[rgbd_odometry-1] [0m[INFO] [1776442941.666954675] [rtabmap.rgbd_odometry]: Odom: quality=129, std dev=0.003336m|0.023831rad, update time=0.048152s delay=0.118099s[0m
[rgbd_odometry-1] [0m[INFO] [1776442941.734643747] [rtabmap.rgbd_odometry]: Odom: quality=135, std dev=0.004315m|0.029966rad, update time=0.049393s delay=0.119076s[0m
[rgbd_odometry-1] [0m[INFO] [1776442941.804285612] [rtabmap.rgbd_odometry]: Odom: quality=159, std dev=0.003415m|0.027685rad, update time=0.052289s delay=0.122006s[0m
[rgbd_odometry-1] [0m[INFO] [1776442941.869032391] [rtabmap.rgbd_odometry]: Odom: quality=127, std dev=0.003595m|0.025288rad, update time=0.050646s delay=0.120037s[0m
[rgbd_odometry-1] [0m[INFO] [1776442941.941160856] [rtabmap.rgbd_odometry]: Odom: quality=146, std dev=0.004254m|0.029473rad, update time=0.056036s delay=0.125453s[0m
[rgbd_odometry-1] [0m[INFO] [1776442942.008575360] [rtabmap.rgbd_odometry]: Odom: quality=155, std dev=0.005685m|0.026606rad, update time=0.056216s delay=0.126155s[0m
[rgbd_odometry-1] [0m[INFO] [1776442942.076127885] [rtabmap.rgbd_odometry]: Odom: quality=176, std dev=0.003717m|0.025108rad, update time=0.057587s delay=0.126992s[0m
[rgbd_odometry-1] [0m[INFO] [1776442942.137907825] [rtabmap.rgbd_odometry]: Odom: quality=166, std dev=0.003313m|0.026374rad, update time=0.051524s delay=0.122056s[0m
[rgbd_odometry-1] [0m[INFO] [1776442942.212776498] [rtabmap.rgbd_odometry]: Odom: quality=129, std dev=0.006372m|0.023281rad, update time=0.060171s delay=0.130211s[0m
[rtabmap-2] [0m[INFO] [1776442942.254676980] [rtabmap.rtabmap]: rtabmap (365): Rate=0.50s, Limit=0.000s, Conversion=0.0036s, RTAB-Map=0.1704s, Maps update=0.0001s pub=0.0024s delay=0.3055s (local map=15, WM=15)[0m
[rgbd_odometry-1] [0m[INFO] [1776442942.272699456] [rtabmap.rgbd_odometry]: Odom: quality=133, std dev=0.002886m|0.024831rad, update time=0.052680s delay=0.123419s[0m
[rgbd_odometry-1] [0m[INFO] [1776442942.343006397] [rtabmap.rgbd_odometry]: Odom: quality=144, std dev=0.005174m|0.030639rad, update time=0.057603s delay=0.127014s[0m
[rgbd_odometry-1] [0m[INFO] [1776442942.406298413] [rtabmap.rgbd_odometry]: Odom: quality=147, std dev=0.003956m|0.025017rad, update time=0.053020s delay=0.123592s[0m
[rgbd_odometry-1] [0m[INFO] [1776442942.469356791] [rtabmap.rgbd_odometry]: Odom: quality=143, std dev=0.006776m|0.029416rad, update time=0.050791s delay=0.119935s[0m
[rgbd_odometry-1] [0m[INFO] [1776442942.536829921] [rtabmap.rgbd_odometry]: Odom: quality=166, std dev=0.004127m|0.028713rad, update time=0.051313s delay=0.120693s[0m
[rgbd_odometry-1] [0m[INFO] [1776442942.608635433] [rtabmap.rgbd_odometry]: Odom: quality=80, std dev=0.008683m|0.038764rad, update time=0.055665s delay=0.125787s[0m
[rgbd_odometry-1] [0m[INFO] [1776442942.672997816] [rtabmap.rgbd_odometry]: Odom: quality=122, std dev=0.004369m|0.029750rad, update time=0.053541s delay=0.123435s[0m
[rtabmap-2] [0m[INFO] [1776442942.726434058] [rtabmap.rtabmap]: rtabmap (366): Rate=0.50s, Limit=0.000s, Conversion=0.0028s, RTAB-Map=0.1105s, Maps update=0.0001s pub=0.0015s delay=0.2436s (local map=16, WM=16)[0m
[rgbd_odometry-1] [0m[INFO] [1776442942.741884011] [rtabmap.rgbd_odometry]: Odom: quality=143, std dev=0.003923m|0.029473rad, update time=0.055628s delay=0.125608s[0m
[rgbd_odometry-1] [0m[INFO] [1776442942.811129449] [rtabmap.rgbd_odometry]: Odom: quality=119, std dev=0.004359m|0.027410rad, update time=0.057112s delay=0.128138s[0m
[rgbd_odometry-1] [0m[INFO] [1776442942.874351991] [rtabmap.rgbd_odometry]: Odom: quality=125, std dev=0.004519m|0.034000rad, update time=0.054669s delay=0.124647s[0m
[rgbd_odometry-1] [0m[INFO] [1776442942.931605048] [rtabmap.rgbd_odometry]: Odom: quality=122, std dev=0.004050m|0.025890rad, update time=0.045533s delay=0.115184s[0m
[rgbd_odometry-1] [0m[INFO] [1776442942.996801696] [rtabmap.rgbd_odometry]: Odom: quality=132, std dev=0.005567m|0.028590rad, update time=0.043868s delay=0.113669s[0m
[rgbd_odometry-1] [0m[INFO] [1776442943.063338254] [rtabmap.rgbd_odometry]: Odom: quality=135, std dev=0.006368m|0.028652rad, update time=0.043163s delay=0.113491s[0m
[rgbd_odometry-1] [0m[INFO] [1776442943.134527428] [rtabmap.rgbd_odometry]: Odom: quality=158, std dev=0.004907m|0.030886rad, update time=0.048016s delay=0.117965s[0m
[rgbd_odometry-1] [0m[INFO] [1776442943.205521301] [rtabmap.rgbd_odometry]: Odom: quality=185, std dev=0.009659m|0.034289rad, update time=0.051371s delay=0.122245s[0m
[rtabmap-2] [0m[INFO] [1776442943.266970928] [rtabmap.rtabmap]: rtabmap (367): Rate=0.50s, Limit=0.000s, Conversion=0.0027s, RTAB-Map=0.1264s, Maps update=0.0001s pub=0.0017s delay=0.2504s (local map=17, WM=17)[0m
[rgbd_odometry-1] [0m[INFO] [1776442943.274505003] [rtabmap.rgbd_odometry]: Odom: quality=106, std dev=0.007261m|0.030178rad, update time=0.054932s delay=0.124514s[0m
[rgbd_odometry-1] [0m[INFO] [1776442943.334600030] [rtabmap.rgbd_odometry]: Odom: quality=114, std dev=0.005368m|0.032843rad, update time=0.048868s delay=0.117891s[0m
[rgbd_odometry-1] [0m[INFO] [1776442943.400127696] [rtabmap.rgbd_odometry]: Odom: quality=146, std dev=0.005690m|0.030984rad, update time=0.047092s delay=0.116710s[0m
[rgbd_odometry-1] [0m[INFO] [1776442943.465558942] [rtabmap.rgbd_odometry]: Odom: quality=144, std dev=0.004313m|0.023937rad, update time=0.045995s delay=0.115425s[0m
[rgbd_odometry-1] [0m[INFO] [1776442943.539044663] [rtabmap.rgbd_odometry]: Odom: quality=105, std dev=0.006312m|0.029966rad, update time=0.051219s delay=0.122199s[0m
[rgbd_odometry-1] [0m[INFO] [1776442943.603743312] [rtabmap.rgbd_odometry]: Odom: quality=111, std dev=0.007999m|0.034778rad, update time=0.050833s delay=0.120182s[0m
[rgbd_odometry-1] [0m[INFO] [1776442943.670840720] [rtabmap.rgbd_odometry]: Odom: quality=131, std dev=0.002698m|0.026215rad, update time=0.050862s delay=0.120566s[0m
[rgbd_odometry-1] [0m[INFO] [1776442943.733265639] [rtabmap.rgbd_odometry]: Odom: quality=98, std dev=0.003986m|0.028953rad, update time=0.045837s delay=0.116276s[0m
[rtabmap-2] [0m[INFO] [1776442943.795564442] [rtabmap.rtabmap]: rtabmap (368): Rate=0.50s, Limit=0.000s, Conversion=0.0025s, RTAB-Map=0.1194s, Maps update=0.0001s pub=0.0013s delay=0.2453s (local map=18, WM=18)[0m
[rgbd_odometry-1] [0m[INFO] [1776442943.803689735] [rtabmap.rgbd_odometry]: Odom: quality=102, std dev=0.002469m|0.027887rad, update time=0.050802s delay=0.119987s[0m
[rgbd_odometry-1] [0m[INFO] [1776442943.868457602] [rtabmap.rgbd_odometry]: Odom: quality=140, std dev=0.001688m|0.021339rad, update time=0.048314s delay=0.118038s[0m
[rgbd_odometry-1] [0m[INFO] [1776442943.929619828] [rtabmap.rgbd_odometry]: Odom: quality=144, std dev=0.001618m|0.025288rad, update time=0.043434s delay=0.112488s[0m
[rgbd_odometry-1] [0m[INFO] [1776442943.994378128] [rtabmap.rgbd_odometry]: Odom: quality=162, std dev=0.001855m|0.021630rad, update time=0.040597s delay=0.110534s[0m
[rgbd_odometry-1] [0m[INFO] [1776442944.065788460] [rtabmap.rgbd_odometry]: Odom: quality=109, std dev=0.004175m|0.028084rad, update time=0.044347s delay=0.115230s[0m
[rgbd_odometry-1] [0m[INFO] [1776442944.132610531] [rtabmap.rgbd_odometry]: Odom: quality=128, std dev=0.004464m|0.026682rad, update time=0.044271s delay=0.115339s[0m
[rgbd_odometry-1] [0m[INFO] [1776442944.203267562] [rtabmap.rgbd_odometry]: Odom: quality=118, std dev=0.004559m|0.030020rad, update time=0.048856s delay=0.119281s[0m
[rgbd_odometry-1] [0m[INFO] [1776442944.269151718] [rtabmap.rgbd_odometry]: Odom: quality=133, std dev=0.003418m|0.023049rad, update time=0.047835s delay=0.118451s[0m
[rtabmap-2] [0m[INFO] [1776442944.324724150] [rtabmap.rtabmap]: rtabmap (369): Rate=0.50s, Limit=0.000s, Conversion=0.0017s, RTAB-Map=0.1169s, Maps update=0.0001s pub=0.0016s delay=0.2407s (local map=19, WM=19)[0m
[rgbd_odometry-1] [0m[INFO] [1776442944.334350862] [rtabmap.rgbd_odometry]: Odom: quality=151, std dev=0.005220m|0.025551rad, update time=0.047020s delay=0.116936s[0m
[rgbd_odometry-1] [0m[INFO] [1776442944.405725673] [rtabmap.rgbd_odometry]: Odom: quality=147, std dev=0.002870m|0.024346rad, update time=0.048725s delay=0.121597s[0m
[rgbd_odometry-1] [0m[INFO] [1776442944.468984057] [rtabmap.rgbd_odometry]: Odom: quality=182, std dev=0.002328m|0.022437rad, update time=0.049084s delay=0.118145s[0m
[rgbd_odometry-1] [0m[INFO] [1776442944.543036258] [rtabmap.rgbd_odometry]: Odom: quality=173, std dev=0.003805m|0.024640rad, update time=0.056049s delay=0.125481s[0m
[rgbd_odometry-1] [0m[INFO] [1776442944.602333086] [rtabmap.rgbd_odometry]: Odom: quality=160, std dev=0.007278m|0.028466rad, update time=0.047936s delay=0.118064s[0m
[rgbd_odometry-1] [0m[INFO] [1776442944.669805288] [rtabmap.rgbd_odometry]: Odom: quality=171, std dev=0.005234m|0.025377rad, update time=0.048125s delay=0.118821s[0m
[rgbd_odometry-1] [0m[INFO] [1776442944.736663905] [rtabmap.rgbd_odometry]: Odom: quality=141, std dev=0.005954m|0.024640rad, update time=0.046025s delay=0.118966s[0m
[rgbd_odometry-1] [0m[INFO] [1776442944.803354356] [rtabmap.rgbd_odometry]: Odom: quality=167, std dev=0.005496m|0.025722rad, update time=0.047748s delay=0.118941s[0m
[rtabmap-2] [0m[INFO] [1776442944.838879645] [rtabmap.rtabmap]: rtabmap (370): Rate=0.50s, Limit=0.000s, Conversion=0.0021s, RTAB-Map=0.0968s, Maps update=0.0001s pub=0.0014s delay=0.2212s (local map=19, WM=19)[0m
[rgbd_odometry-1] [0m[INFO] [1776442944.871899261] [rtabmap.rgbd_odometry]: Odom: quality=167, std dev=0.005151m|0.022178rad, update time=0.047487s delay=0.120768s[0m
[rgbd_odometry-1] [0m[INFO] [1776442944.939010621] [rtabmap.rgbd_odometry]: Odom: quality=175, std dev=0.006911m|0.026054rad, update time=0.050302s delay=0.121166s[0m
[rgbd_odometry-1] [0m[INFO] [1776442945.003763544] [rtabmap.rgbd_odometry]: Odom: quality=158, std dev=0.007171m|0.026758rad, update time=0.049020s delay=0.119205s[0m
[rgbd_odometry-1] [0m[INFO] [1776442945.079244619] [rtabmap.rgbd_odometry]: Odom: quality=82, std dev=0.009825m|0.032596rad, update time=0.058619s delay=0.127967s[0m
[rgbd_odometry-1] [0m[INFO] [1776442945.144741979] [rtabmap.rgbd_odometry]: Odom: quality=112, std dev=0.006045m|0.029416rad, update time=0.052579s delay=0.126751s[0m
[rgbd_odometry-1] [0m[INFO] [1776442945.199422033] [rtabmap.rgbd_odometry]: Odom: quality=160, std dev=0.006560m|0.026682rad, update time=0.045485s delay=0.114714s[0m
[rgbd_odometry-1] [0m[INFO] [1776442945.266562866] [rtabmap.rgbd_odometry]: Odom: quality=154, std dev=0.007036m|0.027053rad, update time=0.045889s delay=0.115138s[0m
[rgbd_odometry-1] [0m[INFO] [1776442945.335643627] [rtabmap.rgbd_odometry]: Odom: quality=153, std dev=0.009183m|0.031865rad, update time=0.047450s delay=0.117503s[0m
[rgbd_odometry-1] [0m[INFO] [1776442945.406213967] [rtabmap.rgbd_odometry]: Odom: quality=148, std dev=0.007960m|0.031909rad, update time=0.050681s delay=0.121356s[0m
[rtabmap-2] [0m[INFO] [1776442945.420936379] [rtabmap.rtabmap]: rtabmap (371): Rate=0.50s, Limit=0.000s, Conversion=0.0018s, RTAB-Map=0.1494s, Maps update=0.0001s pub=0.0018s delay=0.2695s (local map=19, WM=19)[0m
[rgbd_odometry-1] [0m[INFO] [1776442945.468837036] [rtabmap.rgbd_odometry]: Odom: quality=165, std dev=0.004760m|0.024831rad, update time=0.045940s delay=0.117263s[0m
[rgbd_odometry-1] [0m[INFO] [1776442945.537371061] [rtabmap.rgbd_odometry]: Odom: quality=117, std dev=0.007788m|0.034536rad, update time=0.049568s delay=0.119080s[0m
[rgbd_odometry-1] [0m[INFO] [1776442945.613816516] [rtabmap.rgbd_odometry]: Odom: quality=138, std dev=0.007644m|0.030788rad, update time=0.059550s delay=0.128810s[0m
[rgbd_odometry-1] [0m[INFO] [1776442945.672706516] [rtabmap.rgbd_odometry]: Odom: quality=180, std dev=0.006685m|0.029804rad, update time=0.051692s delay=0.120984s[0m
[rgbd_odometry-1] [0m[INFO] [1776442945.738740533] [rtabmap.rgbd_odometry]: Odom: quality=168, std dev=0.004994m|0.026295rad, update time=0.050976s delay=0.120299s[0m
[rgbd_odometry-1] [0m[INFO] [1776442945.803997342] [rtabmap.rgbd_odometry]: Odom: quality=151, std dev=0.006384m|0.028590rad, update time=0.049558s delay=0.118840s[0m
[rgbd_odometry-1] [0m[INFO] [1776442945.879800027] [rtabmap.rgbd_odometry]: Odom: quality=109, std dev=0.008861m|0.034536rad, update time=0.058142s delay=0.127927s[0m
[rtabmap-2] [33m[ WARN] (2026-04-18 01:22:25.911) Rtabmap.cpp:3069::process() Rejected loop closure 348 -> 372: Not enough inliers 0/20 (matches=19) between 348 and 372[0m
[rtabmap-2] [0m[INFO] [1776442945.915941622] [rtabmap.rtabmap]: rtabmap (372): Rate=0.50s, Limit=0.000s, Conversion=0.0017s, RTAB-Map=0.1072s, Maps update=0.0001s pub=0.0019s delay=0.2308s (local map=20, WM=20)[0m
[rgbd_odometry-1] [0m[INFO] [1776442945.946993341] [rtabmap.rgbd_odometry]: Odom: quality=154, std dev=0.005810m|0.033963rad, update time=0.058686s delay=0.128406s[0m
[rgbd_odometry-1] [0m[INFO] [1776442946.010979617] [rtabmap.rgbd_odometry]: Odom: quality=113, std dev=0.007320m|0.031080rad, update time=0.056445s delay=0.125678s[0m
[rgbd_odometry-1] [0m[INFO] [1776442946.075065769] [rtabmap.rgbd_odometry]: Odom: quality=155, std dev=0.007490m|0.034289rad, update time=0.053912s delay=0.123050s[0m
[rgbd_odometry-1] [0m[INFO] [1776442946.139940552] [rtabmap.rgbd_odometry]: Odom: quality=111, std dev=0.005288m|0.032258rad, update time=0.050905s delay=0.121211s[0m
[rgbd_odometry-1] [0m[INFO] [1776442946.211246561] [rtabmap.rgbd_odometry]: Odom: quality=111, std dev=0.005426m|0.032085rad, update time=0.054297s delay=0.125802s[0m
[rgbd_odometry-1] [0m[INFO] [1776442946.274572435] [rtabmap.rgbd_odometry]: Odom: quality=154, std dev=0.004100m|0.028652rad, update time=0.048287s delay=0.122414s[0m
[rgbd_odometry-1] [0m[INFO] [1776442946.343398852] [rtabmap.rgbd_odometry]: Odom: quality=152, std dev=0.004831m|0.029129rad, update time=0.048863s delay=0.124526s[0m
[rgbd_odometry-1] [0m[INFO] [1776442946.416611286] [rtabmap.rgbd_odometry]: Odom: quality=127, std dev=0.004987m|0.028084rad, update time=0.055051s delay=0.131023s[0m
[rtabmap-2] [0m[INFO] [1776442946.444563074] [rtabmap.rtabmap]: rtabmap (373): Rate=0.50s, Limit=0.000s, Conversion=0.0027s, RTAB-Map=0.0950s, Maps update=0.0001s pub=0.0014s delay=0.2257s (local map=20, WM=20)[0m
[rgbd_odometry-1] [0m[INFO] [1776442946.484835734] [rtabmap.rgbd_odometry]: Odom: quality=185, std dev=0.003374m|0.026054rad, update time=0.058544s delay=0.132532s[0m
[rgbd_odometry-1] [0m[INFO] [1776442946.540777712] [rtabmap.rgbd_odometry]: Odom: quality=180, std dev=0.005226m|0.027953rad, update time=0.051848s delay=0.121762s[0m
[rgbd_odometry-1] [0m[INFO] [1776442946.603694966] [rtabmap.rgbd_odometry]: Odom: quality=189, std dev=0.004229m|0.027269rad, update time=0.048081s delay=0.117964s[0m
[rgbd_odometry-1] [0m[INFO] [1776442946.672224031] [rtabmap.rgbd_odometry]: Odom: quality=193, std dev=0.004241m|0.026135rad, update time=0.050521s delay=0.119778s[0m
[rgbd_odometry-1] [0m[INFO] [1776442946.742526299] [rtabmap.rgbd_odometry]: Odom: quality=161, std dev=0.005205m|0.028277rad, update time=0.053113s delay=0.123365s[0m
[rgbd_odometry-1] [0m[INFO] [1776442946.806725702] [rtabmap.rgbd_odometry]: Odom: quality=164, std dev=0.005045m|0.026135rad, update time=0.050308s delay=0.120851s[0m
[rgbd_odometry-1] [0m[INFO] [1776442946.873778532] [rtabmap.rgbd_odometry]: Odom: quality=147, std dev=0.004623m|0.027617rad, update time=0.048968s delay=0.121190s[0m
[rgbd_odometry-1] [0m[INFO] [1776442946.941700188] [rtabmap.rgbd_odometry]: Odom: quality=171, std dev=0.005766m|0.032513rad, update time=0.050292s delay=0.122396s[0m
[rtabmap-2] [0m[INFO] [1776442946.992458688] [rtabmap.rtabmap]: rtabmap (374): Rate=0.50s, Limit=0.000s, Conversion=0.0026s, RTAB-Map=0.1126s, Maps update=0.0001s pub=0.0014s delay=0.2399s (local map=20, WM=20)[0m
[rgbd_odometry-1] [0m[INFO] [1776442947.006368020] [rtabmap.rgbd_odometry]: Odom: quality=163, std dev=0.003642m|0.024543rad, update time=0.050762s delay=0.120351s[0m
[rgbd_odometry-1] [0m[INFO] [1776442947.072965285] [rtabmap.rgbd_odometry]: Odom: quality=163, std dev=0.005190m|0.029302rad, update time=0.049781s delay=0.120235s[0m
[rgbd_odometry-1] [0m[INFO] [1776442947.138046986] [rtabmap.rgbd_odometry]: Odom: quality=158, std dev=0.003768m|0.028953rad, update time=0.048947s delay=0.118600s[0m
[rgbd_odometry-1] [0m[INFO] [1776442947.208399400] [rtabmap.rgbd_odometry]: Odom: quality=166, std dev=0.004695m|0.026215rad, update time=0.052947s delay=0.122239s[0m
[rgbd_odometry-1] [0m[INFO] [1776442947.276789933] [rtabmap.rgbd_odometry]: Odom: quality=209, std dev=0.003964m|0.025017rad, update time=0.054648s delay=0.123917s[0m
[rgbd_odometry-1] [0m[INFO] [1776442947.341221182] [rtabmap.rgbd_odometry]: Odom: quality=223, std dev=0.004387m|0.026529rad, update time=0.052180s delay=0.121634s[0m
[rgbd_odometry-1] [0m[INFO] [1776442947.410881640] [rtabmap.rgbd_odometry]: Odom: quality=193, std dev=0.005301m|0.029129rad, update time=0.054907s delay=0.124581s[0m
[rgbd_odometry-1] [0m[INFO] [1776442947.475938828] [rtabmap.rgbd_odometry]: Odom: quality=177, std dev=0.004457m|0.024543rad, update time=0.052929s delay=0.122923s[0m
[rtabmap-2] [0m[INFO] [1776442947.531759523] [rtabmap.rtabmap]: rtabmap (375): Rate=0.50s, Limit=0.000s, Conversion=0.0027s, RTAB-Map=0.1144s, Maps update=0.0001s pub=0.0020s delay=0.2455s (local map=21, WM=21)[0m
[rgbd_odometry-1] [0m[INFO] [1776442947.544858688] [rtabmap.rgbd_odometry]: Odom: quality=146, std dev=0.004541m|0.025722rad, update time=0.055249s delay=0.125130s[0m
[rgbd_odometry-1] [0m[INFO] [1776442947.606782633] [rtabmap.rgbd_odometry]: Odom: quality=175, std dev=0.004150m|0.032638rad, update time=0.051029s delay=0.120338s[0m
[rgbd_odometry-1] [0m[INFO] [1776442947.671561253] [rtabmap.rgbd_odometry]: Odom: quality=160, std dev=0.004488m|0.028833rad, update time=0.048760s delay=0.118405s[0m
[rgbd_odometry-1] [0m[INFO] [1776442947.740843300] [rtabmap.rgbd_odometry]: Odom: quality=173, std dev=0.004693m|0.030837rad, update time=0.051690s delay=0.120973s[0m
[rgbd_odometry-1] [0m[INFO] [1776442947.805377369] [rtabmap.rgbd_odometry]: Odom: quality=148, std dev=0.004360m|0.029360rad, update time=0.049195s delay=0.118793s[0m
[rgbd_odometry-1] [0m[INFO] [1776442947.871414777] [rtabmap.rgbd_odometry]: Odom: quality=155, std dev=0.003816m|0.026054rad, update time=0.048561s delay=0.118117s[0m
[rgbd_odometry-1] [0m[INFO] [1776442947.943644942] [rtabmap.rgbd_odometry]: Odom: quality=92, std dev=0.005085m|0.027820rad, update time=0.053319s delay=0.123634s[0m
[rgbd_odometry-1] [0m[INFO] [1776442948.010839472] [rtabmap.rgbd_odometry]: Odom: quality=117, std dev=0.004531m|0.026215rad, update time=0.051618s delay=0.124113s[0m
[rtabmap-2] [0m[INFO] [1776442948.045049875] [rtabmap.rtabmap]: rtabmap (376): Rate=0.50s, Limit=0.000s, Conversion=0.0016s, RTAB-Map=0.0967s, Maps update=0.0001s pub=0.0014s delay=0.2250s (local map=22, WM=22)[0m
[rgbd_odometry-1] [0m[INFO] [1776442948.085019261] [rtabmap.rgbd_odometry]: Odom: quality=117, std dev=0.003538m|0.027340rad, update time=0.056898s delay=0.131581s[0m
[rgbd_odometry-1] [0m[INFO] [1776442948.137405553] [rtabmap.rgbd_odometry]: Odom: quality=123, std dev=0.006569m|0.033475rad, update time=0.046218s delay=0.117252s[0m
[rgbd_odometry-1] [0m[INFO] [1776442948.205025535] [rtabmap.rgbd_odometry]: Odom: quality=142, std dev=0.005089m|0.027198rad, update time=0.048429s delay=0.118160s[0m
[rgbd_odometry-1] [0m[INFO] [1776442948.267341940] [rtabmap.rgbd_odometry]: Odom: quality=158, std dev=0.004633m|0.027549rad, update time=0.043909s delay=0.113763s[0m
[rgbd_odometry-1] [0m[INFO] [1776442948.337854774] [rtabmap.rgbd_odometry]: Odom: quality=152, std dev=0.004392m|0.028019rad, update time=0.046069s delay=0.117562s[0m
[rgbd_odometry-1] [0m[INFO] [1776442948.404976886] [rtabmap.rgbd_odometry]: Odom: quality=130, std dev=0.005697m|0.027953rad, update time=0.045870s delay=0.117969s[0m
[rgbd_odometry-1] [0m[INFO] [1776442948.474906536] [rtabmap.rgbd_odometry]: Odom: quality=176, std dev=0.004808m|0.028084rad, update time=0.047368s delay=0.121186s[0m
[rgbd_odometry-1] [0m[INFO] [1776442948.544168230] [rtabmap.rgbd_odometry]: Odom: quality=177, std dev=0.004049m|0.023616rad, update time=0.049801s delay=0.123735s[0m
[rtabmap-2] [0m[INFO] [1776442948.591397252] [rtabmap.rtabmap]: rtabmap (377): Rate=0.50s, Limit=0.000s, Conversion=0.0024s, RTAB-Map=0.1102s, Maps update=0.0001s pub=0.0019s delay=0.2377s (local map=23, WM=23)[0m
[rgbd_odometry-1] [0m[INFO] [1776442948.607009002] [rtabmap.rgbd_odometry]: Odom: quality=171, std dev=0.003784m|0.025199rad, update time=0.047555s delay=0.119861s[0m
[rgbd_odometry-1] [0m[INFO] [1776442948.670892748] [rtabmap.rgbd_odometry]: Odom: quality=160, std dev=0.005032m|0.029129rad, update time=0.045586s delay=0.117033s[0m
[rgbd_odometry-1] [0m[INFO] [1776442948.738834948] [rtabmap.rgbd_odometry]: Odom: quality=109, std dev=0.006305m|0.027549rad, update time=0.048798s delay=0.118261s[0m
[rgbd_odometry-1] [0m[INFO] [1776442948.811279039] [rtabmap.rgbd_odometry]: Odom: quality=115, std dev=0.005809m|0.027269rad, update time=0.053802s delay=0.123992s[0m
[rgbd_odometry-1] [0m[INFO] [1776442948.887483015] [rtabmap.rgbd_odometry]: Odom: quality=118, std dev=0.006647m|0.030073rad, update time=0.063357s delay=0.133482s[0m
[rgbd_odometry-1] [0m[INFO] [1776442948.962614896] [rtabmap.rgbd_odometry]: Odom: quality=70, std dev=0.009814m|0.030020rad, update time=0.070821s delay=0.141900s[0m
[rgbd_odometry-1] [0m[INFO] [1776442949.090289489] [rtabmap.rgbd_odometry]: Odom: quality=39, std dev=0.010753m|0.033551rad, update time=0.063264s delay=0.136148s[0m
[rgbd_odometry-1] [0m[INFO] [1776442949.229614085] [rtabmap.rgbd_odometry]: Odom: quality=71, std dev=0.010570m|0.032679rad, update time=0.066432s delay=0.142045s[0m
[rtabmap-2] [33m[ WARN] (2026-04-18 01:22:29.250) Rtabmap.cpp:3069::process() Rejected loop closure 1 -> 378: Not enough inliers 0/20 (matches=27) between 1 and 378[0m
[rtabmap-2] [0m[INFO] [1776442949.254925509] [rtabmap.rtabmap]: rtabmap (378): Rate=0.50s, Limit=0.000s, Conversion=0.0023s, RTAB-Map=0.1588s, Maps update=0.0001s pub=0.0018s delay=0.3008s (local map=24, WM=24)[0m
[rgbd_odometry-1] [0m[INFO] [1776442949.360299070] [rtabmap.rgbd_odometry]: Odom: quality=84, std dev=0.008642m|0.033004rad, update time=0.062149s delay=0.139303s[0m
[rgbd_odometry-1] [0m[INFO] [1776442949.486989378] [rtabmap.rgbd_odometry]: Odom: quality=87, std dev=0.011661m|0.027685rad, update time=0.061451s delay=0.132565s[0m
[rgbd_odometry-1] [0m[INFO] [1776442949.550969415] [rtabmap.rgbd_odometry]: Odom: quality=112, std dev=0.004319m|0.028893rad, update time=0.059946s delay=0.129831s[0m
[rgbd_odometry-1] [0m[INFO] [1776442949.627370165] [rtabmap.rgbd_odometry]: Odom: quality=124, std dev=0.006300m|0.028149rad, update time=0.068446s delay=0.139518s[0m
[rgbd_odometry-1] [0m[INFO] [1776442949.694549751] [rtabmap.rgbd_odometry]: Odom: quality=85, std dev=0.009046m|0.028403rad, update time=0.065185s delay=0.139983s[0m
[rtabmap-2] [0m[INFO] [1776442949.753754641] [rtabmap.rtabmap]: rtabmap (379): Rate=0.50s, Limit=0.000s, Conversion=0.0029s, RTAB-Map=0.1190s, Maps update=0.0001s pub=0.0018s delay=0.2659s (local map=24, WM=24)[0m
[rgbd_odometry-1] [0m[INFO] [1776442949.829270149] [rtabmap.rgbd_odometry]: Odom: quality=77, std dev=0.010597m|0.030282rad, update time=0.069402s delay=0.141276s[0m
[rgbd_odometry-1] [0m[INFO] [1776442949.954941228] [rtabmap.rgbd_odometry]: Odom: quality=63, std dev=0.009394m|0.032964rad, update time=0.063842s delay=0.133520s[0m
[rgbd_odometry-1] [0m[INFO] [1776442950.022596284] [rtabmap.rgbd_odometry]: Odom: quality=66, std dev=0.008164m|0.029245rad, update time=0.064463s delay=0.134461s[0m
[rgbd_odometry-1] [0m[INFO] [1776442950.091458382] [rtabmap.rgbd_odometry]: Odom: quality=88, std dev=0.006023m|0.028084rad, update time=0.066790s delay=0.136609s[0m
[rgbd_odometry-1] [0m[INFO] [1776442950.165920068] [rtabmap.rgbd_odometry]: Odom: quality=100, std dev=0.007480m|0.027480rad, update time=0.071109s delay=0.144357s[0m
[rgbd_odometry-1] [0m[INFO] [1776442950.296865572] [rtabmap.rgbd_odometry]: Odom: quality=65, std dev=0.010379m|0.027820rad, update time=0.072118s delay=0.141877s[0m
[rtabmap-2] [0m[INFO] [1776442950.308021833] [rtabmap.rtabmap]: rtabmap (380): Rate=0.50s, Limit=0.000s, Conversion=0.0025s, RTAB-Map=0.1362s, Maps update=0.0001s pub=0.0017s delay=0.2865s (local map=25, WM=25)[0m
[rgbd_odometry-1] [0m[INFO] [1776442950.434038202] [rtabmap.rgbd_odometry]: Odom: quality=90, std dev=0.007018m|0.031731rad, update time=0.074768s delay=0.145622s[0m
[rgbd_odometry-1] [0m[INFO] [1776442950.567307390] [rtabmap.rgbd_odometry]: Odom: quality=78, std dev=0.007165m|0.034571rad, update time=0.072129s delay=0.145463s[0m
[rgbd_odometry-1] [0m[INFO] [1776442950.703356115] [rtabmap.rgbd_odometry]: Odom: quality=65, std dev=0.011941m|0.034036rad, update time=0.073522s delay=0.148083s[0m
[rtabmap-2] [0m[INFO] [1776442950.810094131] [rtabmap.rtabmap]: rtabmap (381): Rate=0.50s, Limit=0.000s, Conversion=0.0031s, RTAB-Map=0.0999s, Maps update=0.0001s pub=0.0015s delay=0.2548s (local map=26, WM=26)[0m
[rgbd_odometry-1] [0m[INFO] [1776442950.839197442] [rtabmap.rgbd_odometry]: Odom: quality=63, std dev=0.003591m|0.029913rad, update time=0.077186s delay=0.150498s[0m
[rgbd_odometry-1] [0m[INFO] [1776442950.971222401] [rtabmap.rgbd_odometry]: Odom: quality=99, std dev=0.002346m|0.031223rad, update time=0.076948s delay=0.149094s[0m
[rgbd_odometry-1] [0m[INFO] [1776442951.108785986] [rtabmap.rgbd_odometry]: Odom: quality=109, std dev=0.003401m|0.030689rad, update time=0.080835s delay=0.153230s[0m
[rgbd_odometry-1] [0m[INFO] [1776442951.240599196] [rtabmap.rgbd_odometry]: Odom: quality=105, std dev=0.001242m|0.029302rad, update time=0.078898s delay=0.151612s[0m
[rgbd_odometry-1] [0m[INFO] [1776442951.359704388] [rtabmap.rgbd_odometry]: Odom: quality=120, std dev=0.001025m|0.029187rad, update time=0.066949s delay=0.137291s[0m
[rgbd_odometry-1] [0m[INFO] [1776442951.508347624] [rtabmap.rgbd_odometry]: Odom: quality=79, std dev=0.001253m|0.031865rad, update time=0.083264s delay=0.152505s[0m
[rtabmap-2] [0m[INFO] [1776442951.597045403] [rtabmap.rtabmap]: rtabmap (382): Rate=0.50s, Limit=0.000s, Conversion=0.0027s, RTAB-Map=0.3506s, Maps update=0.0001s pub=0.0011s delay=0.5081s (local map=27, WM=27)[0m
[rgbd_odometry-1] [0m[INFO] [1776442951.648512852] [rtabmap.rgbd_odometry]: Odom: quality=70, std dev=0.001663m|0.031640rad, update time=0.089583s delay=0.159241s[0m
[rgbd_odometry-1] [0m[INFO] [1776442951.765078675] [rtabmap.rgbd_odometry]: Odom: quality=112, std dev=0.001321m|0.025637rad, update time=0.071275s delay=0.142380s[0m
[rtabmap-2] [0m[INFO] [1776442951.883237887] [rtabmap.rtabmap]: rtabmap (383): Rate=0.50s, Limit=0.000s, Conversion=0.0022s, RTAB-Map=0.1132s, Maps update=0.0001s pub=0.0011s delay=0.2605s (local map=28, WM=28)[0m
[rgbd_odometry-1] [0m[INFO] [1776442951.900914465] [rtabmap.rgbd_odometry]: Odom: quality=113, std dev=0.001108m|0.025890rad, update time=0.074183s delay=0.144786s[0m
[rgbd_odometry-1] [0m[INFO] [1776442952.020963333] [rtabmap.rgbd_odometry]: Odom: quality=178, std dev=0.000855m|0.025890rad, update time=0.059976s delay=0.131407s[0m
[rgbd_odometry-1] [0m[INFO] [1776442952.088261226] [rtabmap.rgbd_odometry]: Odom: quality=176, std dev=0.000940m|0.026135rad, update time=0.061817s delay=0.131992s[0m
[rgbd_odometry-1] [0m[INFO] [1776442952.177428332] [rtabmap.rgbd_odometry]: Odom: quality=92, std dev=0.001165m|0.031503rad, update time=0.081596s delay=0.154446s[0m
[rgbd_odometry-1] [0m[INFO] [1776442952.299067582] [rtabmap.rgbd_odometry]: Odom: quality=116, std dev=0.001627m|0.032513rad, update time=0.071116s delay=0.142656s[0m
[rgbd_odometry-1] [0m[INFO] [1776442952.424185781] [rtabmap.rgbd_odometry]: Odom: quality=149, std dev=0.000879m|0.025017rad, update time=0.064332s delay=0.134346s[0m
[rtabmap-2] [0m[INFO] [1776442952.430693234] [rtabmap.rtabmap]: rtabmap (384): Rate=0.50s, Limit=0.000s, Conversion=0.0019s, RTAB-Map=0.1274s, Maps update=0.0001s pub=0.0010s delay=0.2743s (local map=29, WM=29)[0m
[rgbd_odometry-1] [0m[INFO] [1776442952.498037881] [rtabmap.rgbd_odometry]: Odom: quality=153, std dev=0.001234m|0.031457rad, update time=0.068898s delay=0.141485s[0m
[rgbd_odometry-1] [0m[INFO] [1776442952.619905682] [rtabmap.rgbd_odometry]: Odom: quality=119, std dev=0.001126m|0.029859rad, update time=0.060660s delay=0.129925s[0m
[rgbd_odometry-1] [0m[INFO] [1776442952.692918749] [rtabmap.rgbd_odometry]: Odom: quality=115, std dev=0.001049m|0.028277rad, update time=0.066966s delay=0.136224s[0m
[rgbd_odometry-1] [0m[INFO] [1776442952.819590146] [rtabmap.rgbd_odometry]: Odom: quality=157, std dev=0.001262m|0.024640rad, update time=0.056185s delay=0.129468s[0m
[rgbd_odometry-1] [0m[INFO] [1776442952.897906823] [rtabmap.rgbd_odometry]: Odom: quality=125, std dev=0.000989m|0.026682rad, update time=0.071333s delay=0.141070s[0m
[rtabmap-2] [0m[INFO] [1776442952.963827621] [rtabmap.rtabmap]: rtabmap (385): Rate=0.50s, Limit=0.000s, Conversion=0.0029s, RTAB-Map=0.1381s, Maps update=0.0001s pub=0.0011s delay=0.2737s (local map=30, WM=30)[0m
[rgbd_odometry-1] [0m[INFO] [1776442953.020856704] [rtabmap.rgbd_odometry]: Odom: quality=176, std dev=0.001174m|0.025108rad, update time=0.061259s delay=0.130590s[0m
[rgbd_odometry-1] [0m[INFO] [1776442953.087284684] [rtabmap.rgbd_odometry]: Odom: quality=160, std dev=0.001513m|0.029640rad, update time=0.059398s delay=0.130306s[0m
[rgbd_odometry-1] [0m[INFO] [1776442953.166044447] [rtabmap.rgbd_odometry]: Odom: quality=112, std dev=0.001523m|0.033963rad, update time=0.073219s delay=0.142350s[0m
[rgbd_odometry-1] [0m[INFO] [1776442953.292591263] [rtabmap.rgbd_odometry]: Odom: quality=139, std dev=0.000869m|0.027340rad, update time=0.062877s delay=0.135464s[0m
[rgbd_odometry-1] [0m[INFO] [1776442953.353809172] [rtabmap.rgbd_odometry]: Odom: quality=179, std dev=0.001481m|0.026980rad, update time=0.059395s delay=0.129973s[0m
[rgbd_odometry-1] [0m[INFO] [1776442953.419691376] [rtabmap.rgbd_odometry]: Odom: quality=174, std dev=0.000647m|0.023616rad, update time=0.057933s delay=0.129139s[0m
[rgbd_odometry-1] [0m[INFO] [1776442953.496634510] [rtabmap.rgbd_odometry]: Odom: quality=143, std dev=0.001434m|0.027053rad, update time=0.068706s delay=0.139369s[0m
[rtabmap-2] [33m[ WARN] (2026-04-18 01:22:33.519) Rtabmap.cpp:3069::process() Rejected loop closure 348 -> 386: Not enough inliers 0/20 (matches=23) between 348 and 386[0m
[rtabmap-2] [33m[ WARN] (2026-04-18 01:22:33.522) Rtabmap.cpp:4603::process() Republishing data of requested node(s) 384 (Rtabmap/MaxRepublished=2)[0m
[rtabmap-2] [0m[INFO] [1776442953.525294672] [rtabmap.rtabmap]: rtabmap (386): Rate=0.50s, Limit=0.000s, Conversion=0.0029s, RTAB-Map=0.1647s, Maps update=0.0001s pub=0.0018s delay=0.3015s (local map=30, WM=30)[0m
[rgbd_odometry-1] [0m[INFO] [1776442953.632698532] [rtabmap.rgbd_odometry]: Odom: quality=137, std dev=0.001247m|0.027617rad, update time=0.071056s delay=0.142006s[0m
[rgbd_odometry-1] [0m[INFO] [1776442953.758193446] [rtabmap.rgbd_odometry]: Odom: quality=117, std dev=0.000747m|0.025464rad, update time=0.064571s delay=0.134070s[0m
[rgbd_odometry-1] [0m[INFO] [1776442953.827398531] [rtabmap.rgbd_odometry]: Odom: quality=184, std dev=0.000646m|0.021630rad, update time=0.067410s delay=0.136564s[0m
[rgbd_odometry-1] [0m[INFO] [1776442953.970636457] [rtabmap.rgbd_odometry]: Odom: quality=82, std dev=0.001021m|0.030639rad, update time=0.072845s delay=0.146374s[0m
[rgbd_odometry-1] [0m[INFO] [1776442954.100015805] [rtabmap.rgbd_odometry]: Odom: quality=101, std dev=0.001111m|0.027053rad, update time=0.072536s delay=0.142326s[0m
[rtabmap-2] [33m[ WARN] (2026-04-18 01:22:34.150) Rtabmap.cpp:3069::process() Rejected loop closure 348 -> 387: Not enough inliers 0/20 (matches=30) between 348 and 387[0m
[rtabmap-2] [0m[INFO] [1776442954.153099141] [rtabmap.rtabmap]: rtabmap (387): Rate=0.50s, Limit=0.000s, Conversion=0.0030s, RTAB-Map=0.1765s, Maps update=0.0001s pub=0.0011s delay=0.3288s (local map=31, WM=31)[0m
[rgbd_odometry-1] [0m[INFO] [1776442954.232807315] [rtabmap.rgbd_odometry]: Odom: quality=79, std dev=0.001484m|0.031128rad, update time=0.071117s delay=0.141690s[0m
[rgbd_odometry-1] [0m[INFO] [1776442954.354834737] [rtabmap.rgbd_odometry]: Odom: quality=99, std dev=0.001721m|0.031223rad, update time=0.056580s delay=0.130291s[0m
[rgbd_odometry-1] [0m[INFO] [1776442954.423299352] [rtabmap.rgbd_odometry]: Odom: quality=108, std dev=0.001032m|0.029750rad, update time=0.060551s delay=0.132042s[0m
[rgbd_odometry-1] [0m[INFO] [1776442954.481658394] [rtabmap.rgbd_odometry]: Odom: quality=158, std dev=0.000720m|0.023166rad, update time=0.049841s delay=0.123688s[0m
[rgbd_odometry-1] [0m[INFO] [1776442954.553816684] [rtabmap.rgbd_odometry]: Odom: quality=143, std dev=0.000867m|0.027549rad, update time=0.054908s delay=0.129132s[0m
[rgbd_odometry-1] [0m[INFO] [1776442954.638438346] [rtabmap.rgbd_odometry]: Odom: quality=86, std dev=0.001201m|0.029129rad, update time=0.075546s delay=0.147041s[0m
[rtabmap-2] [33m[ WARN] (2026-04-18 01:22:34.677) Rtabmap.cpp:3069::process() Rejected loop closure 1 -> 388: Not enough inliers 0/20 (matches=27) between 1 and 388[0m
[rtabmap-2] [0m[INFO] [1776442954.680892221] [rtabmap.rtabmap]: rtabmap (388): Rate=0.50s, Limit=0.000s, Conversion=0.0030s, RTAB-Map=0.1931s, Maps update=0.0001s pub=0.0010s delay=0.3229s (local map=31, WM=31)[0m
[rgbd_odometry-1] [0m[INFO] [1776442954.767673561] [rtabmap.rgbd_odometry]: Odom: quality=89, std dev=0.001650m|0.028590rad, update time=0.073507s delay=0.142849s[0m
[rgbd_odometry-1] [0m[INFO] [1776442954.887563288] [rtabmap.rgbd_odometry]: Odom: quality=122, std dev=0.000612m|0.025017rad, update time=0.059350s delay=0.129311s[0m
[rgbd_odometry-1] [0m[INFO] [1776442954.969128029] [rtabmap.rgbd_odometry]: Odom: quality=105, std dev=0.000703m|0.026135rad, update time=0.074379s delay=0.144164s[0m
[rgbd_odometry-1] [0m[INFO] [1776442955.085103658] [rtabmap.rgbd_odometry]: Odom: quality=174, std dev=0.000746m|0.017423rad, update time=0.054019s delay=0.126713s[0m
[rgbd_odometry-1] [0m[INFO] [1776442955.153091684] [rtabmap.rgbd_odometry]: Odom: quality=176, std dev=0.000529m|0.019858rad, update time=0.057698s delay=0.127985s[0m
[rgbd_odometry-1] [0m[INFO] [1776442955.216439479] [rtabmap.rgbd_odometry]: Odom: quality=154, std dev=0.000559m|0.025637rad, update time=0.054496s delay=0.124621s[0m
[rtabmap-2] [33m[ WARN] (2026-04-18 01:22:35.232) Rtabmap.cpp:3069::process() Rejected loop closure 1 -> 389: Not enough inliers 0/20 (matches=31) between 1 and 389[0m
[rtabmap-2] [0m[INFO] [1776442955.236355962] [rtabmap.rtabmap]: rtabmap (389): Rate=0.50s, Limit=0.000s, Conversion=0.0018s, RTAB-Map=0.1471s, Maps update=0.0001s pub=0.0011s delay=0.2780s (local map=31, WM=31)[0m
[rgbd_odometry-1] [0m[INFO] [1776442955.282709918] [rtabmap.rgbd_odometry]: Odom: quality=153, std dev=0.000923m|0.022044rad, update time=0.055360s delay=0.124178s[0m
[rgbd_odometry-1] [0m[INFO] [1776442955.350704760] [rtabmap.rgbd_odometry]: Odom: quality=163, std dev=0.000521m|0.023394rad, update time=0.056382s delay=0.125457s[0m
[rgbd_odometry-1] [0m[INFO] [1776442955.414638236] [rtabmap.rgbd_odometry]: Odom: quality=168, std dev=0.000495m|0.020040rad, update time=0.053758s delay=0.122679s[0m
[rgbd_odometry-1] [0m[INFO] [1776442955.481252173] [rtabmap.rgbd_odometry]: Odom: quality=172, std dev=0.001303m|0.025017rad, update time=0.053469s delay=0.122578s[0m
[rgbd_odometry-1] [0m[INFO] [1776442955.553120984] [rtabmap.rgbd_odometry]: Odom: quality=155, std dev=0.000708m|0.018649rad, update time=0.058656s delay=0.127736s[0m
[rgbd_odometry-1] [0m[INFO] [1776442955.627012605] [rtabmap.rgbd_odometry]: Odom: quality=127, std dev=0.001563m|0.025199rad, update time=0.065851s delay=0.134913s[0m
[rgbd_odometry-1] [0m[INFO] [1776442955.689848193] [rtabmap.rgbd_odometry]: Odom: quality=235, std dev=0.000811m|0.018867rad, update time=0.056792s delay=0.131036s[0m
[rgbd_odometry-1] [0m[INFO] [1776442955.750410403] [rtabmap.rgbd_odometry]: Odom: quality=221, std dev=0.000641m|0.022178rad, update time=0.054707s delay=0.124886s[0m
[rtabmap-2] [33m[ WARN] (2026-04-18 01:22:35.798) Rtabmap.cpp:3069::process() Rejected loop closure 1 -> 390: Not enough inliers 0/20 (matches=27) between 1 and 390[0m
[rtabmap-2] [0m[INFO] [1776442955.801948990] [rtabmap.rtabmap]: rtabmap (390): Rate=0.50s, Limit=0.000s, Conversion=0.0026s, RTAB-Map=0.1688s, Maps update=0.0001s pub=0.0011s delay=0.3099s (local map=31, WM=31)[0m
[rgbd_odometry-1] [0m[INFO] [1776442955.819862727] [rtabmap.rgbd_odometry]: Odom: quality=207, std dev=0.000664m|0.018867rad, update time=0.058009s delay=0.127624s[0m
[rgbd_odometry-1] [0m[INFO] [1776442955.889504849] [rtabmap.rgbd_odometry]: Odom: quality=217, std dev=0.000285m|0.017423rad, update time=0.057698s delay=0.130551s[0m
[rgbd_odometry-1] [0m[INFO] [1776442955.951200019] [rtabmap.rgbd_odometry]: Odom: quality=213, std dev=0.000876m|0.021770rad, update time=0.055957s delay=0.125533s[0m
[rgbd_odometry-1] [0m[INFO] [1776442956.017351416] [rtabmap.rgbd_odometry]: Odom: quality=212, std dev=0.000808m|0.022930rad, update time=0.055331s delay=0.124971s[0m
[rgbd_odometry-1] [0m[INFO] [1776442956.082912171] [rtabmap.rgbd_odometry]: Odom: quality=217, std dev=0.000485m|0.018423rad, update time=0.054986s delay=0.123818s[0m
[rgbd_odometry-1] [0m[INFO] [1776442956.150528441] [rtabmap.rgbd_odometry]: Odom: quality=208, std dev=0.000781m|0.023281rad, update time=0.055505s delay=0.124721s[0m
[rgbd_odometry-1] [0m[INFO] [1776442956.218660567] [rtabmap.rgbd_odometry]: Odom: quality=203, std dev=0.000755m|0.023937rad, update time=0.056074s delay=0.126139s[0m
[rgbd_odometry-1] [0m[INFO] [1776442956.282907268] [rtabmap.rgbd_odometry]: Odom: quality=220, std dev=0.000566m|0.020388rad, update time=0.054311s delay=0.123673s[0m
[rtabmap-2] [33m[ WARN] (2026-04-18 01:22:36.319) Rtabmap.cpp:3069::process() Rejected loop closure 1 -> 391: Not enough inliers 0/20 (matches=30) between 1 and 391[0m
[rtabmap-2] [0m[INFO] [1776442956.323507457] [rtabmap.rtabmap]: rtabmap (391): Rate=0.50s, Limit=0.000s, Conversion=0.0025s, RTAB-Map=0.1668s, Maps update=0.0001s pub=0.0015s delay=0.2977s (local map=31, WM=31)[0m
[rgbd_odometry-1] [0m[INFO] [1776442956.357822727] [rtabmap.rgbd_odometry]: Odom: quality=210, std dev=0.000604m|0.023616rad, update time=0.061920s delay=0.131877s[0m
[rgbd_odometry-1] [0m[INFO] [1776442956.424624671] [rtabmap.rgbd_odometry]: Odom: quality=203, std dev=0.000474m|0.019282rad, update time=0.057682s delay=0.131964s[0m
[rgbd_odometry-1] [0m[INFO] [1776442956.491262225] [rtabmap.rgbd_odometry]: Odom: quality=189, std dev=0.000548m|0.021630rad, update time=0.057515s delay=0.131889s[0m
[rgbd_odometry-1] [0m[INFO] [1776442956.557002377] [rtabmap.rgbd_odometry]: Odom: quality=188, std dev=0.000960m|0.019672rad, update time=0.057357s delay=0.130914s[0m
[rgbd_odometry-1] [0m[INFO] [1776442956.628375750] [rtabmap.rgbd_odometry]: Odom: quality=216, std dev=0.000293m|0.016542rad, update time=0.061867s delay=0.135575s[0m
[rgbd_odometry-1] [0m[INFO] [1776442956.694423399] [rtabmap.rgbd_odometry]: Odom: quality=226, std dev=0.000373m|0.019078rad, update time=0.061522s delay=0.134909s[0m
[rgbd_odometry-1] [0m[INFO] [1776442956.758990429] [rtabmap.rgbd_odometry]: Odom: quality=214, std dev=0.000295m|0.015492rad, update time=0.058058s delay=0.132761s[0m
[rgbd_odometry-1] [0m[INFO] [1776442956.819666658] [rtabmap.rgbd_odometry]: Odom: quality=210, std dev=0.000412m|0.018188rad, update time=0.055919s delay=0.126724s[0m
[rtabmap-2] [33m[ WARN] (2026-04-18 01:22:36.849) Rtabmap.cpp:3069::process() Rejected loop closure 1 -> 392: Not enough inliers 0/20 (matches=35) between 1 and 392[0m
[rtabmap-2] [0m[INFO] [1776442956.855909408] [rtabmap.rtabmap]: rtabmap (392): Rate=0.50s, Limit=0.000s, Conversion=0.0017s, RTAB-Map=0.1566s, Maps update=0.0002s pub=0.0017s delay=0.2964s (local map=31, WM=31)[0m
[rgbd_odometry-1] [0m[INFO] [1776442956.886743457] [rtabmap.rgbd_odometry]: Odom: quality=202, std dev=0.001092m|0.025890rad, update time=0.056573s delay=0.127085s[0m
[rgbd_odometry-1] [0m[INFO] [1776442956.954240461] [rtabmap.rgbd_odometry]: Odom: quality=197, std dev=0.000463m|0.020040rad, update time=0.058100s delay=0.127871s[0m
[rgbd_odometry-1] [0m[INFO] [1776442957.019100523] [rtabmap.rgbd_odometry]: Odom: quality=195, std dev=0.000428m|0.019672rad, update time=0.056937s delay=0.126017s[0m
[rgbd_odometry-1] [0m[INFO] [1776442957.084336085] [rtabmap.rgbd_odometry]: Odom: quality=194, std dev=0.000288m|0.016542rad, update time=0.055520s delay=0.124539s[0m
[rgbd_odometry-1] [0m[INFO] [1776442957.152484371] [rtabmap.rgbd_odometry]: Odom: quality=190, std dev=0.000926m|0.023506rad, update time=0.056933s delay=0.125974s[0m
[rgbd_odometry-1] [0m[INFO] [1776442957.220370602] [rtabmap.rgbd_odometry]: Odom: quality=212, std dev=0.000433m|0.017689rad, update time=0.057829s delay=0.127148s[0m
[rgbd_odometry-1] [0m[INFO] [1776442957.288823953] [rtabmap.rgbd_odometry]: Odom: quality=204, std dev=0.000302m|0.016542rad, update time=0.058965s delay=0.128887s[0m
[rgbd_odometry-1] [0m[INFO] [1776442957.353940088] [rtabmap.rgbd_odometry]: Odom: quality=198, std dev=0.000403m|0.019858rad, update time=0.057794s delay=0.127287s[0m
[rtabmap-2] [33m[ WARN] (2026-04-18 01:22:37.373) Rtabmap.cpp:3069::process() Rejected loop closure 1 -> 393: Not enough inliers 0/20 (matches=32) between 1 and 393[0m
[rtabmap-2] [0m[INFO] [1776442957.378778442] [rtabmap.rtabmap]: rtabmap (393): Rate=0.50s, Limit=0.000s, Conversion=0.0016s, RTAB-Map=0.1538s, Maps update=0.0001s pub=0.0015s delay=0.2856s (local map=31, WM=31)[0m
[rgbd_odometry-1] [0m[INFO] [1776442957.419932951] [rtabmap.rgbd_odometry]: Odom: quality=190, std dev=0.000464m|0.017944rad, update time=0.057191s delay=0.126569s[0m
[rgbd_odometry-1] [0m[INFO] [1776442957.499656647] [rtabmap.rgbd_odometry]: Odom: quality=194, std dev=0.000689m|0.021486rad, update time=0.065481s delay=0.139580s[0m
[rgbd_odometry-1] [0m[INFO] [1776442957.623211441] [rtabmap.rgbd_odometry]: Odom: quality=201, std dev=0.000971m|0.024446rad, update time=0.055882s delay=0.129708s[0m
[rgbd_odometry-1] [0m[INFO] [1776442957.689471928] [rtabmap.rgbd_odometry]: Odom: quality=193, std dev=0.000598m|0.025377rad, update time=0.060060s delay=0.129255s[0m
[rgbd_odometry-1] [0m[INFO] [1776442957.763327101] [rtabmap.rgbd_odometry]: Odom: quality=186, std dev=0.001073m|0.028833rad, update time=0.067577s delay=0.136396s[0m
[rgbd_odometry-1] [0m[INFO] [1776442957.833683963] [rtabmap.rgbd_odometry]: Odom: quality=204, std dev=0.000252m|0.013027rad, update time=0.068243s delay=0.140040s[0m
[rtabmap-2] [33m[ WARN] (2026-04-18 01:22:37.909) Rtabmap.cpp:3069::process() Rejected loop closure 1 -> 394: Not enough inliers 0/20 (matches=31) between 1 and 394[0m
[rtabmap-2] [0m[INFO] [1776442957.913975259] [rtabmap.rtabmap]: rtabmap (394): Rate=0.50s, Limit=0.000s, Conversion=0.0016s, RTAB-Map=0.1454s, Maps update=0.0001s pub=0.0011s delay=0.2871s (local map=31, WM=31)[0m
[rgbd_odometry-1] [0m[INFO] [1776442957.958896438] [rtabmap.rgbd_odometry]: Odom: quality=216, std dev=0.000364m|0.016851rad, update time=0.061183s delay=0.131822s[0m
[rgbd_odometry-1] [0m[INFO] [1776442958.024577228] [rtabmap.rgbd_odometry]: Odom: quality=203, std dev=0.000436m|0.018649rad, update time=0.059883s delay=0.130791s[0m
[rgbd_odometry-1] [0m[INFO] [1776442958.092777516] [rtabmap.rgbd_odometry]: Odom: quality=223, std dev=0.000369m|0.019480rad, update time=0.058757s delay=0.132278s[0m
[rgbd_odometry-1] [0m[INFO] [1776442958.158924721] [rtabmap.rgbd_odometry]: Odom: quality=205, std dev=0.000474m|0.021036rad, update time=0.057595s delay=0.131712s[0m
[rgbd_odometry-1] [0m[INFO] [1776442958.226122227] [rtabmap.rgbd_odometry]: Odom: quality=201, std dev=0.000545m|0.021036rad, update time=0.058249s delay=0.132195s[0m
[rgbd_odometry-1] [0m[INFO] [1776442958.291267610] [rtabmap.rgbd_odometry]: Odom: quality=201, std dev=0.000314m|0.016542rad, update time=0.057752s delay=0.130628s[0m
[rgbd_odometry-1] [0m[INFO] [1776442958.361247854] [rtabmap.rgbd_odometry]: Odom: quality=203, std dev=0.000294m|0.017144rad, update time=0.063139s delay=0.133891s[0m
[rgbd_odometry-1] [0m[INFO] [1776442958.424863849] [rtabmap.rgbd_odometry]: Odom: quality=199, std dev=0.000517m|0.017944rad, update time=0.060047s delay=0.130795s[0m
[rtabmap-2] [33m[ WARN] (2026-04-18 01:22:38.439) Rtabmap.cpp:3069::process() Rejected loop closure 1 -> 395: Not enough inliers 7/20 (matches=24) between 1 and 395[0m
[rtabmap-2] [0m[INFO] [1776442958.444138202] [rtabmap.rtabmap]: rtabmap (395): Rate=0.50s, Limit=0.000s, Conversion=0.0030s, RTAB-Map=0.1436s, Maps update=0.0001s pub=0.0012s delay=0.2835s (local map=31, WM=31)[0m
[rgbd_odometry-1] [0m[INFO] [1776442958.486738481] [rtabmap.rgbd_odometry]: Odom: quality=192, std dev=0.000870m|0.025464rad, update time=0.056857s delay=0.125957s[0m
[rgbd_odometry-1] [0m[INFO] [1776442958.554847342] [rtabmap.rgbd_odometry]: Odom: quality=195, std dev=0.000612m|0.020388rad, update time=0.057148s delay=0.127352s[0m
[rgbd_odometry-1] [0m[INFO] [1776442958.620871695] [rtabmap.rgbd_odometry]: Odom: quality=194, std dev=0.000664m|0.020216rad, update time=0.057058s delay=0.126662s[0m
[rgbd_odometry-1] [0m[INFO] [1776442958.684090654] [rtabmap.rgbd_odometry]: Odom: quality=214, std dev=0.000566m|0.021630rad, update time=0.053909s delay=0.123166s[0m
[rgbd_odometry-1] [0m[INFO] [1776442958.753767433] [rtabmap.rgbd_odometry]: Odom: quality=203, std dev=0.000729m|0.020556rad, update time=0.056747s delay=0.126130s[0m
[rgbd_odometry-1] [0m[INFO] [1776442958.822367796] [rtabmap.rgbd_odometry]: Odom: quality=202, std dev=0.000402m|0.021630rad, update time=0.058279s delay=0.128017s[0m
[rgbd_odometry-1] [0m[INFO] [1776442958.889102058] [rtabmap.rgbd_odometry]: Odom: quality=201, std dev=0.000332m|0.017423rad, update time=0.057428s delay=0.128036s[0m
[rgbd_odometry-1] [0m[INFO] [1776442958.963596193] [rtabmap.rgbd_odometry]: Odom: quality=205, std dev=0.000430m|0.019282rad, update time=0.063439s delay=0.135816s[0m
[rtabmap-2] [33m[ WARN] (2026-04-18 01:22:38.968) Rtabmap.cpp:3069::process() Rejected loop closure 1 -> 396: Not enough inliers 0/20 (matches=29) between 1 and 396[0m
[rtabmap-2] [0m[INFO] [1776442958.972824973] [rtabmap.rtabmap]: rtabmap (396): Rate=0.50s, Limit=0.000s, Conversion=0.0021s, RTAB-Map=0.1454s, Maps update=0.0001s pub=0.0015s delay=0.2785s (local map=31, WM=31)[0m
[rgbd_odometry-1] [0m[INFO] [1776442959.025915286] [rtabmap.rgbd_odometry]: Odom: quality=195, std dev=0.000377m|0.016851rad, update time=0.058240s delay=0.131419s[0m
[rgbd_odometry-1] [0m[INFO] [1776442959.086410774] [rtabmap.rgbd_odometry]: Odom: quality=202, std dev=0.000314m|0.016851rad, update time=0.055576s delay=0.125201s[0m
[rgbd_odometry-1] [0m[INFO] [1776442959.153185900] [rtabmap.rgbd_odometry]: Odom: quality=191, std dev=0.000970m|0.020880rad, update time=0.055654s delay=0.125260s[0m
[rgbd_odometry-1] [0m[INFO] [1776442959.222601872] [rtabmap.rgbd_odometry]: Odom: quality=209, std dev=0.000609m|0.019282rad, update time=0.057764s delay=0.127964s[0m
[rgbd_odometry-1] [0m[INFO] [1776442959.287627699] [rtabmap.rgbd_odometry]: Odom: quality=189, std dev=0.001102m|0.026374rad, update time=0.057255s delay=0.126274s[0m
[rgbd_odometry-1] [0m[INFO] [1776442959.356891154] [rtabmap.rgbd_odometry]: Odom: quality=193, std dev=0.000381m|0.019078rad, update time=0.059237s delay=0.128823s[0m
[rgbd_odometry-1] [0m[INFO] [1776442959.425042033] [rtabmap.rgbd_odometry]: Odom: quality=206, std dev=0.000600m|0.022437rad, update time=0.060473s delay=0.130260s[0m
[rgbd_odometry-1] [0m[INFO] [1776442959.488618474] [rtabmap.rgbd_odometry]: Odom: quality=205, std dev=0.000453m|0.018188rad, update time=0.056952s delay=0.127122s[0m
[rtabmap-2] [33m[ WARN] (2026-04-18 01:22:39.503) Rtabmap.cpp:3069::process() Rejected loop closure 1 -> 397: Not enough inliers 6/20 (matches=28) between 1 and 397[0m
[rtabmap-2] [0m[INFO] [1776442959.507285161] [rtabmap.rtabmap]: rtabmap (397): Rate=0.50s, Limit=0.000s, Conversion=0.0025s, RTAB-Map=0.1444s, Maps update=0.0001s pub=0.0011s delay=0.2792s (local map=31, WM=31)[0m
[rgbd_odometry-1] [0m[INFO] [1776442959.561745210] [rtabmap.rgbd_odometry]: Odom: quality=192, std dev=0.000419m|0.019858rad, update time=0.063600s delay=0.133533s[0m
[rgbd_odometry-1] [0m[INFO] [1776442959.623340314] [rtabmap.rgbd_odometry]: Odom: quality=196, std dev=0.000676m|0.018649rad, update time=0.057643s delay=0.128415s[0m
[rgbd_odometry-1] [0m[INFO] [1776442959.688165623] [rtabmap.rgbd_odometry]: Odom: quality=192, std dev=0.000938m|0.017689rad, update time=0.056803s delay=0.126526s[0m
[rgbd_odometry-1] [0m[INFO] [1776442959.763688780] [rtabmap.rgbd_odometry]: Odom: quality=208, std dev=0.000476m|0.014651rad, update time=0.066145s delay=0.135333s[0m
[rgbd_odometry-1] [0m[INFO] [1776442959.890153196] [rtabmap.rgbd_odometry]: Odom: quality=208, std dev=0.000610m|0.020040rad, update time=0.055218s delay=0.128371s[0m
[rgbd_odometry-1] [0m[INFO] [1776442959.956645466] [rtabmap.rgbd_odometry]: Odom: quality=210, std dev=0.000872m|0.022044rad, update time=0.058975s delay=0.128149s[0m
[rgbd_odometry-1] [0m[INFO] [1776442960.020648576] [rtabmap.rgbd_odometry]: Odom: quality=212, std dev=0.000553m|0.018649rad, update time=0.056160s delay=0.125436s[0m
[rgbd_odometry-1] [0m[INFO] [1776442960.089574165] [rtabmap.rgbd_odometry]: Odom: quality=206, std dev=0.000507m|0.016851rad, update time=0.058453s delay=0.127646s[0m
[rtabmap-2] [33m[ WARN] (2026-04-18 01:22:40.090) Rtabmap.cpp:3069::process() Rejected loop closure 1 -> 398: Not enough inliers 6/20 (matches=29) between 1 and 398[0m
[rtabmap-2] [0m[INFO] [1776442960.094557254] [rtabmap.rtabmap]: rtabmap (398): Rate=0.50s, Limit=0.000s, Conversion=0.0026s, RTAB-Map=0.1986s, Maps update=0.0001s pub=0.0012s delay=0.3328s (local map=31, WM=31)[0m
[rgbd_odometry-1] [0m[INFO] [1776442960.160712363] [rtabmap.rgbd_odometry]: Odom: quality=196, std dev=0.000614m|0.023831rad, update time=0.061441s delay=0.132069s[0m
[rgbd_odometry-1] [0m[INFO] [1776442960.225288385] [rtabmap.rgbd_odometry]: Odom: quality=200, std dev=0.000628m|0.020556rad, update time=0.060156s delay=0.129935s[0m
[rgbd_odometry-1] [0m[INFO] [1776442960.288766680] [rtabmap.rgbd_odometry]: Odom: quality=200, std dev=0.000909m|0.022563rad, update time=0.057060s delay=0.126699s[0m
[rgbd_odometry-1] [0m[INFO] [1776442960.355190820] [rtabmap.rgbd_odometry]: Odom: quality=195, std dev=0.000402m|0.019480rad, update time=0.056578s delay=0.126410s[0m
[rgbd_odometry-1] [0m[INFO] [1776442960.423427781] [rtabmap.rgbd_odometry]: Odom: quality=205, std dev=0.000255m|0.016851rad, update time=0.057874s delay=0.127932s[0m
[rgbd_odometry-1] [0m[INFO] [1776442960.491956239] [rtabmap.rgbd_odometry]: Odom: quality=207, std dev=0.000839m|0.022044rad, update time=0.059708s delay=0.129748s[0m
[rgbd_odometry-1] [0m[INFO] [1776442960.555239360] [rtabmap.rgbd_odometry]: Odom: quality=184, std dev=0.001066m|0.024640rad, update time=0.057040s delay=0.126317s[0m
[rtabmap-2] [33m[ WARN] (2026-04-18 01:22:40.570) Rtabmap.cpp:3069::process() Rejected loop closure 1 -> 399: Not enough inliers 0/20 (matches=23) between 1 and 399[0m
[rtabmap-2] [0m[INFO] [1776442960.574606580] [rtabmap.rtabmap]: rtabmap (399): Rate=0.50s, Limit=0.000s, Conversion=0.0024s, RTAB-Map=0.1450s, Maps update=0.0002s pub=0.0012s delay=0.2791s (local map=31, WM=31)[0m
[rgbd_odometry-1] [0m[INFO] [1776442960.632943989] [rtabmap.rgbd_odometry]: Odom: quality=189, std dev=0.000885m|0.021909rad, update time=0.067237s delay=0.137306s[0m
[rgbd_odometry-1] [0m[INFO] [1776442960.695767640] [rtabmap.rgbd_odometry]: Odom: quality=196, std dev=0.000248m|0.015089rad, update time=0.058440s delay=0.133419s[0m
[rgbd_odometry-1] [0m[INFO] [1776442960.756408765] [rtabmap.rgbd_odometry]: Odom: quality=204, std dev=0.000422m|0.020040rad, update time=0.057426s delay=0.127346s[0m
[rgbd_odometry-1] [0m[INFO] [1776442960.822150197] [rtabmap.rgbd_odometry]: Odom: quality=203, std dev=0.000658m|0.022044rad, update time=0.056297s delay=0.126373s[0m
[rgbd_odometry-1] [0m[INFO] [1776442960.889821638] [rtabmap.rgbd_odometry]: Odom: quality=192, std dev=0.000237m|0.014651rad, update time=0.055192s delay=0.127330s[0m
[rgbd_odometry-1] [0m[INFO] [1776442960.956249266] [rtabmap.rgbd_odometry]: Odom: quality=199, std dev=0.000317m|0.016542rad, update time=0.056904s delay=0.127042s[0m
[rgbd_odometry-1] [0m[INFO] [1776442961.028846258] [rtabmap.rgbd_odometry]: Odom: quality=194, std dev=0.000431m|0.021630rad, update time=0.059731s delay=0.132924s[0m
[rgbd_odometry-1] [0m[INFO] [1776442961.089532952] [rtabmap.rgbd_odometry]: Odom: quality=197, std dev=0.000508m|0.020880rad, update time=0.057109s delay=0.126898s[0m
[rtabmap-2] [33m[ WARN] (2026-04-18 01:22:41.122) Rtabmap.cpp:3069::process() Rejected loop closure 1 -> 400: Not enough inliers 0/20 (matches=24) between 1 and 400[0m
[rtabmap-2] [0m[INFO] [1776442961.127516745] [rtabmap.rtabmap]: rtabmap (400): Rate=0.50s, Limit=0.000s, Conversion=0.0026s, RTAB-Map=0.1649s, Maps update=0.0001s pub=0.0016s delay=0.2983s (local map=31, WM=31)[0m
[rgbd_odometry-1] [0m[INFO] [1776442961.164191668] [rtabmap.rgbd_odometry]: Odom: quality=186, std dev=0.001327m|0.025637rad, update time=0.062995s delay=0.134840s[0m
[rgbd_odometry-1] [0m[INFO] [1776442961.226232161] [rtabmap.rgbd_odometry]: Odom: quality=191, std dev=0.000283m|0.015089rad, update time=0.058434s delay=0.130167s[0m
[rgbd_odometry-1] [0m[INFO] [1776442961.291095872] [rtabmap.rgbd_odometry]: Odom: quality=192, std dev=0.001217m|0.022810rad, update time=0.057736s delay=0.128317s[0m
[rgbd_odometry-1] [0m[INFO] [1776442961.357841430] [rtabmap.rgbd_odometry]: Odom: quality=200, std dev=0.000298m|0.017689rad, update time=0.058283s delay=0.128347s[0m
[rgbd_odometry-1] [0m[INFO] [1776442961.423642352] [rtabmap.rgbd_odometry]: Odom: quality=197, std dev=0.000600m|0.019858rad, update time=0.057155s delay=0.127433s[0m
[rgbd_odometry-1] [0m[INFO] [1776442961.490855380] [rtabmap.rgbd_odometry]: Odom: quality=202, std dev=0.000460m|0.021630rad, update time=0.057407s delay=0.127933s[0m
[rgbd_odometry-1] [0m[INFO] [1776442961.560302584] [rtabmap.rgbd_odometry]: Odom: quality=172, std dev=0.000632m|0.018867rad, update time=0.057486s delay=0.130663s[0m
[rgbd_odometry-1] [0m[INFO] [1776442961.621612560] [rtabmap.rgbd_odometry]: Odom: quality=191, std dev=0.000607m|0.020880rad, update time=0.055337s delay=0.125257s[0m
[rtabmap-2] [33m[ WARN] (2026-04-18 01:22:41.644) Rtabmap.cpp:3069::process() Rejected loop closure 1 -> 401: Not enough inliers 0/20 (matches=32) between 1 and 401[0m
[rtabmap-2] [0m[INFO] [1776442961.648397627] [rtabmap.rtabmap]: rtabmap (401): Rate=0.50s, Limit=0.000s, Conversion=0.0019s, RTAB-Map=0.1530s, Maps update=0.0001s pub=0.0012s delay=0.2855s (local map=31, WM=31)[0m
[rgbd_odometry-1] [0m[INFO] [1776442961.693968777] [rtabmap.rgbd_odometry]: Odom: quality=196, std dev=0.000589m|0.021770rad, update time=0.060977s delay=0.130896s[0m
[rgbd_odometry-1] [0m[INFO] [1776442961.754756209] [rtabmap.rgbd_odometry]: Odom: quality=202, std dev=0.000419m|0.017144rad, update time=0.055974s delay=0.124970s[0m
[rgbd_odometry-1] [0m[INFO] [1776442961.820944279] [rtabmap.rgbd_odometry]: Odom: quality=209, std dev=0.000390m|0.017689rad, update time=0.055247s delay=0.124444s[0m
[rgbd_odometry-1] [0m[INFO] [1776442961.888507940] [rtabmap.rgbd_odometry]: Odom: quality=194, std dev=0.000587m|0.022688rad, update time=0.056111s delay=0.125292s[0m
[rgbd_odometry-1] [0m[INFO] [1776442961.956471902] [rtabmap.rgbd_odometry]: Odom: quality=193, std dev=0.000712m|0.020720rad, update time=0.056514s delay=0.126542s[0m
[rgbd_odometry-1] [0m[INFO] [1776442962.023173298] [rtabmap.rgbd_odometry]: Odom: quality=200, std dev=0.001397m|0.024446rad, update time=0.057349s delay=0.126527s[0m
[rgbd_odometry-1] [0m[INFO] [1776442962.089985578] [rtabmap.rgbd_odometry]: Odom: quality=192, std dev=0.000436m|0.016851rad, update time=0.057435s delay=0.126623s[0m
[rgbd_odometry-1] [0m[INFO] [1776442962.158704185] [rtabmap.rgbd_odometry]: Odom: quality=201, std dev=0.000551m|0.020556rad, update time=0.059018s delay=0.128628s[0m
[rtabmap-2] [33m[ WARN] (2026-04-18 01:22:42.189) Rtabmap.cpp:3069::process() Rejected loop closure 1 -> 402: Not enough inliers 0/20 (matches=31) between 1 and 402[0m
[rtabmap-2] [0m[INFO] [1776442962.193979292] [rtabmap.rtabmap]: rtabmap (402): Rate=0.50s, Limit=0.000s, Conversion=0.0026s, RTAB-Map=0.1648s, Maps update=0.0001s pub=0.0012s delay=0.2973s (local map=31, WM=31)[0m
[rgbd_odometry-1] [0m[INFO] [1776442962.236958462] [rtabmap.rgbd_odometry]: Odom: quality=202, std dev=0.000434m|0.019858rad, update time=0.070650s delay=0.140167s[0m
[rgbd_odometry-1] [0m[INFO] [1776442962.358661171] [rtabmap.rgbd_odometry]: Odom: quality=199, std dev=0.000565m|0.017423rad, update time=0.057379s delay=0.128440s[0m
[rgbd_odometry-1] [0m[INFO] [1776442962.427247774] [rtabmap.rgbd_odometry]: Odom: quality=192, std dev=0.000534m|0.017944rad, update time=0.055352s delay=0.130310s[0m
[rgbd_odometry-1] [0m[INFO] [1776442962.491591246] [rtabmap.rgbd_odometry]: Odom: quality=181, std dev=0.000764m|0.025017rad, update time=0.057753s delay=0.127939s[0m
[rgbd_odometry-1] [0m[INFO] [1776442962.558261634] [rtabmap.rgbd_odometry]: Odom: quality=173, std dev=0.001642m|0.027549rad, update time=0.058405s delay=0.127893s[0m
[rgbd_odometry-1] [0m[INFO] [1776442962.633996477] [rtabmap.rgbd_odometry]: Odom: quality=181, std dev=0.000562m|0.026215rad, update time=0.066934s delay=0.136912s[0m
[rgbd_odometry-1] [0m[INFO] [1776442962.695584701] [rtabmap.rgbd_odometry]: Odom: quality=175, std dev=0.000321m|0.015089rad, update time=0.057807s delay=0.131787s[0m
[rtabmap-2] [33m[ WARN] (2026-04-18 01:22:42.743) Rtabmap.cpp:3069::process() Rejected loop closure 1 -> 403: Not enough inliers 7/20 (matches=40) between 1 and 403[0m
[rtabmap-2] [0m[INFO] [1776442962.748931661] [rtabmap.rtabmap]: rtabmap (403): Rate=0.50s, Limit=0.000s, Conversion=0.0017s, RTAB-Map=0.1856s, Maps update=0.0001s pub=0.0018s delay=0.3186s (local map=31, WM=31)[0m
[rgbd_odometry-1] [0m[INFO] [1776442962.787145605] [rtabmap.rgbd_odometry]: Odom: quality=182, std dev=0.000737m|0.022044rad, update time=0.083537s delay=0.156633s[0m
[rgbd_odometry-1] [0m[INFO] [1776442962.892240343] [rtabmap.rgbd_odometry]: Odom: quality=175, std dev=0.000524m|0.022810rad, update time=0.058590s delay=0.128299s[0m
[rgbd_odometry-1] [0m[INFO] [1776442962.956915408] [rtabmap.rgbd_odometry]: Odom: quality=171, std dev=0.000391m|0.018423rad, update time=0.056894s delay=0.126260s[0m
[rgbd_odometry-1] [0m[INFO] [1776442963.024212726] [rtabmap.rgbd_odometry]: Odom: quality=169, std dev=0.000341m|0.013634rad, update time=0.056409s delay=0.126843s[0m
[rgbd_odometry-1] [0m[INFO] [1776442963.093499926] [rtabmap.rgbd_odometry]: Odom: quality=176, std dev=0.000542m|0.019078rad, update time=0.056288s delay=0.129416s[0m
[rgbd_odometry-1] [0m[INFO] [1776442963.168807557] [rtabmap.rgbd_odometry]: Odom: quality=164, std dev=0.000401m|0.019078rad, update time=0.064682s delay=0.138008s[0m
[rgbd_odometry-1] [0m[INFO] [1776442963.230693134] [rtabmap.rgbd_odometry]: Odom: quality=165, std dev=0.000882m|0.030126rad, update time=0.060079s delay=0.133180s[0m
[rtabmap-2] [33m[ WARN] (2026-04-18 01:22:43.240) Rtabmap.cpp:3069::process() Rejected loop closure 1 -> 404: Not enough inliers 0/20 (matches=32) between 1 and 404[0m
[rtabmap-2] [0m[INFO] [1776442963.245082672] [rtabmap.rtabmap]: rtabmap (404): Rate=0.50s, Limit=0.000s, Conversion=0.0024s, RTAB-Map=0.1460s, Maps update=0.0001s pub=0.0012s delay=0.2810s (local map=31, WM=31)[0m
[rgbd_odometry-1] [0m[INFO] [1776442963.298697480] [rtabmap.rgbd_odometry]: Odom: quality=152, std dev=0.000649m|0.024246rad, update time=0.061652s delay=0.134469s[0m
[rgbd_odometry-1] [0m[INFO] [1776442963.358613847] [rtabmap.rgbd_odometry]: Odom: quality=168, std dev=0.000818m|0.025288rad, update time=0.056794s delay=0.127674s[0m
[rgbd_odometry-1] [0m[INFO] [1776442963.425052612] [rtabmap.rgbd_odometry]: Odom: quality=175, std dev=0.000716m|0.023166rad, update time=0.058334s delay=0.127398s[0m
[rgbd_odometry-1] [0m[INFO] [1776442963.488130063] [rtabmap.rgbd_odometry]: Odom: quality=177, std dev=0.000533m|0.023281rad, update time=0.054857s delay=0.123760s[0m
[rgbd_odometry-1] [0m[INFO] [1776442963.554204370] [rtabmap.rgbd_odometry]: Odom: quality=172, std dev=0.000276m|0.016214rad, update time=0.053931s delay=0.123119s[0m
[rgbd_odometry-1] [0m[INFO] [1776442963.623461425] [rtabmap.rgbd_odometry]: Odom: quality=175, std dev=0.000472m|0.021630rad, update time=0.056381s delay=0.125663s[0m
[rgbd_odometry-1] [0m[INFO] [1776442963.696599649] [rtabmap.rgbd_odometry]: Odom: quality=171, std dev=0.000318m|0.016851rad, update time=0.060891s delay=0.132087s[0m
[rgbd_odometry-1] [0m[INFO] [1776442963.755034981] [rtabmap.rgbd_odometry]: Odom: quality=175, std dev=0.001079m|0.023831rad, update time=0.054165s delay=0.123809s[0m
[rtabmap-2] [33m[ WARN] (2026-04-18 01:22:43.808) Rtabmap.cpp:3069::process() Rejected loop closure 1 -> 405: Not enough inliers 6/20 (matches=34) between 1 and 405[0m
[rtabmap-2] [0m[INFO] [1776442963.812995867] [rtabmap.rtabmap]: rtabmap (405): Rate=0.50s, Limit=0.000s, Conversion=0.0026s, RTAB-Map=0.1833s, Maps update=0.0001s pub=0.0012s delay=0.3152s (local map=31, WM=31)[0m
[rgbd_odometry-1] [0m[INFO] [1776442963.830186607] [rtabmap.rgbd_odometry]: Odom: quality=168, std dev=0.000468m|0.018649rad, update time=0.062004s delay=0.132247s[0m
[rgbd_odometry-1] [0m[INFO] [1776442963.891082171] [rtabmap.rgbd_odometry]: Odom: quality=176, std dev=0.000632m|0.025890rad, update time=0.056355s delay=0.126429s[0m
[rgbd_odometry-1] [0m[INFO] [1776442963.964416369] [rtabmap.rgbd_odometry]: Odom: quality=175, std dev=0.000547m|0.019858rad, update time=0.063029s delay=0.133049s[0m
[rgbd_odometry-1] [0m[INFO] [1776442964.030301870] [rtabmap.rgbd_odometry]: Odom: quality=176, std dev=0.000533m|0.018867rad, update time=0.063147s delay=0.132218s[0m
[rgbd_odometry-1] [0m[INFO] [1776442964.097311083] [rtabmap.rgbd_odometry]: Odom: quality=172, std dev=0.000405m|0.015089rad, update time=0.063916s delay=0.132515s[0m
[rgbd_odometry-1] [0m[INFO] [1776442964.166143038] [rtabmap.rgbd_odometry]: Odom: quality=168, std dev=0.000547m|0.020040rad, update time=0.065548s delay=0.134630s[0m
[rgbd_odometry-1] [0m[INFO] [1776442964.228403185] [rtabmap.rgbd_odometry]: Odom: quality=187, std dev=0.000357m|0.017944rad, update time=0.060577s delay=0.130178s[0m
[rgbd_odometry-1] [0m[INFO] [1776442964.294621816] [rtabmap.rgbd_odometry]: Odom: quality=177, std dev=0.000324m|0.018649rad, update time=0.060574s delay=0.129685s[0m
[rtabmap-2] [33m[ WARN] (2026-04-18 01:22:44.351) Rtabmap.cpp:3069::process() Rejected loop closure 1 -> 406: Not enough inliers 7/20 (matches=27) between 1 and 406[0m
[rtabmap-2] [0m[INFO] [1776442964.355647080] [rtabmap.rtabmap]: rtabmap (406): Rate=0.50s, Limit=0.000s, Conversion=0.0018s, RTAB-Map=0.1847s, Maps update=0.0001s pub=0.0012s delay=0.3241s (local map=31, WM=31)[0m
[rgbd_odometry-1] [0m[INFO] [1776442964.368567648] [rtabmap.rgbd_odometry]: Odom: quality=178, std dev=0.000275m|0.016542rad, update time=0.067762s delay=0.136915s[0m
[rgbd_odometry-1] [0m[INFO] [1776442964.499511265] [rtabmap.rgbd_odometry]: Odom: quality=160, std dev=0.000567m|0.017944rad, update time=0.061043s delay=0.134430s[0m
[rgbd_odometry-1] [0m[INFO] [1776442964.565982159] [rtabmap.rgbd_odometry]: Odom: quality=184, std dev=0.000645m|0.019672rad, update time=0.064350s delay=0.134189s[0m
[rgbd_odometry-1] [0m[INFO] [1776442964.628389319] [rtabmap.rgbd_odometry]: Odom: quality=190, std dev=0.000394m|0.019078rad, update time=0.060886s delay=0.129880s[0m
[rgbd_odometry-1] [0m[INFO] [1776442964.693320936] [rtabmap.rgbd_odometry]: Odom: quality=185, std dev=0.000650m|0.020556rad, update time=0.056120s delay=0.128101s[0m
[rgbd_odometry-1] [0m[INFO] [1776442964.763701512] [rtabmap.rgbd_odometry]: Odom: quality=199, std dev=0.000555m|0.020880rad, update time=0.063052s delay=0.131767s[0m
[rgbd_odometry-1] [0m[INFO] [1776442964.826049982] [rtabmap.rgbd_odometry]: Odom: quality=176, std dev=0.000519m|0.018867rad, update time=0.057662s delay=0.127401s[0m
[rtabmap-2] [33m[ WARN] (2026-04-18 01:22:44.867) Rtabmap.cpp:3069::process() Rejected loop closure 1 -> 407: Not enough inliers 7/20 (matches=38) between 1 and 407[0m
[rtabmap-2] [0m[INFO] [1776442964.871356964] [rtabmap.rtabmap]: rtabmap (407): Rate=0.50s, Limit=0.000s, Conversion=0.0017s, RTAB-Map=0.1735s, Maps update=0.0001s pub=0.0012s delay=0.3061s (local map=31, WM=31)[0m
[rgbd_odometry-1] [0m[INFO] [1776442964.892457642] [rtabmap.rgbd_odometry]: Odom: quality=169, std dev=0.000588m|0.022563rad, update time=0.057915s delay=0.127095s[0m
[rgbd_odometry-1] [0m[INFO] [1776442964.963281047] [rtabmap.rgbd_odometry]: Odom: quality=165, std dev=0.001089m|0.023937rad, update time=0.060331s delay=0.131203s[0m
[rgbd_odometry-1] [0m[INFO] [1776442965.025721648] [rtabmap.rgbd_odometry]: Odom: quality=182, std dev=0.000567m|0.020556rad, update time=0.057755s delay=0.126931s[0m
[rgbd_odometry-1] [0m[INFO] [1776442965.090706418] [rtabmap.rgbd_odometry]: Odom: quality=177, std dev=0.000590m|0.021189rad, update time=0.055566s delay=0.125201s[0m
[rgbd_odometry-1] [0m[INFO] [1776442965.158466598] [rtabmap.rgbd_odometry]: Odom: quality=186, std dev=0.000801m|0.023616rad, update time=0.056844s delay=0.126246s[0m
[rgbd_odometry-1] [0m[INFO] [1776442965.224294081] [rtabmap.rgbd_odometry]: Odom: quality=170, std dev=0.000423m|0.015492rad, update time=0.054650s delay=0.125359s[0m
[rgbd_odometry-1] [0m[INFO] [1776442965.304592962] [rtabmap.rgbd_odometry]: Odom: quality=166, std dev=0.000539m|0.020040rad, update time=0.068799s delay=0.138943s[0m
[rtabmap-2] [33m[ WARN] (2026-04-18 01:22:45.373) Rtabmap.cpp:3069::process() Rejected loop closure 1 -> 408: Not enough inliers 6/20 (matches=41) between 1 and 408[0m
[rtabmap-2] [0m[INFO] [1776442965.378076060] [rtabmap.rtabmap]: rtabmap (408): Rate=0.50s, Limit=0.000s, Conversion=0.0027s, RTAB-Map=0.1479s, Maps update=0.0001s pub=0.0012s delay=0.2792s (local map=31, WM=31)[0m
[rgbd_odometry-1] [0m[INFO] [1776442965.427235378] [rtabmap.rgbd_odometry]: Odom: quality=168, std dev=0.001404m|0.026452rad, update time=0.058631s delay=0.128156s[0m
[rgbd_odometry-1] [0m[INFO] [1776442965.493513947] [rtabmap.rgbd_odometry]: Odom: quality=167, std dev=0.000736m|0.017944rad, update time=0.057932s delay=0.127721s[0m
[rgbd_odometry-1] [0m[INFO] [1776442965.559432793] [rtabmap.rgbd_odometry]: Odom: quality=172, std dev=0.000649m|0.022308rad, update time=0.056287s delay=0.126926s[0m
[rgbd_odometry-1] [0m[INFO] [1776442965.623721287] [rtabmap.rgbd_odometry]: Odom: quality=174, std dev=0.000422m|0.020040rad, update time=0.054731s delay=0.124500s[0m
[rgbd_odometry-1] [0m[INFO] [1776442965.693122474] [rtabmap.rgbd_odometry]: Odom: quality=161, std dev=0.000975m|0.021339rad, update time=0.057293s delay=0.127188s[0m
[rgbd_odometry-1] [0m[INFO] [1776442965.758926885] [rtabmap.rgbd_odometry]: Odom: quality=178, std dev=0.000513m|0.020216rad, update time=0.056298s delay=0.126277s[0m
[rgbd_odometry-1] [0m[INFO] [1776442965.827292682] [rtabmap.rgbd_odometry]: Odom: quality=173, std dev=0.000320m|0.015492rad, update time=0.058035s delay=0.127926s[0m
[rgbd_odometry-1] [0m[INFO] [1776442965.892854814] [rtabmap.rgbd_odometry]: Odom: quality=163, std dev=0.000332m|0.017423rad, update time=0.057364s delay=0.126777s[0m
[rtabmap-2] [33m[ WARN] (2026-04-18 01:22:45.955) Rtabmap.cpp:3069::process() Rejected loop closure 1 -> 409: Not enough inliers 6/20 (matches=36) between 1 and 409[0m
[rtabmap-2] [0m[INFO] [1776442965.960008928] [rtabmap.rtabmap]: rtabmap (409): Rate=0.50s, Limit=0.000s, Conversion=0.0025s, RTAB-Map=0.1949s, Maps update=0.0001s pub=0.0016s delay=0.3274s (local map=31, WM=31)[0m
[rgbd_odometry-1] [0m[INFO] [1776442965.965104532] [rtabmap.rgbd_odometry]: Odom: quality=174, std dev=0.000529m|0.023394rad, update time=0.061083s delay=0.132309s[0m
[rgbd_odometry-1] [0m[INFO] [1776442966.032230549] [rtabmap.rgbd_odometry]: Odom: quality=161, std dev=0.000730m|0.028340rad, update time=0.058953s delay=0.132722s[0m
[rgbd_odometry-1] [0m[INFO] [1776442966.096835981] [rtabmap.rgbd_odometry]: Odom: quality=174, std dev=0.000507m|0.016542rad, update time=0.058655s delay=0.130613s[0m
[rgbd_odometry-1] [0m[INFO] [1776442966.160754769] [rtabmap.rgbd_odometry]: Odom: quality=180, std dev=0.000482m|0.019672rad, update time=0.056653s delay=0.127819s[0m
[rgbd_odometry-1] [0m[INFO] [1776442966.223790459] [rtabmap.rgbd_odometry]: Odom: quality=186, std dev=0.000691m|0.021339rad, update time=0.054710s delay=0.124140s[0m
[rgbd_odometry-1] [0m[INFO] [1776442966.291784981] [rtabmap.rgbd_odometry]: Odom: quality=192, std dev=0.000269m|0.015492rad, update time=0.055669s delay=0.125420s[0m
[rgbd_odometry-1] [0m[INFO] [1776442966.368015199] [rtabmap.rgbd_odometry]: Odom: quality=185, std dev=0.000717m|0.023049rad, update time=0.062449s delay=0.134935s[0m
[rgbd_odometry-1] [0m[INFO] [1776442966.434617457] [rtabmap.rgbd_odometry]: Odom: quality=203, std dev=0.000284m|0.018423rad, update time=0.063716s delay=0.134821s[0m
[rtabmap-2] [33m[ WARN] (2026-04-18 01:22:46.455) Rtabmap.cpp:3069::process() Rejected loop closure 1 -> 410: Not enough inliers 8/20 (matches=34) between 1 and 410[0m
[rtabmap-2] [0m[INFO] [1776442966.459926962] [rtabmap.rtabmap]: rtabmap (410): Rate=0.50s, Limit=0.000s, Conversion=0.0032s, RTAB-Map=0.1622s, Maps update=0.0001s pub=0.0011s delay=0.2936s (local map=31, WM=31)[0m
[rgbd_odometry-1] [0m[INFO] [1776442966.494020722] [rtabmap.rgbd_odometry]: Odom: quality=196, std dev=0.001081m|0.020388rad, update time=0.056658s delay=0.127513s[0m
[rgbd_odometry-1] [0m[INFO] [1776442966.562406135] [rtabmap.rgbd_odometry]: Odom: quality=212, std dev=0.000515m|0.020040rad, update time=0.059718s delay=0.129183s[0m
[rgbd_odometry-1] [0m[INFO] [1776442966.625866318] [rtabmap.rgbd_odometry]: Odom: quality=211, std dev=0.000386m|0.019078rad, update time=0.056247s delay=0.125928s[0m
[rgbd_odometry-1] [0m[INFO] [1776442966.690953780] [rtabmap.rgbd_odometry]: Odom: quality=198, std dev=0.000776m|0.022437rad, update time=0.054753s delay=0.124301s[0m
[rgbd_odometry-1] [0m[INFO] [1776442966.760367896] [rtabmap.rgbd_odometry]: Odom: quality=218, std dev=0.000995m|0.021036rad, update time=0.055862s delay=0.127002s[0m
[rgbd_odometry-1] [0m[INFO] [1776442966.825593345] [rtabmap.rgbd_odometry]: Odom: quality=208, std dev=0.000181m|0.012320rad, update time=0.055875s delay=0.125513s[0m
[rgbd_odometry-1] [0m[INFO] [1776442966.901571108] [rtabmap.rgbd_odometry]: Odom: quality=207, std dev=0.000502m|0.019858rad, update time=0.059205s delay=0.134777s[0m
[rgbd_odometry-1] [0m[INFO] [1776442966.966054200] [rtabmap.rgbd_odometry]: Odom: quality=199, std dev=0.000432m|0.014651rad, update time=0.057239s delay=0.132546s[0m
[rtabmap-2] [33m[ WARN] (2026-04-18 01:22:46.977) Rtabmap.cpp:3069::process() Rejected loop closure 1 -> 411: Not enough inliers 0/20 (matches=36) between 1 and 411[0m
[rtabmap-2] [0m[INFO] [1776442966.982077515] [rtabmap.rtabmap]: rtabmap (411): Rate=0.50s, Limit=0.000s, Conversion=0.0024s, RTAB-Map=0.1506s, Maps update=0.0001s pub=0.0011s delay=0.2820s (local map=31, WM=31)[0m
[rgbd_odometry-1] [0m[INFO] [1776442967.031587627] [rtabmap.rgbd_odometry]: Odom: quality=197, std dev=0.000285m|0.017423rad, update time=0.059238s delay=0.131365s[0m
[rgbd_odometry-1] [0m[INFO] [1776442967.099991858] [rtabmap.rgbd_odometry]: Odom: quality=204, std dev=0.000467m|0.014170rad, update time=0.062880s delay=0.133055s[0m
[rgbd_odometry-1] [0m[INFO] [1776442967.165352447] [rtabmap.rgbd_odometry]: Odom: quality=219, std dev=0.000469m|0.020880rad, update time=0.061883s delay=0.131701s[0m
[rgbd_odometry-1] [0m[INFO] [1776442967.227531825] [rtabmap.rgbd_odometry]: Odom: quality=215, std dev=0.000633m|0.020880rad, update time=0.055862s delay=0.127168s[0m
[rgbd_odometry-1] [0m[INFO] [1776442967.292396944] [rtabmap.rgbd_odometry]: Odom: quality=193, std dev=0.000406m|0.015492rad, update time=0.054234s delay=0.125321s[0m
[rgbd_odometry-1] [0m[INFO] [1776442967.361241731] [rtabmap.rgbd_odometry]: Odom: quality=206, std dev=0.000320m|0.013634rad, update time=0.054597s delay=0.127451s[0m
[rgbd_odometry-1] [0m[INFO] [1776442967.428734895] [rtabmap.rgbd_odometry]: Odom: quality=210, std dev=0.000385m|0.017423rad, update time=0.056809s delay=0.128231s[0m
[rgbd_odometry-1] [0m[INFO] [1776442967.491743769] [rtabmap.rgbd_odometry]: Odom: quality=192, std dev=0.000254m|0.013027rad, update time=0.054339s delay=0.124526s[0m
[rtabmap-2] [33m[ WARN] (2026-04-18 01:22:47.540) Rtabmap.cpp:3069::process() Rejected loop closure 1 -> 412: Not enough inliers 6/20 (matches=37) between 1 and 412[0m
[rtabmap-2] [0m[INFO] [1776442967.544155982] [rtabmap.rtabmap]: rtabmap (412): Rate=0.50s, Limit=0.000s, Conversion=0.0022s, RTAB-Map=0.1781s, Maps update=0.0001s pub=0.0011s delay=0.3104s (local map=31, WM=31)[0m
[rgbd_odometry-1] [0m[INFO] [1776442967.560160671] [rtabmap.rgbd_odometry]: Odom: quality=212, std dev=0.000431m|0.016542rad, update time=0.057375s delay=0.126230s[0m
[rgbd_odometry-1] [0m[INFO] [1776442967.626061469] [rtabmap.rgbd_odometry]: Odom: quality=187, std dev=0.000551m|0.022437rad, update time=0.055585s delay=0.125415s[0m
[rgbd_odometry-1] [0m[INFO] [1776442967.696310521] [rtabmap.rgbd_odometry]: Odom: quality=198, std dev=0.000397m|0.018188rad, update time=0.057323s delay=0.128952s[0m
[rgbd_odometry-1] [0m[INFO] [1776442967.761987696] [rtabmap.rgbd_odometry]: Odom: quality=203, std dev=0.000449m|0.017689rad, update time=0.057308s delay=0.127915s[0m
[rgbd_odometry-1] [0m[INFO] [1776442967.826292127] [rtabmap.rgbd_odometry]: Odom: quality=202, std dev=0.000641m|0.022930rad, update time=0.056360s delay=0.125508s[0m
[rgbd_odometry-1] [0m[INFO] [1776442967.894086740] [rtabmap.rgbd_odometry]: Odom: quality=203, std dev=0.000433m|0.019282rad, update time=0.055145s delay=0.126587s[0m
[rgbd_odometry-1] [0m[INFO] [1776442967.968126942] [rtabmap.rgbd_odometry]: Odom: quality=206, std dev=0.000500m|0.016542rad, update time=0.061833s delay=0.133913s[0m
[rgbd_odometry-1] [0m[INFO] [1776442968.028827588] [rtabmap.rgbd_odometry]: Odom: quality=189, std dev=0.001094m|0.027053rad, update time=0.057968s delay=0.127901s[0m
[rtabmap-2] [33m[ WARN] (2026-04-18 01:22:48.052) Rtabmap.cpp:3069::process() Rejected loop closure 1 -> 413: Not enough inliers 6/20 (matches=29) between 1 and 413[0m
[rtabmap-2] [0m[INFO] [1776442968.056416743] [rtabmap.rtabmap]: rtabmap (413): Rate=0.50s, Limit=0.000s, Conversion=0.0016s, RTAB-Map=0.1583s, Maps update=0.0001s pub=0.0013s delay=0.2889s (local map=31, WM=31)[0m
[rgbd_odometry-1] [0m[INFO] [1776442968.097199786] [rtabmap.rgbd_odometry]: Odom: quality=187, std dev=0.000359m|0.017423rad, update time=0.056165s delay=0.129558s[0m
[rgbd_odometry-1] [0m[INFO] [1776442968.159049234] [rtabmap.rgbd_odometry]: Odom: quality=203, std dev=0.000639m|0.024144rad, update time=0.055788s delay=0.124696s[0m
[rgbd_odometry-1] [0m[INFO] [1776442968.227202929] [rtabmap.rgbd_odometry]: Odom: quality=184, std dev=0.001354m|0.026833rad, update time=0.056718s delay=0.126135s[0m
[rgbd_odometry-1] [0m[INFO] [1776442968.292551134] [rtabmap.rgbd_odometry]: Odom: quality=195, std dev=0.000336m|0.019078rad, update time=0.055457s delay=0.124770s[0m
[rgbd_odometry-1] [0m[INFO] [1776442968.361208876] [rtabmap.rgbd_odometry]: Odom: quality=203, std dev=0.000543m|0.023049rad, update time=0.056849s delay=0.126712s[0m
[rgbd_odometry-1] [0m[INFO] [1776442968.426963270] [rtabmap.rgbd_odometry]: Odom: quality=201, std dev=0.000458m|0.020556rad, update time=0.054088s delay=0.125754s[0m
[rgbd_odometry-1] [0m[INFO] [1776442968.496709363] [rtabmap.rgbd_odometry]: Odom: quality=199, std dev=0.001592m|0.022930rad, update time=0.058482s delay=0.128781s[0m
[rgbd_odometry-1] [0m[INFO] [1776442968.562331625] [rtabmap.rgbd_odometry]: Odom: quality=190, std dev=0.000313m|0.014170rad, update time=0.056942s delay=0.127696s[0m
[rtabmap-2] [33m[ WARN] (2026-04-18 01:22:48.570) Rtabmap.cpp:3069::process() Rejected loop closure 1 -> 414: Not enough inliers 0/20 (matches=28) between 1 and 414[0m
[rtabmap-2] [0m[INFO] [1776442968.574751282] [rtabmap.rtabmap]: rtabmap (414): Rate=0.50s, Limit=0.000s, Conversion=0.0022s, RTAB-Map=0.1422s, Maps update=0.0001s pub=0.0011s delay=0.2736s (local map=31, WM=31)[0m
[rgbd_odometry-1] [0m[INFO] [1776442968.632731017] [rtabmap.rgbd_odometry]: Odom: quality=175, std dev=0.001227m|0.021770rad, update time=0.061359s delay=0.131382s[0m
[rgbd_odometry-1] [0m[INFO] [1776442968.695853814] [rtabmap.rgbd_odometry]: Odom: quality=179, std dev=0.000555m|0.017423rad, update time=0.058667s delay=0.127791s[0m
[rgbd_odometry-1] [0m[INFO] [1776442968.761561614] [rtabmap.rgbd_odometry]: Odom: quality=193, std dev=0.000399m|0.022178rad, update time=0.056966s delay=0.126785s[0m
[rgbd_odometry-1] [0m[INFO] [1776442968.825640918] [rtabmap.rgbd_odometry]: Odom: quality=205, std dev=0.000365m|0.016542rad, update time=0.055038s delay=0.124151s[0m
[rgbd_odometry-1] [0m[INFO] [1776442968.894802515] [rtabmap.rgbd_odometry]: Odom: quality=205, std dev=0.000355m|0.019282rad, update time=0.055920s delay=0.126598s[0m
[rgbd_odometry-1] [0m[INFO] [1776442968.960252547] [rtabmap.rgbd_odometry]: Odom: quality=203, std dev=0.000297m|0.017423rad, update time=0.055227s delay=0.125332s[0m
[rgbd_odometry-1] [0m[INFO] [1776442969.029562980] [rtabmap.rgbd_odometry]: Odom: quality=206, std dev=0.000404m|0.018649rad, update time=0.056660s delay=0.127929s[0m
[rgbd_odometry-1] [0m[INFO] [1776442969.093719119] [rtabmap.rgbd_odometry]: Odom: quality=200, std dev=0.000854m|0.020720rad, update time=0.055912s delay=0.125370s[0m
[rtabmap-2] [33m[ WARN] (2026-04-18 01:22:49.118) Rtabmap.cpp:3069::process() Rejected loop closure 1 -> 415: Not enough inliers 0/20 (matches=36) between 1 and 415[0m
[rtabmap-2] [0m[INFO] [1776442969.122700154] [rtabmap.rtabmap]: rtabmap (415): Rate=0.50s, Limit=0.000s, Conversion=0.0023s, RTAB-Map=0.1568s, Maps update=0.0001s pub=0.0012s delay=0.2878s (local map=31, WM=31)[0m
[rgbd_odometry-1] [0m[INFO] [1776442969.166152299] [rtabmap.rgbd_odometry]: Odom: quality=199, std dev=0.000846m|0.024543rad, update time=0.062207s delay=0.131089s[0m
[rgbd_odometry-1] [0m[INFO] [1776442969.227046103] [rtabmap.rgbd_odometry]: Odom: quality=190, std dev=0.000762m|0.020556rad, update time=0.055909s delay=0.125268s[0m
[rgbd_odometry-1] [0m[INFO] [1776442969.295694788] [rtabmap.rgbd_odometry]: Odom: quality=213, std dev=0.000376m|0.021339rad, update time=0.058287s delay=0.127202s[0m
[rgbd_odometry-1] [0m[INFO] [1776442969.360635142] [rtabmap.rgbd_odometry]: Odom: quality=192, std dev=0.000786m|0.021630rad, update time=0.056222s delay=0.125428s[0m
[rgbd_odometry-1] [0m[INFO] [1776442969.427992782] [rtabmap.rgbd_odometry]: Odom: quality=184, std dev=0.000479m|0.019282rad, update time=0.056622s delay=0.126071s[0m
[rgbd_odometry-1] [0m[INFO] [1776442969.495972424] [rtabmap.rgbd_odometry]: Odom: quality=187, std dev=0.001680m|0.027053rad, update time=0.058291s delay=0.127338s[0m
[rgbd_odometry-1] [0m[INFO] [1776442969.570410846] [rtabmap.rgbd_odometry]: Odom: quality=198, std dev=0.000350m|0.017144rad, update time=0.065409s delay=0.135057s[0m
[rgbd_odometry-1] [0m[INFO] [1776442969.628273266] [rtabmap.rgbd_odometry]: Odom: quality=179, std dev=0.000841m|0.026215rad, update time=0.055376s delay=0.126210s[0m
[rtabmap-2] [33m[ WARN] (2026-04-18 01:22:49.638) Rtabmap.cpp:3069::process() Rejected loop closure 1 -> 416: Not enough inliers 0/20 (matches=28) between 1 and 416[0m
[rtabmap-2] [0m[INFO] [1776442969.642595251] [rtabmap.rtabmap]: rtabmap (416): Rate=0.50s, Limit=0.000s, Conversion=0.0017s, RTAB-Map=0.1423s, Maps update=0.0002s pub=0.0012s delay=0.2740s (local map=31, WM=31)[0m
[rgbd_odometry-1] [0m[INFO] [1776442969.694270163] [rtabmap.rgbd_odometry]: Odom: quality=194, std dev=0.001119m|0.025890rad, update time=0.055912s delay=0.125491s[0m
[rgbd_odometry-1] [0m[INFO] [1776442969.772645435] [rtabmap.rgbd_odometry]: Odom: quality=195, std dev=0.000536m|0.023281rad, update time=0.067846s delay=0.137151s[0m
[rgbd_odometry-1] [0m[INFO] [1776442969.896664436] [rtabmap.rgbd_odometry]: Odom: quality=201, std dev=0.000499m|0.020216rad, update time=0.057522s delay=0.127742s[0m
[rgbd_odometry-1] [0m[INFO] [1776442969.964945047] [rtabmap.rgbd_odometry]: Odom: quality=201, std dev=0.000630m|0.021770rad, update time=0.056726s delay=0.129307s[0m
[rgbd_odometry-1] [0m[INFO] [1776442970.030716593] [rtabmap.rgbd_odometry]: Odom: quality=199, std dev=0.000499m|0.019078rad, update time=0.057722s delay=0.128365s[0m
[rgbd_odometry-1] [0m[INFO] [1776442970.109340641] [rtabmap.rgbd_odometry]: Odom: quality=199, std dev=0.000490m|0.022437rad, update time=0.063709s delay=0.140275s[0m
[rtabmap-2] [33m[ WARN] (2026-04-18 01:22:50.224) Rtabmap.cpp:3069::process() Rejected loop closure 1 -> 417: Not enough inliers 6/20 (matches=33) between 1 and 417[0m
[rtabmap-2] [0m[INFO] [1776442970.228195684] [rtabmap.rtabmap]: rtabmap (417): Rate=0.50s, Limit=0.000s, Conversion=0.0017s, RTAB-Map=0.1922s, Maps update=0.0001s pub=0.0012s delay=0.3259s (local map=31, WM=31)[0m
[rgbd_odometry-1] [0m[INFO] [1776442970.233257623] [rtabmap.rgbd_odometry]: Odom: quality=191, std dev=0.000285m|0.013634rad, update time=0.059370s delay=0.130764s[0m
[rgbd_odometry-1] [0m[INFO] [1776442970.304921404] [rtabmap.rgbd_odometry]: Odom: quality=189, std dev=0.000969m|0.024543rad, update time=0.065035s delay=0.135714s[0m
[rgbd_odometry-1] [0m[INFO] [1776442970.375261979] [rtabmap.rgbd_odometry]: Odom: quality=174, std dev=0.001500m|0.026452rad, update time=0.069491s delay=0.139340s[0m
[rgbd_odometry-1] [0m[INFO] [1776442970.497059123] [rtabmap.rgbd_odometry]: Odom: quality=197, std dev=0.000533m|0.020720rad, update time=0.054797s delay=0.127713s[0m
[rgbd_odometry-1] [0m[INFO] [1776442970.562490179] [rtabmap.rgbd_odometry]: Odom: quality=194, std dev=0.000732m|0.021036rad, update time=0.056041s delay=0.126429s[0m
[rgbd_odometry-1] [0m[INFO] [1776442970.629292507] [rtabmap.rgbd_odometry]: Odom: quality=200, std dev=0.000316m|0.015089rad, update time=0.056999s delay=0.126517s[0m
[rgbd_odometry-1] [0m[INFO] [1776442970.696283225] [rtabmap.rgbd_odometry]: Odom: quality=200, std dev=0.001015m|0.024144rad, update time=0.056165s delay=0.126794s[0m
[rtabmap-2] [33m[ WARN] (2026-04-18 01:22:50.708) Rtabmap.cpp:3069::process() Rejected loop closure 1 -> 418: Not enough inliers 0/20 (matches=30) between 1 and 418[0m
[rtabmap-2] [0m[INFO] [1776442970.712628436] [rtabmap.rtabmap]: rtabmap (418): Rate=0.50s, Limit=0.000s, Conversion=0.0024s, RTAB-Map=0.1443s, Maps update=0.0001s pub=0.0012s delay=0.2766s (local map=31, WM=31)[0m
[rgbd_odometry-1] [0m[INFO] [1776442970.766018502] [rtabmap.rgbd_odometry]: Odom: quality=195, std dev=0.000281m|0.017423rad, update time=0.060328s delay=0.129813s[0m
[rgbd_odometry-1] [0m[INFO] [1776442970.831026346] [rtabmap.rgbd_odometry]: Odom: quality=193, std dev=0.000333m|0.017944rad, update time=0.058755s delay=0.128109s[0m
[rgbd_odometry-1] [0m[INFO] [1776442970.897312595] [rtabmap.rgbd_odometry]: Odom: quality=199, std dev=0.000396m|0.019480rad, update time=0.058736s delay=0.127682s[0m
[rgbd_odometry-1] [0m[INFO] [1776442970.962381016] [rtabmap.rgbd_odometry]: Odom: quality=182, std dev=0.000729m|0.022437rad, update time=0.056353s delay=0.126036s[0m
[rgbd_odometry-1] [0m[INFO] [1776442971.034741202] [rtabmap.rgbd_odometry]: Odom: quality=190, std dev=0.000650m|0.023506rad, update time=0.062375s delay=0.131682s[0m
[rgbd_odometry-1] [0m[INFO] [1776442971.099700116] [rtabmap.rgbd_odometry]: Odom: quality=194, std dev=0.000407m|0.020720rad, update time=0.060779s delay=0.129929s[0m
[rgbd_odometry-1] [0m[INFO] [1776442971.162745439] [rtabmap.rgbd_odometry]: Odom: quality=200, std dev=0.000814m|0.024446rad, update time=0.057143s delay=0.126260s[0m
[rgbd_odometry-1] [0m[INFO] [1776442971.228826050] [rtabmap.rgbd_odometry]: Odom: quality=199, std dev=0.000357m|0.020216rad, update time=0.056261s delay=0.125627s[0m
[rtabmap-2] [33m[ WARN] (2026-04-18 01:22:51.241) Rtabmap.cpp:3069::process() Rejected loop closure 1 -> 419: Not enough inliers 0/20 (matches=30) between 1 and 419[0m
[rtabmap-2] [0m[INFO] [1776442971.246075320] [rtabmap.rtabmap]: rtabmap (419): Rate=0.50s, Limit=0.000s, Conversion=0.0020s, RTAB-Map=0.1413s, Maps update=0.0002s pub=0.0012s delay=0.2763s (local map=31, WM=31)[0m
[rgbd_odometry-1] [0m[INFO] [1776442971.298085729] [rtabmap.rgbd_odometry]: Odom: quality=197, std dev=0.000519m|0.025017rad, update time=0.058846s delay=0.128174s[0m
[rgbd_odometry-1] [0m[INFO] [1776442971.365317798] [rtabmap.rgbd_odometry]: Odom: quality=197, std dev=0.000374m|0.015865rad, update time=0.059214s delay=0.128690s[0m
[rgbd_odometry-1] [0m[INFO] [1776442971.428927937] [rtabmap.rgbd_odometry]: Odom: quality=198, std dev=0.000436m|0.019282rad, update time=0.055043s delay=0.125589s[0m
[rgbd_odometry-1] [0m[INFO] [1776442971.495316781] [rtabmap.rgbd_odometry]: Odom: quality=187, std dev=0.000678m|0.027820rad, update time=0.055554s delay=0.125261s[0m
[rgbd_odometry-1] [0m[INFO] [1776442971.563990715] [rtabmap.rgbd_odometry]: Odom: quality=196, std dev=0.000741m|0.025722rad, update time=0.056243s delay=0.127224s[0m
[rgbd_odometry-1] [0m[INFO] [1776442971.632574855] [rtabmap.rgbd_odometry]: Odom: quality=181, std dev=0.001181m|0.031080rad, update time=0.058699s delay=0.129094s[0m
[rgbd_odometry-1] [0m[INFO] [1776442971.696716146] [rtabmap.rgbd_odometry]: Odom: quality=185, std dev=0.000510m|0.018423rad, update time=0.057368s delay=0.126523s[0m
[rgbd_odometry-1] [0m[INFO] [1776442971.762039231] [rtabmap.rgbd_odometry]: Odom: quality=198, std dev=0.000353m|0.019858rad, update time=0.056055s delay=0.125131s[0m
[rgbd_odometry-1] [0m[INFO] [1776442971.828672562] [rtabmap.rgbd_odometry]: Odom: quality=198, std dev=0.000719m|0.018649rad, update time=0.055957s delay=0.125052s[0m
[rtabmap-2] [33m[ WARN] (2026-04-18 01:22:51.831) Rtabmap.cpp:3069::process() Rejected loop closure 1 -> 420: Not enough inliers 0/20 (matches=27) between 1 and 420[0m
[rtabmap-2] [0m[INFO] [1776442971.837367887] [rtabmap.rtabmap]: rtabmap (420): Rate=0.50s, Limit=0.000s, Conversion=0.0019s, RTAB-Map=0.1980s, Maps update=0.0001s pub=0.0030s delay=0.3339s (local map=31, WM=31)[0m
[rgbd_odometry-1] [0m[INFO] [1776442971.896924756] [rtabmap.rgbd_odometry]: Odom: quality=193, std dev=0.000352m|0.013027rad, update time=0.056449s delay=0.126586s[0m
[rgbd_odometry-1] [0m[INFO] [1776442971.963281663] [rtabmap.rgbd_odometry]: Odom: quality=197, std dev=0.000349m|0.016214rad, update time=0.057180s delay=0.126233s[0m
[rgbd_odometry-1] [0m[INFO] [1776442972.029852784] [rtabmap.rgbd_odometry]: Odom: quality=188, std dev=0.000614m|0.020388rad, update time=0.057153s delay=0.126090s[0m
[rgbd_odometry-1] [0m[INFO] [1776442972.097235353] [rtabmap.rgbd_odometry]: Odom: quality=206, std dev=0.000385m|0.017944rad, update time=0.057616s delay=0.126760s[0m
[rgbd_odometry-1] [0m[INFO] [1776442972.164921227] [rtabmap.rgbd_odometry]: Odom: quality=181, std dev=0.001215m|0.024144rad, update time=0.058004s delay=0.127732s[0m
[rgbd_odometry-1] [0m[INFO] [1776442972.231761380] [rtabmap.rgbd_odometry]: Odom: quality=200, std dev=0.000417m|0.020040rad, update time=0.057440s delay=0.127857s[0m
[rgbd_odometry-1] [0m[INFO] [1776442972.303946297] [rtabmap.rgbd_odometry]: Odom: quality=190, std dev=0.001276m|0.027198rad, update time=0.062373s delay=0.133330s[0m
[rtabmap-2] [33m[ WARN] (2026-04-18 01:22:52.307) Rtabmap.cpp:3069::process() Rejected loop closure 1 -> 421: Not enough inliers 0/20 (matches=27) between 1 and 421[0m
[rtabmap-2] [0m[INFO] [1776442972.311790173] [rtabmap.rtabmap]: rtabmap (421): Rate=0.50s, Limit=0.000s, Conversion=0.0017s, RTAB-Map=0.1425s, Maps update=0.0001s pub=0.0011s delay=0.2746s (local map=31, WM=31)[0m
[rgbd_odometry-1] [0m[INFO] [1776442972.372856270] [rtabmap.rgbd_odometry]: Odom: quality=209, std dev=0.000897m|0.023724rad, update time=0.065674s delay=0.135524s[0m
[rgbd_odometry-1] [0m[INFO] [1776442972.431892324] [rtabmap.rgbd_odometry]: Odom: quality=207, std dev=0.000869m|0.021909rad, update time=0.056828s delay=0.127850s[0m
[rgbd_odometry-1] [0m[INFO] [1776442972.499264685] [rtabmap.rgbd_odometry]: Odom: quality=217, std dev=0.000373m|0.016851rad, update time=0.059206s delay=0.128508s[0m
[rgbd_odometry-1] [0m[INFO] [1776442972.561051379] [rtabmap.rgbd_odometry]: Odom: quality=194, std dev=0.000323m|0.017423rad, update time=0.054447s delay=0.123580s[0m
[rgbd_odometry-1] [0m[INFO] [1776442972.632075750] [rtabmap.rgbd_odometry]: Odom: quality=197, std dev=0.000375m|0.017144rad, update time=0.058226s delay=0.127891s[0m
[rgbd_odometry-1] [0m[INFO] [1776442972.698729946] [rtabmap.rgbd_odometry]: Odom: quality=193, std dev=0.000338m|0.017144rad, update time=0.057800s delay=0.127832s[0m
[rgbd_odometry-1] [0m[INFO] [1776442972.765017987] [rtabmap.rgbd_odometry]: Odom: quality=200, std dev=0.001324m|0.025464rad, update time=0.056151s delay=0.127407s[0m
[rgbd_odometry-1] [0m[INFO] [1776442972.832740694] [rtabmap.rgbd_odometry]: Odom: quality=199, std dev=0.000611m|0.018423rad, update time=0.057994s delay=0.128418s[0m
[rtabmap-2] [33m[ WARN] (2026-04-18 01:22:52.852) Rtabmap.cpp:3069::process() Rejected loop closure 1 -> 422: Not enough inliers 0/20 (matches=32) between 1 and 422[0m
[rtabmap-2] [0m[INFO] [1776442972.856537674] [rtabmap.rtabmap]: rtabmap (422): Rate=0.50s, Limit=0.000s, Conversion=0.0017s, RTAB-Map=0.1531s, Maps update=0.0001s pub=0.0012s delay=0.2857s (local map=31, WM=31)[0m
[rgbd_odometry-1] [0m[INFO] [1776442972.898555313] [rtabmap.rgbd_odometry]: Odom: quality=189, std dev=0.000276m|0.015492rad, update time=0.056573s delay=0.127517s[0m
[rgbd_odometry-1] [0m[INFO] [1776442972.960278357] [rtabmap.rgbd_odometry]: Odom: quality=195, std dev=0.000798m|0.019282rad, update time=0.053174s delay=0.122527s[0m
[rgbd_odometry-1] [0m[INFO] [1776442973.031529871] [rtabmap.rgbd_odometry]: Odom: quality=205, std dev=0.000378m|0.015089rad, update time=0.057466s delay=0.127064s[0m
[rgbd_odometry-1] [0m[INFO] [1776442973.095934369] [rtabmap.rgbd_odometry]: Odom: quality=192, std dev=0.000642m|0.025464rad, update time=0.055262s delay=0.124755s[0m
[rgbd_odometry-1] [0m[INFO] [1776442973.164562798] [rtabmap.rgbd_odometry]: Odom: quality=207, std dev=0.000660m|0.020040rad, update time=0.056759s delay=0.126671s[0m
[rgbd_odometry-1] [0m[INFO] [1776442973.231156352] [rtabmap.rgbd_odometry]: Odom: quality=184, std dev=0.000335m|0.018867rad, update time=0.055467s delay=0.126548s[0m
[rgbd_odometry-1] [0m[INFO] [1776442973.304507639] [rtabmap.rgbd_odometry]: Odom: quality=186, std dev=0.001128m|0.023281rad, update time=0.060023s delay=0.133185s[0m
[rgbd_odometry-1] [0m[INFO] [1776442973.372661046] [rtabmap.rgbd_odometry]: Odom: quality=192, std dev=0.000738m|0.019858rad, update time=0.063996s delay=0.134627s[0m
[rtabmap-2] [33m[ WARN] (2026-04-18 01:22:53.374) Rtabmap.cpp:3069::process() Rejected loop closure 1 -> 423: Not enough inliers 0/20 (matches=27) between 1 and 423[0m
[rtabmap-2] [0m[INFO] [1776442973.378613636] [rtabmap.rtabmap]: rtabmap (423): Rate=0.50s, Limit=0.000s, Conversion=0.0025s, RTAB-Map=0.1418s, Maps update=0.0001s pub=0.0011s delay=0.2740s (local map=31, WM=31)[0m
[rgbd_odometry-1] [0m[INFO] [1776442973.433954126] [rtabmap.rgbd_odometry]: Odom: quality=194, std dev=0.000279m|0.016851rad, update time=0.058843s delay=0.129164s[0m
[rgbd_odometry-1] [0m[INFO] [1776442973.512023502] [rtabmap.rgbd_odometry]: Odom: quality=207, std dev=0.001303m|0.021909rad, update time=0.071255s delay=0.140563s[0m
[rgbd_odometry-1] [0m[INFO] [1776442973.630559976] [rtabmap.rgbd_odometry]: Odom: quality=117, std dev=0.000739m|0.020216rad, update time=0.054053s delay=0.125671s[0m
[rgbd_odometry-1] [0m[INFO] [1776442973.697012374] [rtabmap.rgbd_odometry]: Odom: quality=40, std dev=0.000560m|0.016851rad, update time=0.056686s delay=0.125410s[0m
[rgbd_odometry-1] [0m[INFO] [1776442973.759454767] [rtabmap.rgbd_odometry]: Odom: quality=19, std dev=0.001670m|0.021909rad, update time=0.052465s delay=0.121140s[0m
[rtabmap-2] [33m[ WARN] (2026-04-18 01:22:53.774) Memory.cpp:3217::computeTransform() Missing visual features or missing raw data to compute them. Transform cannot be estimated.[0m
[rtabmap-2] [0m[INFO] [1776442973.779288912] [rtabmap.rtabmap]: rtabmap (424): Rate=0.50s, Limit=0.000s, Conversion=0.0017s, RTAB-Map=0.0156s, Maps update=0.0001s pub=0.0008s delay=0.1410s (local map=31, WM=31)[0m
[rgbd_odometry-1] [0m[INFO] [1776442973.830004052] [rtabmap.rgbd_odometry]: Odom: quality=32, std dev=0.000245m|0.010360rad, update time=0.056113s delay=0.124973s[0m
[rgbd_odometry-1] [0m[INFO] [1776442973.900959525] [rtabmap.rgbd_odometry]: Odom: quality=57, std dev=0.000821m|0.027685rad, update time=0.060685s delay=0.129216s[0m
[rgbd_odometry-1] [0m[INFO] [1776442973.963777961] [rtabmap.rgbd_odometry]: Odom: quality=163, std dev=0.000415m|0.017944rad, update time=0.056212s delay=0.125319s[0m
[rgbd_odometry-1] [0m[INFO] [1776442974.029709192] [rtabmap.rgbd_odometry]: Odom: quality=105, std dev=0.000251m|0.015492rad, update time=0.055057s delay=0.124448s[0m
[rgbd_odometry-1] [0m[INFO] [1776442974.097776101] [rtabmap.rgbd_odometry]: Odom: quality=195, std dev=0.000239m|0.014651rad, update time=0.055557s delay=0.125708s[0m
[rgbd_odometry-1] [0m[INFO] [1776442974.164449145] [rtabmap.rgbd_odometry]: Odom: quality=190, std dev=0.000172m|0.010360rad, update time=0.056667s delay=0.125574s[0m
[rgbd_odometry-1] [0m[INFO] [1776442974.241180082] [rtabmap.rgbd_odometry]: Odom: quality=148, std dev=0.000742m|0.028340rad, update time=0.062109s delay=0.135498s[0m
[rgbd_odometry-1] [0m[INFO] [1776442974.368806485] [rtabmap.rgbd_odometry]: Odom: quality=224, std dev=0.000722m|0.020556rad, update time=0.056556s delay=0.129502s[0m
[rgbd_odometry-1] [0m[INFO] [1776442974.443717529] [rtabmap.rgbd_odometry]: Odom: quality=230, std dev=0.000292m|0.012320rad, update time=0.063457s delay=0.137603s[0m
[rtabmap-2] [33m[ WARN] (2026-04-18 01:22:54.514) Rtabmap.cpp:3069::process() Rejected loop closure 1 -> 425: Not enough inliers 0/20 (matches=28) between 1 and 425[0m
[rtabmap-2] [0m[INFO] [1776442974.518359637] [rtabmap.rtabmap]: rtabmap (425): Rate=0.50s, Limit=0.000s, Conversion=0.0025s, RTAB-Map=0.1435s, Maps update=0.0001s pub=0.0011s delay=0.2791s (local map=31, WM=31)[0m
[rgbd_odometry-1] [0m[INFO] [1776442974.574464982] [rtabmap.rgbd_odometry]: Odom: quality=221, std dev=0.000326m|0.019282rad, update time=0.061331s delay=0.134726s[0m
[rgbd_odometry-1] [0m[INFO] [1776442974.699264038] [rtabmap.rgbd_odometry]: Odom: quality=228, std dev=0.000233m|0.013634rad, update time=0.057778s delay=0.125891s[0m
[rgbd_odometry-1] [0m[INFO] [1776442974.776614129] [rtabmap.rgbd_odometry]: Odom: quality=244, std dev=0.000239m|0.012320rad, update time=0.067804s delay=0.136424s[0m
[rgbd_odometry-1] [0m[INFO] [1776442974.905323763] [rtabmap.rgbd_odometry]: Odom: quality=247, std dev=0.000211m|0.011465rad, update time=0.062348s delay=0.131493s[0m
[rgbd_odometry-1] [0m[INFO] [1776442974.972491030] [rtabmap.rgbd_odometry]: Odom: quality=237, std dev=0.000305m|0.015089rad, update time=0.063047s delay=0.131842s[0m
[rgbd_odometry-1] [0m[INFO] [1776442975.036570207] [rtabmap.rgbd_odometry]: Odom: quality=229, std dev=0.000550m|0.021770rad, update time=0.059856s delay=0.129218s[0m
[rtabmap-2] [33m[ WARN] (2026-04-18 01:22:55.107) Rtabmap.cpp:3069::process() Rejected loop closure 1 -> 426: Not enough inliers 0/20 (matches=26) between 1 and 426[0m
[rgbd_odometry-1] [0m[INFO] [1776442975.109456136] [rtabmap.rgbd_odometry]: Odom: quality=246, std dev=0.000275m|0.017144rad, update time=0.066680s delay=0.135397s[0m
[rtabmap-2] [0m[INFO] [1776442975.111609863] [rtabmap.rtabmap]: rtabmap (426): Rate=0.50s, Limit=0.000s, Conversion=0.0036s, RTAB-Map=0.1993s, Maps update=0.0001s pub=0.0011s delay=0.3378s (local map=31, WM=31)[0m
[rgbd_odometry-1] [0m[INFO] [1776442975.238940192] [rtabmap.rgbd_odometry]: Odom: quality=231, std dev=0.000353m|0.016214rad, update time=0.060139s delay=0.131473s[0m
[rgbd_odometry-1] [0m[INFO] [1776442975.310615174] [rtabmap.rgbd_odometry]: Odom: quality=242, std dev=0.000165m|0.010360rad, update time=0.065554s delay=0.136444s[0m
[rgbd_odometry-1] [0m[INFO] [1776442975.435583163] [rtabmap.rgbd_odometry]: Odom: quality=226, std dev=0.000358m|0.017689rad, update time=0.058607s delay=0.128005s[0m
[rgbd_odometry-1] [0m[INFO] [1776442975.507994839] [rtabmap.rgbd_odometry]: Odom: quality=209, std dev=0.000618m|0.021909rad, update time=0.063863s delay=0.133710s[0m
[rtabmap-2] [33m[ WARN] (2026-04-18 01:22:55.584) Rtabmap.cpp:3069::process() Rejected loop closure 1 -> 427: Not enough inliers 0/20 (matches=26) between 1 and 427[0m
[rtabmap-2] [0m[INFO] [1776442975.588444252] [rtabmap.rtabmap]: rtabmap (427): Rate=0.50s, Limit=0.000s, Conversion=0.0016s, RTAB-Map=0.1483s, Maps update=0.0001s pub=0.0013s delay=0.2809s (local map=31, WM=31)[0m
[rgbd_odometry-1] [0m[INFO] [1776442975.645979975] [rtabmap.rgbd_odometry]: Odom: quality=218, std dev=0.000956m|0.025017rad, update time=0.069925s delay=0.138289s[0m
[rgbd_odometry-1] [0m[INFO] [1776442975.767988486] [rtabmap.rgbd_odometry]: Odom: quality=208, std dev=0.000356m|0.015089rad, update time=0.058106s delay=0.126891s[0m
[rgbd_odometry-1] [0m[INFO] [1776442975.837414954] [rtabmap.rgbd_odometry]: Odom: quality=212, std dev=0.000512m|0.016542rad, update time=0.061221s delay=0.129614s[0m
[rgbd_odometry-1] [0m[INFO] [1776442975.901798908] [rtabmap.rgbd_odometry]: Odom: quality=207, std dev=0.001200m|0.020880rad, update time=0.059127s delay=0.127295s[0m
[rgbd_odometry-1] [0m[INFO] [1776442975.969344010] [rtabmap.rgbd_odometry]: Odom: quality=207, std dev=0.000355m|0.014651rad, update time=0.060423s delay=0.128137s[0m
[rgbd_odometry-1] [0m[INFO] [1776442976.038090939] [rtabmap.rgbd_odometry]: Odom: quality=197, std dev=0.000282m|0.013634rad, update time=0.060636s delay=0.130178s[0m
[rgbd_odometry-1] [0m[INFO] [1776442976.109883300] [rtabmap.rgbd_odometry]: Odom: quality=208, std dev=0.000360m|0.014651rad, update time=0.066949s delay=0.135269s[0m
[rtabmap-2] [33m[ WARN] (2026-04-18 01:22:56.166) Rtabmap.cpp:3069::process() Rejected loop closure 1 -> 428: Not enough inliers 0/20 (matches=32) between 1 and 428[0m
[rtabmap-2] [0m[INFO] [1776442976.170388069] [rtabmap.rtabmap]: rtabmap (428): Rate=0.50s, Limit=0.000s, Conversion=0.0017s, RTAB-Map=0.1964s, Maps update=0.0001s pub=0.0012s delay=0.3292s (local map=31, WM=31)[0m
[rgbd_odometry-1] [0m[INFO] [1776442976.245764215] [rtabmap.rgbd_odometry]: Odom: quality=197, std dev=0.000327m|0.014170rad, update time=0.066117s delay=0.137736s[0m
[rgbd_odometry-1] [0m[INFO] [1776442976.371054677] [rtabmap.rgbd_odometry]: Odom: quality=188, std dev=0.000754m|0.024543rad, update time=0.058922s delay=0.129621s[0m
[rgbd_odometry-1] [0m[INFO] [1776442976.447121019] [rtabmap.rgbd_odometry]: Odom: quality=206, std dev=0.000254m|0.016542rad, update time=0.069927s delay=0.138985s[0m
[rgbd_odometry-1] [0m[INFO] [1776442976.573870148] [rtabmap.rgbd_odometry]: Odom: quality=207, std dev=0.000219m|0.013027rad, update time=0.059785s delay=0.132325s[0m
[rgbd_odometry-1] [0m[INFO] [1776442976.644472043] [rtabmap.rgbd_odometry]: Odom: quality=202, std dev=0.000774m|0.024831rad, update time=0.066748s delay=0.136225s[0m
[rtabmap-2] [33m[ WARN] (2026-04-18 01:22:56.746) Rtabmap.cpp:3069::process() Rejected loop closure 1 -> 429: Not enough inliers 0/20 (matches=31) between 1 and 429[0m
[rtabmap-2] [0m[INFO] [1776442976.750520026] [rtabmap.rtabmap]: rtabmap (429): Rate=0.50s, Limit=0.000s, Conversion=0.0032s, RTAB-Map=0.1702s, Maps update=0.0001s pub=0.0012s delay=0.3090s (local map=31, WM=31)[0m
[rgbd_odometry-1] [0m[INFO] [1776442976.770303289] [rtabmap.rgbd_odometry]: Odom: quality=201, std dev=0.000614m|0.026215rad, update time=0.060429s delay=0.128649s[0m
[rgbd_odometry-1] [0m[INFO] [1776442976.840302191] [rtabmap.rgbd_odometry]: Odom: quality=196, std dev=0.000277m|0.015492rad, update time=0.063630s delay=0.131944s[0m
[rgbd_odometry-1] [0m[INFO] [1776442976.913960494] [rtabmap.rgbd_odometry]: Odom: quality=183, std dev=0.001013m|0.030538rad, update time=0.070483s delay=0.138901s[0m
[rgbd_odometry-1] [0m[INFO] [1776442977.041113571] [rtabmap.rgbd_odometry]: Odom: quality=218, std dev=0.000478m|0.015492rad, update time=0.061565s delay=0.132645s[0m
[rgbd_odometry-1] [0m[INFO] [1776442977.106485458] [rtabmap.rgbd_odometry]: Odom: quality=200, std dev=0.000897m|0.019078rad, update time=0.059198s delay=0.131313s[0m
[rgbd_odometry-1] [0m[INFO] [1776442977.171737213] [rtabmap.rgbd_odometry]: Odom: quality=199, std dev=0.000471m|0.022688rad, update time=0.057943s delay=0.129859s[0m
[rgbd_odometry-1] [0m[INFO] [1776442977.239100870] [rtabmap.rgbd_odometry]: Odom: quality=210, std dev=0.000291m|0.011465rad, update time=0.059231s delay=0.130519s[0m
[rtabmap-2] [33m[ WARN] (2026-04-18 01:22:57.274) Rtabmap.cpp:3069::process() Rejected loop closure 1 -> 430: Not enough inliers 7/20 (matches=39) between 1 and 430[0m
[rtabmap-2] [0m[INFO] [1776442977.278567234] [rtabmap.rtabmap]: rtabmap (430): Rate=0.50s, Limit=0.000s, Conversion=0.0017s, RTAB-Map=0.1676s, Maps update=0.0001s pub=0.0012s delay=0.3034s (local map=31, WM=31)[0m
[rgbd_odometry-1] [0m[INFO] [1776442977.304031368] [rtabmap.rgbd_odometry]: Odom: quality=196, std dev=0.000940m|0.020880rad, update time=0.060646s delay=0.128743s[0m
[rgbd_odometry-1] [0m[INFO] [1776442977.370372434] [rtabmap.rgbd_odometry]: Odom: quality=203, std dev=0.000501m|0.016542rad, update time=0.060206s delay=0.128381s[0m
[rgbd_odometry-1] [0m[INFO] [1776442977.435152560] [rtabmap.rgbd_odometry]: Odom: quality=203, std dev=0.000252m|0.014651rad, update time=0.058308s delay=0.126458s[0m
[rgbd_odometry-1] [0m[INFO] [1776442977.500830183] [rtabmap.rgbd_odometry]: Odom: quality=206, std dev=0.000195m|0.011465rad, update time=0.056806s delay=0.125433s[0m
[rgbd_odometry-1] [0m[INFO] [1776442977.570708057] [rtabmap.rgbd_odometry]: Odom: quality=208, std dev=0.000251m|0.015492rad, update time=0.059452s delay=0.128607s[0m
[rgbd_odometry-1] [0m[INFO] [1776442977.638582065] [rtabmap.rgbd_odometry]: Odom: quality=206, std dev=0.000253m|0.013027rad, update time=0.058826s delay=0.129778s[0m
[rgbd_odometry-1] [0m[INFO] [1776442977.710564480] [rtabmap.rgbd_odometry]: Odom: quality=201, std dev=0.000829m|0.020040rad, update time=0.064428s delay=0.135056s[0m
[rtabmap-2] [33m[ WARN] (2026-04-18 01:22:57.800) Rtabmap.cpp:3069::process() Rejected loop closure 1 -> 431: Not enough inliers 7/20 (matches=42) between 1 and 431[0m
[rtabmap-2] [0m[INFO] [1776442977.805479082] [rtabmap.rtabmap]: rtabmap (431): Rate=0.50s, Limit=0.000s, Conversion=0.0021s, RTAB-Map=0.1618s, Maps update=0.0001s pub=0.0012s delay=0.2967s (local map=31, WM=31)[0m
[rgbd_odometry-1] [0m[INFO] [1776442977.835647544] [rtabmap.rgbd_odometry]: Odom: quality=211, std dev=0.000753m|0.026452rad, update time=0.058755s delay=0.126733s[0m
[rgbd_odometry-1] [0m[INFO] [1776442977.905598764] [rtabmap.rgbd_odometry]: Odom: quality=208, std dev=0.000895m|0.017423rad, update time=0.059792s delay=0.129981s[0m
[rgbd_odometry-1] [0m[INFO] [1776442977.970132771] [rtabmap.rgbd_odometry]: Odom: quality=230, std dev=0.000897m|0.019078rad, update time=0.059279s delay=0.127812s[0m
[rgbd_odometry-1] [0m[INFO] [1776442978.036990845] [rtabmap.rgbd_odometry]: Odom: quality=223, std dev=0.000396m|0.013634rad, update time=0.059696s delay=0.127964s[0m
[rgbd_odometry-1] [0m[INFO] [1776442978.105275712] [rtabmap.rgbd_odometry]: Odom: quality=227, std dev=0.000495m|0.017423rad, update time=0.059730s delay=0.129543s[0m
[rgbd_odometry-1] [0m[INFO] [1776442978.171977461] [rtabmap.rgbd_odometry]: Odom: quality=235, std dev=0.000471m|0.015865rad, update time=0.059391s delay=0.129540s[0m
[rgbd_odometry-1] [0m[INFO] [1776442978.247638128] [rtabmap.rgbd_odometry]: Odom: quality=225, std dev=0.000199m|0.012320rad, update time=0.065479s delay=0.138496s[0m
[rtabmap-2] [33m[ WARN] (2026-04-18 01:22:58.355) Rtabmap.cpp:3069::process() Rejected loop closure 1 -> 432: Not enough inliers 0/20 (matches=35) between 1 and 432[0m
[rtabmap-2] [0m[INFO] [1776442978.359050490] [rtabmap.rtabmap]: rtabmap (432): Rate=0.50s, Limit=0.000s, Conversion=0.0016s, RTAB-Map=0.1828s, Maps update=0.0001s pub=0.0011s delay=0.3166s (local map=31, WM=31)[0m
[rgbd_odometry-1] [0m[INFO] [1776442978.375459352] [rtabmap.rgbd_odometry]: Odom: quality=220, std dev=0.001674m|0.028149rad, update time=0.061186s delay=0.132905s[0m
[rgbd_odometry-1] [0m[INFO] [1776442978.445736246] [rtabmap.rgbd_odometry]: Odom: quality=227, std dev=0.000434m|0.016851rad, update time=0.065906s delay=0.136478s[0m
[rgbd_odometry-1] [0m[INFO] [1776442978.513168896] [rtabmap.rgbd_odometry]: Odom: quality=220, std dev=0.001008m|0.024543rad, update time=0.066716s delay=0.137207s[0m
[rgbd_odometry-1] [0m[INFO] [1776442978.641863938] [rtabmap.rgbd_odometry]: Odom: quality=245, std dev=0.000438m|0.017689rad, update time=0.063244s delay=0.132492s[0m
[rgbd_odometry-1] [0m[INFO] [1776442978.706139665] [rtabmap.rgbd_odometry]: Odom: quality=235, std dev=0.000302m|0.013027rad, update time=0.059701s delay=0.130064s[0m
[rgbd_odometry-1] [0m[INFO] [1776442978.771566049] [rtabmap.rgbd_odometry]: Odom: quality=212, std dev=0.000516m|0.019672rad, update time=0.060314s delay=0.128788s[0m
[rgbd_odometry-1] [0m[INFO] [1776442978.837522433] [rtabmap.rgbd_odometry]: Odom: quality=217, std dev=0.000320m|0.015089rad, update time=0.059580s delay=0.128039s[0m
[rtabmap-2] [33m[ WARN] (2026-04-18 01:22:58.895) Rtabmap.cpp:3069::process() Rejected loop closure 1 -> 433: Not enough inliers 0/20 (matches=36) between 1 and 433[0m
[rtabmap-2] [0m[INFO] [1776442978.899053280] [rtabmap.rtabmap]: rtabmap (433): Rate=0.50s, Limit=0.000s, Conversion=0.0026s, RTAB-Map=0.1866s, Maps update=0.0001s pub=0.0011s delay=0.3230s (local map=31, WM=31)[0m
[rgbd_odometry-1] [0m[INFO] [1776442978.905513884] [rtabmap.rgbd_odometry]: Odom: quality=216, std dev=0.000186m|0.012320rad, update time=0.061362s delay=0.129326s[0m
[rgbd_odometry-1] [0m[INFO] [1776442978.972145423] [rtabmap.rgbd_odometry]: Odom: quality=224, std dev=0.000177m|0.010360rad, update time=0.061047s delay=0.129254s[0m
[rgbd_odometry-1] [0m[INFO] [1776442979.038555292] [rtabmap.rgbd_odometry]: Odom: quality=227, std dev=0.000842m|0.019078rad, update time=0.060260s delay=0.128959s[0m
[rgbd_odometry-1] [0m[INFO] [1776442979.105435511] [rtabmap.rgbd_odometry]: Odom: quality=227, std dev=0.000336m|0.013634rad, update time=0.060479s delay=0.129134s[0m
[rgbd_odometry-1] [0m[INFO] [1776442979.179365343] [rtabmap.rgbd_odometry]: Odom: quality=243, std dev=0.001145m|0.019078rad, update time=0.068253s delay=0.136358s[0m
[rgbd_odometry-1] [0m[INFO] [1776442979.309243843] [rtabmap.rgbd_odometry]: Odom: quality=234, std dev=0.000203m|0.012320rad, update time=0.061401s delay=0.132828s[0m
[rgbd_odometry-1] [0m[INFO] [1776442979.374559728] [rtabmap.rgbd_odometry]: Odom: quality=222, std dev=0.000301m|0.017944rad, update time=0.062200s delay=0.131436s[0m
[rgbd_odometry-1] [0m[INFO] [1776442979.440465967] [rtabmap.rgbd_odometry]: Odom: quality=232, std dev=0.000258m|0.011465rad, update time=0.061533s delay=0.130640s[0m
[rtabmap-2] [33m[ WARN] (2026-04-18 01:22:59.491) Rtabmap.cpp:3069::process() Rejected loop closure 1 -> 434: Not enough inliers 0/20 (matches=30) between 1 and 434[0m
[rtabmap-2] [0m[INFO] [1776442979.496361865] [rtabmap.rtabmap]: rtabmap (434): Rate=0.50s, Limit=0.000s, Conversion=0.0026s, RTAB-Map=0.1801s, Maps update=0.0001s pub=0.0014s delay=0.3200s (local map=31, WM=31)[0m
[rgbd_odometry-1] [0m[INFO] [1776442979.508126400] [rtabmap.rgbd_odometry]: Odom: quality=228, std dev=0.000261m|0.012320rad, update time=0.062203s delay=0.131596s[0m
[rgbd_odometry-1] [0m[INFO] [1776442979.585053151] [rtabmap.rgbd_odometry]: Odom: quality=231, std dev=0.000270m|0.016851rad, update time=0.069296s delay=0.141819s[0m
[rgbd_odometry-1] [0m[INFO] [1776442979.704587158] [rtabmap.rgbd_odometry]: Odom: quality=237, std dev=0.000535m|0.018867rad, update time=0.059831s delay=0.127946s[0m
[rgbd_odometry-1] [0m[INFO] [1776442979.773544333] [rtabmap.rgbd_odometry]: Odom: quality=240, std dev=0.000430m|0.017944rad, update time=0.058321s delay=0.130199s[0m
[rgbd_odometry-1] [0m[INFO] [1776442979.840945335] [rtabmap.rgbd_odometry]: Odom: quality=230, std dev=0.000443m|0.014170rad, update time=0.059208s delay=0.130897s[0m
[rgbd_odometry-1] [0m[INFO] [1776442979.910419517] [rtabmap.rgbd_odometry]: Odom: quality=223, std dev=0.000739m|0.020388rad, update time=0.060233s delay=0.133667s[0m
[rgbd_odometry-1] [0m[INFO] [1776442979.968268113] [rtabmap.rgbd_odometry]: Odom: quality=209, std dev=0.000760m|0.020720rad, update time=0.054223s delay=0.124814s[0m
[rtabmap-2] [33m[ WARN] (2026-04-18 01:23:00.003) Rtabmap.cpp:3069::process() Rejected loop closure 1 -> 435: Not enough inliers 0/20 (matches=37) between 1 and 435[0m
[rtabmap-2] [0m[INFO] [1776442980.007796816] [rtabmap.rtabmap]: rtabmap (435): Rate=0.50s, Limit=0.000s, Conversion=0.0023s, RTAB-Map=0.1614s, Maps update=0.0001s pub=0.0012s delay=0.2978s (local map=31, WM=31)[0m
[rgbd_odometry-1] [0m[INFO] [1776442980.046098315] [rtabmap.rgbd_odometry]: Odom: quality=223, std dev=0.000166m|0.008712rad, update time=0.064761s delay=0.135939s[0m
[rgbd_odometry-1] [0m[INFO] [1776442980.173929235] [rtabmap.rgbd_odometry]: Odom: quality=228, std dev=0.000782m|0.020216rad, update time=0.061276s delay=0.130360s[0m
[rgbd_odometry-1] [0m[INFO] [1776442980.243706562] [rtabmap.rgbd_odometry]: Odom: quality=236, std dev=0.000262m|0.014651rad, update time=0.063798s delay=0.133434s[0m
[rgbd_odometry-1] [0m[INFO] [1776442980.305242338] [rtabmap.rgbd_odometry]: Odom: quality=224, std dev=0.000341m|0.014170rad, update time=0.058653s delay=0.128263s[0m
[rgbd_odometry-1] [0m[INFO] [1776442980.372323842] [rtabmap.rgbd_odometry]: Odom: quality=219, std dev=0.000187m|0.011465rad, update time=0.058721s delay=0.128642s[0m
[rgbd_odometry-1] [0m[INFO] [1776442980.444596762] [rtabmap.rgbd_odometry]: Odom: quality=231, std dev=0.000552m|0.015492rad, update time=0.062702s delay=0.134208s[0m
[rgbd_odometry-1] [0m[INFO] [1776442980.509793476] [rtabmap.rgbd_odometry]: Odom: quality=224, std dev=0.000280m|0.015492rad, update time=0.062470s delay=0.132701s[0m
[rtabmap-2] [33m[ WARN] (2026-04-18 01:23:00.528) Rtabmap.cpp:3069::process() Rejected loop closure 1 -> 436: Not enough inliers 8/20 (matches=37) between 1 and 436[0m
[rtabmap-2] [0m[INFO] [1776442980.533194317] [rtabmap.rtabmap]: rtabmap (436): Rate=0.50s, Limit=0.000s, Conversion=0.0022s, RTAB-Map=0.1556s, Maps update=0.0001s pub=0.0013s delay=0.2895s (local map=31, WM=31)[0m
[rgbd_odometry-1] [0m[INFO] [1776442980.574718725] [rtabmap.rgbd_odometry]: Odom: quality=216, std dev=0.000815m|0.026682rad, update time=0.061721s delay=0.130922s[0m
[rgbd_odometry-1] [0m[INFO] [1776442980.637725295] [rtabmap.rgbd_odometry]: Odom: quality=205, std dev=0.001225m|0.028590rad, update time=0.057946s delay=0.127227s[0m
[rgbd_odometry-1] [0m[INFO] [1776442980.706230905] [rtabmap.rgbd_odometry]: Odom: quality=226, std dev=0.000320m|0.015089rad, update time=0.060365s delay=0.129029s[0m
[rgbd_odometry-1] [0m[INFO] [1776442980.774108241] [rtabmap.rgbd_odometry]: Odom: quality=215, std dev=0.000258m|0.012320rad, update time=0.060158s delay=0.130203s[0m
[rgbd_odometry-1] [0m[INFO] [1776442980.837739213] [rtabmap.rgbd_odometry]: Odom: quality=199, std dev=0.000439m|0.015492rad, update time=0.054921s delay=0.127130s[0m
[rgbd_odometry-1] [0m[INFO] [1776442980.906579617] [rtabmap.rgbd_odometry]: Odom: quality=222, std dev=0.000443m|0.019672rad, update time=0.058592s delay=0.129268s[0m
[rgbd_odometry-1] [0m[INFO] [1776442980.979893367] [rtabmap.rgbd_odometry]: Odom: quality=208, std dev=0.000553m|0.018423rad, update time=0.061585s delay=0.135879s[0m
[rgbd_odometry-1] [0m[INFO] [1776442981.040401432] [rtabmap.rgbd_odometry]: Odom: quality=195, std dev=0.000332m|0.018867rad, update time=0.058020s delay=0.129683s[0m
[rtabmap-2] [33m[ WARN] (2026-04-18 01:23:01.077) Rtabmap.cpp:3069::process() Rejected loop closure 1 -> 437: Not enough inliers 6/20 (matches=32) between 1 and 437[0m
[rtabmap-2] [0m[INFO] [1776442981.081339616] [rtabmap.rtabmap]: rtabmap (437): Rate=0.50s, Limit=0.000s, Conversion=0.0025s, RTAB-Map=0.1688s, Maps update=0.0001s pub=0.0012s delay=0.3040s (local map=31, WM=31)[0m
[rgbd_odometry-1] [0m[INFO] [1776442981.105853258] [rtabmap.rgbd_odometry]: Odom: quality=191, std dev=0.000317m|0.017423rad, update time=0.058675s delay=0.128429s[0m
[rgbd_odometry-1] [0m[INFO] [1776442981.178520493] [rtabmap.rgbd_odometry]: Odom: quality=215, std dev=0.000410m|0.021189rad, update time=0.065052s delay=0.134387s[0m
[rgbd_odometry-1] [0m[INFO] [1776442981.247663753] [rtabmap.rgbd_odometry]: Odom: quality=202, std dev=0.000269m|0.013634rad, update time=0.061724s delay=0.136828s[0m
[rgbd_odometry-1] [0m[INFO] [1776442981.319975298] [rtabmap.rgbd_odometry]: Odom: quality=212, std dev=0.000240m|0.014170rad, update time=0.068621s delay=0.142436s[0m
[rgbd_odometry-1] [0m[INFO] [1776442981.443430828] [rtabmap.rgbd_odometry]: Odom: quality=205, std dev=0.000239m|0.013634rad, update time=0.059127s delay=0.132481s[0m
[rgbd_odometry-1] [0m[INFO] [1776442981.505831908] [rtabmap.rgbd_odometry]: Odom: quality=190, std dev=0.001680m|0.027269rad, update time=0.058728s delay=0.128177s[0m
[rgbd_odometry-1] [0m[INFO] [1776442981.572974663] [rtabmap.rgbd_odometry]: Odom: quality=204, std dev=0.000197m|0.010360rad, update time=0.059854s delay=0.128615s[0m
[rtabmap-2] [33m[ WARN] (2026-04-18 01:23:01.611) Rtabmap.cpp:3069::process() Rejected loop closure 1 -> 438: Not enough inliers 0/20 (matches=27) between 1 and 438[0m
[rtabmap-2] [0m[INFO] [1776442981.615538238] [rtabmap.rtabmap]: rtabmap (438): Rate=0.50s, Limit=0.000s, Conversion=0.0029s, RTAB-Map=0.1656s, Maps update=0.0001s pub=0.0012s delay=0.3046s (local map=31, WM=31)[0m
[rgbd_odometry-1] [0m[INFO] [1776442981.641858300] [rtabmap.rgbd_odometry]: Odom: quality=196, std dev=0.000257m|0.014651rad, update time=0.062049s delay=0.130796s[0m
[rgbd_odometry-1] [0m[INFO] [1776442981.717934690] [rtabmap.rgbd_odometry]: Odom: quality=195, std dev=0.000408m|0.016542rad, update time=0.071272s delay=0.140169s[0m
[rgbd_odometry-1] [0m[INFO] [1776442981.837283732] [rtabmap.rgbd_odometry]: Odom: quality=210, std dev=0.000540m|0.021339rad, update time=0.056844s delay=0.126110s[0m
[rgbd_odometry-1] [0m[INFO] [1776442981.912365118] [rtabmap.rgbd_odometry]: Odom: quality=211, std dev=0.000213m|0.012320rad, update time=0.065364s delay=0.134488s[0m
[rgbd_odometry-1] [0m[INFO] [1776442981.981005292] [rtabmap.rgbd_odometry]: Odom: quality=213, std dev=0.000408m|0.015089rad, update time=0.066349s delay=0.136427s[0m
[rgbd_odometry-1] [0m[INFO] [1776442982.109526633] [rtabmap.rgbd_odometry]: Odom: quality=205, std dev=0.000386m|0.017944rad, update time=0.059283s delay=0.131535s[0m
[rtabmap-2] [33m[ WARN] (2026-04-18 01:23:02.168) Rtabmap.cpp:3069::process() Rejected loop closure 1 -> 439: Not enough inliers 8/20 (matches=37) between 1 and 439[0m
[rgbd_odometry-1] [0m[INFO] [1776442982.173311402] [rtabmap.rgbd_odometry]: Odom: quality=201, std dev=0.000721m|0.025722rad, update time=0.058401s delay=0.128617s[0m
[rtabmap-2] [0m[INFO] [1776442982.173280617] [rtabmap.rtabmap]: rtabmap (439): Rate=0.50s, Limit=0.000s, Conversion=0.0032s, RTAB-Map=0.1860s, Maps update=0.0001s pub=0.0013s delay=0.3287s (local map=31, WM=31)[0m
[rgbd_odometry-1] [0m[INFO] [1776442982.238877726] [rtabmap.rgbd_odometry]: Odom: quality=195, std dev=0.000779m|0.020216rad, update time=0.058340s delay=0.127476s[0m
[rgbd_odometry-1] [0m[INFO] [1776442982.310387232] [rtabmap.rgbd_odometry]: Odom: quality=190, std dev=0.001234m|0.023831rad, update time=0.057872s delay=0.132282s[0m
[rgbd_odometry-1] [0m[INFO] [1776442982.373114274] [rtabmap.rgbd_odometry]: Odom: quality=198, std dev=0.000941m|0.022178rad, update time=0.057932s delay=0.128303s[0m
[rgbd_odometry-1] [0m[INFO] [1776442982.441270242] [rtabmap.rgbd_odometry]: Odom: quality=208, std dev=0.000256m|0.012320rad, update time=0.059614s delay=0.129757s[0m
[rgbd_odometry-1] [0m[INFO] [1776442982.510170167] [rtabmap.rgbd_odometry]: Odom: quality=219, std dev=0.000511m|0.016542rad, update time=0.060892s delay=0.131951s[0m
[rgbd_odometry-1] [0m[INFO] [1776442982.574716782] [rtabmap.rgbd_odometry]: Odom: quality=188, std dev=0.000278m|0.014170rad, update time=0.059521s delay=0.129795s[0m
[rgbd_odometry-1] [0m[INFO] [1776442982.640209729] [rtabmap.rgbd_odometry]: Odom: quality=191, std dev=0.000398m|0.021909rad, update time=0.059482s delay=0.128585s[0m
[rtabmap-2] [33m[ WARN] (2026-04-18 01:23:02.692) Rtabmap.cpp:3069::process() Rejected loop closure 1 -> 440: Not enough inliers 6/20 (matches=38) between 1 and 440[0m
[rtabmap-2] [0m[INFO] [1776442982.696555433] [rtabmap.rtabmap]: rtabmap (440): Rate=0.50s, Limit=0.000s, Conversion=0.0019s, RTAB-Map=0.1818s, Maps update=0.0001s pub=0.0012s delay=0.3183s (local map=31, WM=31)[0m
[rgbd_odometry-1] [0m[INFO] [1776442982.706974520] [rtabmap.rgbd_odometry]: Odom: quality=183, std dev=0.000603m|0.020216rad, update time=0.058722s delay=0.128644s[0m
[rgbd_odometry-1] [0m[INFO] [1776442982.777823719] [rtabmap.rgbd_odometry]: Odom: quality=197, std dev=0.000293m|0.013027rad, update time=0.064020s delay=0.132785s[0m
[rgbd_odometry-1] [0m[INFO] [1776442982.847530196] [rtabmap.rgbd_odometry]: Odom: quality=202, std dev=0.000227m|0.010360rad, update time=0.060504s delay=0.135794s[0m
[rgbd_odometry-1] [0m[INFO] [1776442982.919496290] [rtabmap.rgbd_odometry]: Odom: quality=205, std dev=0.000408m|0.018188rad, update time=0.067307s delay=0.141057s[0m
[rgbd_odometry-1] [0m[INFO] [1776442983.044397334] [rtabmap.rgbd_odometry]: Odom: quality=202, std dev=0.000313m|0.011465rad, update time=0.059046s delay=0.132549s[0m
[rgbd_odometry-1] [0m[INFO] [1776442983.114940092] [rtabmap.rgbd_odometry]: Odom: quality=199, std dev=0.000392m|0.020388rad, update time=0.061587s delay=0.136386s[0m
[rgbd_odometry-1] [0m[INFO] [1776442983.179047814] [rtabmap.rgbd_odometry]: Odom: quality=209, std dev=0.000394m|0.015492rad, update time=0.059831s delay=0.133790s[0m
[rtabmap-2] [33m[ WARN] (2026-04-18 01:23:03.204) Rtabmap.cpp:3069::process() Rejected loop closure 1 -> 441: Not enough inliers 0/20 (matches=33) between 1 and 441[0m
[rtabmap-2] [0m[INFO] [1776442983.208874538] [rtabmap.rtabmap]: rtabmap (441): Rate=0.50s, Limit=0.000s, Conversion=0.0029s, RTAB-Map=0.1583s, Maps update=0.0001s pub=0.0013s delay=0.2970s (local map=31, WM=31)[0m
[rgbd_odometry-1] [0m[INFO] [1776442983.242885320] [rtabmap.rgbd_odometry]: Odom: quality=203, std dev=0.000407m|0.021486rad, update time=0.060783s delay=0.130924s[0m
[rgbd_odometry-1] [0m[INFO] [1776442983.310999207] [rtabmap.rgbd_odometry]: Odom: quality=211, std dev=0.000661m|0.017944rad, update time=0.061505s delay=0.132331s[0m
[rgbd_odometry-1] [0m[INFO] [1776442983.385051987] [rtabmap.rgbd_odometry]: Odom: quality=201, std dev=0.000300m|0.016214rad, update time=0.065840s delay=0.139680s[0m
[rgbd_odometry-1] [0m[INFO] [1776442983.508393625] [rtabmap.rgbd_odometry]: Odom: quality=205, std dev=0.000320m|0.012320rad, update time=0.058873s delay=0.129613s[0m
[rgbd_odometry-1] [0m[INFO] [1776442983.575367095] [rtabmap.rgbd_odometry]: Odom: quality=201, std dev=0.000534m|0.021486rad, update time=0.060253s delay=0.129882s[0m
[rgbd_odometry-1] [0m[INFO] [1776442983.641794852] [rtabmap.rgbd_odometry]: Odom: quality=196, std dev=0.000345m|0.014651rad, update time=0.060187s delay=0.129606s[0m
[rgbd_odometry-1] [0m[INFO] [1776442983.710189099] [rtabmap.rgbd_odometry]: Odom: quality=213, std dev=0.000164m|0.011465rad, update time=0.060332s delay=0.131296s[0m
[rgbd_odometry-1] [0m[INFO] [1776442983.774725570] [rtabmap.rgbd_odometry]: Odom: quality=193, std dev=0.000459m|0.018649rad, update time=0.060431s delay=0.129130s[0m
[rtabmap-2] [33m[ WARN] (2026-04-18 01:23:03.775) Rtabmap.cpp:3069::process() Rejected loop closure 1 -> 442: Not enough inliers 0/20 (matches=28) between 1 and 442[0m
[rtabmap-2] [0m[INFO] [1776442983.783163384] [rtabmap.rtabmap]: rtabmap (442): Rate=0.50s, Limit=0.000s, Conversion=0.0025s, RTAB-Map=0.1977s, Maps update=0.0001s pub=0.0042s delay=0.3377s (local map=31, WM=31)[0m
[rgbd_odometry-1] [0m[INFO] [1776442983.846012477] [rtabmap.rgbd_odometry]: Odom: quality=190, std dev=0.000947m|0.031080rad, update time=0.063865s delay=0.133714s[0m
[rgbd_odometry-1] [0m[INFO] [1776442983.910705880] [rtabmap.rgbd_odometry]: Odom: quality=191, std dev=0.001225m|0.026452rad, update time=0.062156s delay=0.131704s[0m
[rgbd_odometry-1] [0m[INFO] [1776442983.971872077] [rtabmap.rgbd_odometry]: Odom: quality=187, std dev=0.000841m|0.019480rad, update time=0.056983s delay=0.126167s[0m
[rgbd_odometry-1] [0m[INFO] [1776442984.041102700] [rtabmap.rgbd_odometry]: Odom: quality=193, std dev=0.000401m|0.015865rad, update time=0.059349s delay=0.128694s[0m
[rgbd_odometry-1] [0m[INFO] [1776442984.113397573] [rtabmap.rgbd_odometry]: Odom: quality=199, std dev=0.000516m|0.018649rad, update time=0.064578s delay=0.134284s[0m
[rgbd_odometry-1] [0m[INFO] [1776442984.185629115] [rtabmap.rgbd_odometry]: Odom: quality=194, std dev=0.001218m|0.024831rad, update time=0.068282s delay=0.139811s[0m
[rtabmap-2] [33m[ WARN] (2026-04-18 01:23:04.291) Rtabmap.cpp:3069::process() Rejected loop closure 1 -> 443: Not enough inliers 0/20 (matches=42) between 1 and 443[0m
[rtabmap-2] [0m[INFO] [1776442984.295802179] [rtabmap.rtabmap]: rtabmap (443): Rate=0.50s, Limit=0.000s, Conversion=0.0017s, RTAB-Map=0.1776s, Maps update=0.0001s pub=0.0012s delay=0.3167s (local map=31, WM=31)[0m
[rgbd_odometry-1] [0m[INFO] [1776442984.309416943] [rtabmap.rgbd_odometry]: Odom: quality=203, std dev=0.000268m|0.014170rad, update time=0.060540s delay=0.130189s[0m
[rgbd_odometry-1] [0m[INFO] [1776442984.375200426] [rtabmap.rgbd_odometry]: Odom: quality=193, std dev=0.000246m|0.014170rad, update time=0.060072s delay=0.129269s[0m
[rgbd_odometry-1] [0m[INFO] [1776442984.440582329] [rtabmap.rgbd_odometry]: Odom: quality=196, std dev=0.000523m|0.018423rad, update time=0.058672s delay=0.127947s[0m
[rgbd_odometry-1] [0m[INFO] [1776442984.506538905] [rtabmap.rgbd_odometry]: Odom: quality=202, std dev=0.000663m|0.019672rad, update time=0.058347s delay=0.127198s[0m
[rgbd_odometry-1] [0m[INFO] [1776442984.574562902] [rtabmap.rgbd_odometry]: Odom: quality=198, std dev=0.000436m|0.015089rad, update time=0.059389s delay=0.128519s[0m
[rgbd_odometry-1] [0m[INFO] [1776442984.642216455] [rtabmap.rgbd_odometry]: Odom: quality=184, std dev=0.000989m|0.020388rad, update time=0.060310s delay=0.129469s[0m
[rgbd_odometry-1] [0m[INFO] [1776442984.715894568] [rtabmap.rgbd_odometry]: Odom: quality=195, std dev=0.000754m|0.020880rad, update time=0.067075s delay=0.136441s[0m
[rtabmap-2] [33m[ WARN] (2026-04-18 01:23:04.791) Rtabmap.cpp:3069::process() Rejected loop closure 1 -> 444: Not enough inliers 6/20 (matches=34) between 1 and 444[0m
[rtabmap-2] [0m[INFO] [1776442984.795033672] [rtabmap.rtabmap]: rtabmap (444): Rate=0.50s, Limit=0.000s, Conversion=0.0021s, RTAB-Map=0.1482s, Maps update=0.0001s pub=0.0012s delay=0.2823s (local map=31, WM=31)[0m
[rgbd_odometry-1] [0m[INFO] [1776442984.845772429] [rtabmap.rgbd_odometry]: Odom: quality=197, std dev=0.001200m|0.022044rad, update time=0.060390s delay=0.132909s[0m
[rgbd_odometry-1] [0m[INFO] [1776442984.910257090] [rtabmap.rgbd_odometry]: Odom: quality=195, std dev=0.000637m|0.017944rad, update time=0.060346s delay=0.130696s[0m
[rgbd_odometry-1] [0m[INFO] [1776442984.976751730] [rtabmap.rgbd_odometry]: Odom: quality=190, std dev=0.000581m|0.017944rad, update time=0.060518s delay=0.130487s[0m
[rgbd_odometry-1] [0m[INFO] [1776442985.041280968] [rtabmap.rgbd_odometry]: Odom: quality=202, std dev=0.001027m|0.024446rad, update time=0.058661s delay=0.128312s[0m
[rgbd_odometry-1] [0m[INFO] [1776442985.110158429] [rtabmap.rgbd_odometry]: Odom: quality=198, std dev=0.000453m|0.019480rad, update time=0.061429s delay=0.130483s[0m
[rgbd_odometry-1] [0m[INFO] [1776442985.176473928] [rtabmap.rgbd_odometry]: Odom: quality=211, std dev=0.000439m|0.014170rad, update time=0.060464s delay=0.130095s[0m
[rgbd_odometry-1] [0m[INFO] [1776442985.242854100] [rtabmap.rgbd_odometry]: Odom: quality=209, std dev=0.000258m|0.011465rad, update time=0.060442s delay=0.129771s[0m
[rgbd_odometry-1] [0m[INFO] [1776442985.318604497] [rtabmap.rgbd_odometry]: Odom: quality=198, std dev=0.000530m|0.017944rad, update time=0.068880s delay=0.138815s[0m
[rtabmap-2] [33m[ WARN] (2026-04-18 01:23:05.342) Rtabmap.cpp:3069::process() Rejected loop closure 1 -> 445: Not enough inliers 0/20 (matches=32) between 1 and 445[0m
[rtabmap-2] [0m[INFO] [1776442985.346982443] [rtabmap.rtabmap]: rtabmap (445): Rate=0.50s, Limit=0.000s, Conversion=0.0018s, RTAB-Map=0.1654s, Maps update=0.0001s pub=0.0012s delay=0.3006s (local map=31, WM=31)[0m
[rgbd_odometry-1] [0m[INFO] [1776442985.443477061] [rtabmap.rgbd_odometry]: Odom: quality=205, std dev=0.000347m|0.016214rad, update time=0.058169s delay=0.130279s[0m
[rgbd_odometry-1] [0m[INFO] [1776442985.510927088] [rtabmap.rgbd_odometry]: Odom: quality=186, std dev=0.000453m|0.020388rad, update time=0.060986s delay=0.131024s[0m
[rgbd_odometry-1] [0m[INFO] [1776442985.575961909] [rtabmap.rgbd_odometry]: Odom: quality=191, std dev=0.000295m|0.017689rad, update time=0.059002s delay=0.129355s[0m
[rgbd_odometry-1] [0m[INFO] [1776442985.644133334] [rtabmap.rgbd_odometry]: Odom: quality=205, std dev=0.000626m|0.017144rad, update time=0.058919s delay=0.130824s[0m
[rgbd_odometry-1] [0m[INFO] [1776442985.713423223] [rtabmap.rgbd_odometry]: Odom: quality=196, std dev=0.000851m|0.018649rad, update time=0.060960s delay=0.133411s[0m
[rgbd_odometry-1] [0m[INFO] [1776442985.793523571] [rtabmap.rgbd_odometry]: Odom: quality=194, std dev=0.001280m|0.022044rad, update time=0.071675s delay=0.146805s[0m
[rtabmap-2] [33m[ WARN] (2026-04-18 01:23:05.885) Rtabmap.cpp:3069::process() Rejected loop closure 1 -> 446: Not enough inliers 0/20 (matches=40) between 1 and 446[0m
[rtabmap-2] [0m[INFO] [1776442985.889878888] [rtabmap.rtabmap]: rtabmap (446): Rate=0.50s, Limit=0.000s, Conversion=0.0036s, RTAB-Map=0.1695s, Maps update=0.0001s pub=0.0012s delay=0.3099s (local map=31, WM=31)[0m
[rgbd_odometry-1] [0m[INFO] [1776442985.907511529] [rtabmap.rgbd_odometry]: Odom: quality=201, std dev=0.000453m|0.021909rad, update time=0.057564s delay=0.127386s[0m
[rgbd_odometry-1] [0m[INFO] [1776442985.995812980] [rtabmap.rgbd_odometry]: Odom: quality=196, std dev=0.000843m|0.020880rad, update time=0.072297s delay=0.148987s[0m
[rtabmap_viz-3] [0m[INFO] [1776442986.035879074] [rtabmap.rtabmap_viz]: rtabmap_viz stopping spinner...[0m
[rtabmap_viz-3] [0m[INFO] [1776442986.038347274] [rtabmap.rtabmap_viz]: rtabmap_viz: All done! Closing...[0m
[rgbd_odometry-1] [0m[INFO] [1776442986.134369429] [rtabmap.rgbd_odometry]: Odom: quality=192, std dev=0.000282m|0.013027rad, update time=0.081730s delay=0.154129s[0m
[rgbd_odometry-1] [0m[INFO] [1776442986.258077127] [rtabmap.rgbd_odometry]: Odom: quality=212, std dev=0.000281m|0.012320rad, update time=0.073108s delay=0.144425s[0m
[rgbd_odometry-1] [0m[INFO] [1776442986.393886553] [rtabmap.rgbd_odometry]: Odom: quality=50, std dev=0.003636m|0.028773rad, update time=0.076008s delay=0.146831s[0m
[rtabmap-2] [33m[ WARN] (2026-04-18 01:23:06.414) Rtabmap.cpp:3069::process() Rejected loop closure 1 -> 447: Not enough inliers 7/20 (matches=29) between 1 and 447[0m
[rtabmap-2] [0m[INFO] [1776442986.416962776] [rtabmap.rtabmap]: rtabmap (447): Rate=0.50s, Limit=0.000s, Conversion=0.0017s, RTAB-Map=0.1598s, Maps update=0.0001s pub=0.0000s delay=0.3033s (local map=31, WM=31)[0m
[rgbd_odometry-1] [0m[INFO] [1776442986.513659351] [rtabmap.rgbd_odometry]: Odom: quality=181, std dev=0.000159m|0.010360rad, update time=0.063823s delay=0.133193s[0m
[INFO] [rtabmap_viz-3]: process has finished cleanly [pid 50177]
[rgbd_odometry-1] [0m[INFO] [1776442986.581827640] [rtabmap.rgbd_odometry]: Odom: quality=175, std dev=0.000496m|0.016542rad, update time=0.063215s delay=0.134659s[0m
[rgbd_odometry-1] [0m[INFO] [1776442986.651485060] [rtabmap.rgbd_odometry]: Odom: quality=167, std dev=0.000266m|0.015089rad, update time=0.064685s delay=0.137614s[0m
[rgbd_odometry-1] [0m[INFO] [1776442986.711731262] [rtabmap.rgbd_odometry]: Odom: quality=157, std dev=0.000308m|0.014651rad, update time=0.057516s delay=0.131156s[0m
[rgbd_odometry-1] [0m[INFO] [1776442986.778211981] [rtabmap.rgbd_odometry]: Odom: quality=172, std dev=0.000210m|0.010360rad, update time=0.056924s delay=0.130934s[0m
[rgbd_odometry-1] [0m[INFO] [1776442986.844097643] [rtabmap.rgbd_odometry]: Odom: quality=152, std dev=0.000419m|0.017423rad, update time=0.059825s delay=0.130116s[0m
[rgbd_odometry-1] [0m[INFO] [1776442986.908272343] [rtabmap.rgbd_odometry]: Odom: quality=171, std dev=0.000250m|0.012320rad, update time=0.057237s delay=0.127587s[0m
[rtabmap-2] [33m[ WARN] (2026-04-18 01:23:06.975) Rtabmap.cpp:3069::process() Rejected loop closure 1 -> 448: Not enough inliers 14/20 (matches=54) between 1 and 448[0m
[rtabmap-2] [0m[INFO] [1776442986.977708765] [rtabmap.rtabmap]: rtabmap (448): Rate=0.50s, Limit=0.000s, Conversion=0.0016s, RTAB-Map=0.1958s, Maps update=0.0001s pub=0.0000s delay=0.3304s (local map=31, WM=31)[0m
[rgbd_odometry-1] [0m[INFO] [1776442986.979193736] [rtabmap.rgbd_odometry]: Odom: quality=145, std dev=0.000425m|0.018188rad, update time=0.061799s delay=0.131805s[0m
[rgbd_odometry-1] [0m[INFO] [1776442987.043222288] [rtabmap.rgbd_odometry]: Odom: quality=216, std dev=0.000585m|0.023281rad, update time=0.059717s delay=0.129130s[0m
[rgbd_odometry-1] [0m[INFO] [1776442987.113445421] [rtabmap.rgbd_odometry]: Odom: quality=209, std dev=0.000126m|0.000173rad, update time=0.063261s delay=0.132646s[0m
[rgbd_odometry-1] [0m[INFO] [1776442987.178175241] [rtabmap.rgbd_odometry]: Odom: quality=211, std dev=0.000241m|0.000173rad, update time=0.060943s delay=0.130673s[0m
[rgbd_odometry-1] [0m[INFO] [1776442987.241545022] [rtabmap.rgbd_odometry]: Odom: quality=192, std dev=0.000885m|0.015492rad, update time=0.057708s delay=0.127338s[0m
[rgbd_odometry-1] [0m[INFO] [1776442987.308585470] [rtabmap.rgbd_odometry]: Odom: quality=190, std dev=0.000826m|0.020216rad, update time=0.058209s delay=0.127674s[0m
[rgbd_odometry-1] [0m[INFO] [1776442987.378746648] [rtabmap.rgbd_odometry]: Odom: quality=203, std dev=0.001394m|0.020388rad, update time=0.061259s delay=0.131128s[0m
[rgbd_odometry-1] [0m[INFO] [1776442987.446113537] [rtabmap.rgbd_odometry]: Odom: quality=209, std dev=0.000219m|0.010360rad, update time=0.061909s delay=0.131791s[0m
[rtabmap-2] [33m[ WARN] (2026-04-18 01:23:07.458) Rtabmap.cpp:3069::process() Rejected loop closure 1 -> 449: Not enough inliers 8/20 (matches=49) between 1 and 449[0m
[rtabmap-2] [0m[INFO] [1776442987.460939697] [rtabmap.rtabmap]: rtabmap (449): Rate=0.50s, Limit=0.000s, Conversion=0.0025s, RTAB-Map=0.1476s, Maps update=0.0001s pub=0.0000s delay=0.2800s (local map=31, WM=31)[0m
[rgbd_odometry-1] [0m[INFO] [1776442987.508694399] [rtabmap.rgbd_odometry]: Odom: quality=204, std dev=0.000105m|0.000173rad, update time=0.058457s delay=0.127671s[0m
[rgbd_odometry-1] [0m[INFO] [1776442987.574738434] [rtabmap.rgbd_odometry]: Odom: quality=203, std dev=0.000719m|0.020040rad, update time=0.057748s delay=0.127010s[0m
[rgbd_odometry-1] [0m[INFO] [1776442987.644151335] [rtabmap.rgbd_odometry]: Odom: quality=211, std dev=0.000438m|0.019858rad, update time=0.060340s delay=0.129715s[0m
[rgbd_odometry-1] [0m[INFO] [1776442987.708198832] [rtabmap.rgbd_odometry]: Odom: quality=207, std dev=0.000618m|0.017689rad, update time=0.057626s delay=0.127062s[0m
[rgbd_odometry-1] [0m[INFO] [1776442987.777226153] [rtabmap.rgbd_odometry]: Odom: quality=191, std dev=0.000254m|0.013634rad, update time=0.060225s delay=0.129386s[0m
[rgbd_odometry-1] [0m[INFO] [1776442987.842843839] [rtabmap.rgbd_odometry]: Odom: quality=196, std dev=0.000178m|0.008712rad, update time=0.058476s delay=0.128302s[0m
[rgbd_odometry-1] [0m[INFO] [1776442987.910645269] [rtabmap.rgbd_odometry]: Odom: quality=201, std dev=0.000171m|0.010360rad, update time=0.060020s delay=0.129399s[0m
[rgbd_odometry-1] [0m[INFO] [1776442987.979545611] [rtabmap.rgbd_odometry]: Odom: quality=208, std dev=0.001241m|0.018188rad, update time=0.062120s delay=0.131595s[0m
[rtabmap-2] [33m[ WARN] (2026-04-18 01:23:08.017) Rtabmap.cpp:3069::process() Rejected loop closure 1 -> 450: Not enough inliers 7/20 (matches=54) between 1 and 450[0m
[rtabmap-2] [0m[INFO] [1776442988.019707068] [rtabmap.rtabmap]: rtabmap (450): Rate=0.50s, Limit=0.000s, Conversion=0.0028s, RTAB-Map=0.1719s, Maps update=0.0001s pub=0.0000s delay=0.3052s (local map=31, WM=31)[0m
[rgbd_odometry-1] [0m[INFO] [1776442988.043108678] [rtabmap.rgbd_odometry]: Odom: quality=204, std dev=0.000422m|0.022810rad, update time=0.057403s delay=0.128453s[0m
[rgbd_odometry-1] [0m[INFO] [1776442988.110667893] [rtabmap.rgbd_odometry]: Odom: quality=205, std dev=0.000279m|0.008712rad, update time=0.059010s delay=0.129308s[0m
[rgbd_odometry-1] [0m[INFO] [1776442988.178633647] [rtabmap.rgbd_odometry]: Odom: quality=189, std dev=0.000171m|0.000173rad, update time=0.060579s delay=0.130569s[0m
[rgbd_odometry-1] [0m[INFO] [1776442988.242402672] [rtabmap.rgbd_odometry]: Odom: quality=184, std dev=0.000790m|0.030739rad, update time=0.058298s delay=0.127633s[0m
[rgbd_odometry-1] [0m[INFO] [1776442988.312246593] [rtabmap.rgbd_odometry]: Odom: quality=169, std dev=0.000100m|0.008712rad, update time=0.061254s delay=0.130772s[0m
[rgbd_odometry-1] [0m[INFO] [1776442988.380658089] [rtabmap.rgbd_odometry]: Odom: quality=198, std dev=0.000175m|0.013634rad, update time=0.062406s delay=0.132476s[0m
[rgbd_odometry-1] [0m[INFO] [1776442988.447561285] [rtabmap.rgbd_odometry]: Odom: quality=200, std dev=0.000528m|0.015865rad, update time=0.063040s delay=0.132676s[0m
[rgbd_odometry-1] [0m[INFO] [1776442988.512359171] [rtabmap.rgbd_odometry]: Odom: quality=191, std dev=0.000286m|0.010360rad, update time=0.061304s delay=0.130772s[0m
[rgbd_odometry-1] [0m[INFO] [1776442988.577557646] [rtabmap.rgbd_odometry]: Odom: quality=192, std dev=0.000250m|0.008712rad, update time=0.059829s delay=0.129266s[0m
[rtabmap-2] [33m[ WARN] (2026-04-18 01:23:08.585) Rtabmap.cpp:3069::process() Rejected loop closure 1 -> 451: Not enough inliers 14/20 (matches=47) between 1 and 451[0m
[rtabmap-2] [0m[INFO] [1776442988.587945660] [rtabmap.rtabmap]: rtabmap (451): Rate=0.50s, Limit=0.000s, Conversion=0.0018s, RTAB-Map=0.2039s, Maps update=0.0001s pub=0.0000s delay=0.3398s (local map=31, WM=31)[0m
[rgbd_odometry-1] [0m[INFO] [1776442988.643349929] [rtabmap.rgbd_odometry]: Odom: quality=192, std dev=0.000157m|0.013027rad, update time=0.058937s delay=0.128354s[0m
[rgbd_odometry-1] [0m[INFO] [1776442988.710268357] [rtabmap.rgbd_odometry]: Odom: quality=194, std dev=0.000117m|0.008712rad, update time=0.059036s delay=0.128571s[0m
